shape,tree_count,gpus,bandwidth_gbps_assumed,seed,policy,p50_s,p95_s,p99_s,transferred_kv_gb,recomputed_prefix_tokens
balanced,4,4,5.0,0,local-only,32.176413333333336,34.55812,34.55812,0.0,0
balanced,4,4,5.0,0,least-loaded,26.740013333333337,32.31248000000001,32.31248000000001,177.52490234375,10648
balanced,4,4,5.0,0,KV-cost,26.740013333333337,32.31248000000001,32.31248000000001,177.52490234375,10648
balanced,4,4,5.0,0,tree-aware-oracle,31.79581333333333,32.207546666666666,32.207546666666666,22.44091796875,0
balanced,4,4,5.0,1,local-only,32.99258666666667,36.52849333333334,36.52849333333334,0.0,0
balanced,4,4,5.0,1,least-loaded,26.86182666666667,34.34524854166667,34.34524854166667,209.8486328125,0
balanced,4,4,5.0,1,KV-cost,26.86182666666667,34.34524854166667,34.34524854166667,209.8486328125,0
balanced,4,4,5.0,1,tree-aware-oracle,33.70222666666667,34.12849333333334,34.12849333333334,13.3603515625,0
balanced,4,4,5.0,2,local-only,31.022173333333335,41.39976000000001,41.39976000000001,0.0,0
balanced,4,4,5.0,2,least-loaded,28.216426666666663,33.869373333333336,33.869373333333336,157.55908203125,10098
balanced,4,4,5.0,2,KV-cost,28.216426666666663,33.869373333333336,33.869373333333336,157.55908203125,10098
balanced,4,4,5.0,2,tree-aware-oracle,33.18377333333333,33.634080000000004,33.634080000000004,14.91357421875,0
balanced,4,4,5.0,3,local-only,33.64321333333334,34.45413333333333,34.45413333333333,0.0,0
balanced,4,4,5.0,3,least-loaded,25.444866666666673,34.405480000000004,34.405480000000004,168.61376953125,2390
balanced,4,4,5.0,3,KV-cost,25.444866666666673,34.405480000000004,34.405480000000004,168.61376953125,2390
balanced,4,4,5.0,3,tree-aware-oracle,33.593213333333345,33.97697333333333,33.97697333333333,7.69970703125,0
balanced,4,4,5.0,4,local-only,32.00577333333332,34.190160000000006,34.190160000000006,0.0,0
balanced,4,4,5.0,4,least-loaded,28.30192,32.90577333333333,32.90577333333333,189.09375,11500
balanced,4,4,5.0,4,KV-cost,28.30192,32.90577333333333,32.90577333333333,189.09375,11500
balanced,4,4,5.0,4,tree-aware-oracle,32.30577333333333,32.77349333333334,32.77349333333334,8.796875,0
balanced,4,4,5.0,5,local-only,31.78572,33.79908,33.79908,0.0,0
balanced,4,4,5.0,5,least-loaded,25.052386666666663,33.002386666666666,33.002386666666666,203.2919921875,13692
balanced,4,4,5.0,5,KV-cost,25.052386666666663,33.002386666666666,33.002386666666666,203.2919921875,13692
balanced,4,4,5.0,5,tree-aware-oracle,31.98572,32.6156,32.6156,14.06103515625,0
balanced,4,4,5.0,6,local-only,33.82473333333333,37.32983999999999,37.32983999999999,0.0,0
balanced,4,4,5.0,6,least-loaded,26.574453333333334,35.45778666666667,35.45778666666667,187.86767578125,17731
balanced,4,4,5.0,6,KV-cost,26.574453333333334,35.45778666666667,35.45778666666667,187.86767578125,17731
balanced,4,4,5.0,6,tree-aware-oracle,34.441399999999994,35.046506666666666,35.046506666666666,20.94140625,0
balanced,4,4,5.0,7,local-only,33.59165333333333,35.04112,35.04112,0.0,0
balanced,4,4,5.0,7,least-loaded,27.694759999999995,33.937520000000006,33.937520000000006,155.0087890625,9556
balanced,4,4,5.0,7,KV-cost,27.694759999999995,33.937520000000006,33.937520000000006,155.0087890625,9556
balanced,4,4,5.0,7,tree-aware-oracle,33.261426666666665,33.59165333333333,33.59165333333333,9.11376953125,0
balanced,4,4,5.0,8,local-only,32.63865333333333,34.5562,34.5562,0.0,0
balanced,4,4,5.0,8,least-loaded,27.46133333333333,33.611333333333334,33.611333333333334,203.1337890625,14570
balanced,4,4,5.0,8,KV-cost,27.46133333333333,33.611333333333334,33.611333333333334,203.1337890625,14570
balanced,4,4,5.0,8,tree-aware-oracle,33.17198666666667,33.556200000000004,33.556200000000004,10.2548828125,0
balanced,4,4,5.0,9,local-only,30.934013333333333,32.66693333333333,32.66693333333333,0.0,0
balanced,4,4,5.0,9,least-loaded,24.87089333333334,32.23401333333333,32.23401333333333,182.1279296875,13617
balanced,4,4,5.0,9,KV-cost,24.87089333333334,32.23401333333333,32.23401333333333,182.1279296875,13617
balanced,4,4,5.0,9,tree-aware-oracle,31.64488000000001,31.800266666666666,31.800266666666666,7.03564453125,0
balanced,4,4,5.0,10,local-only,34.453066666666665,36.19256000000001,36.19256000000001,0.0,0
balanced,4,4,5.0,10,least-loaded,26.909226666666672,35.52654666666666,35.52654666666666,145.89306640625,0
balanced,4,4,5.0,10,KV-cost,26.909226666666672,35.52654666666666,35.52654666666666,145.89306640625,0
balanced,4,4,5.0,10,tree-aware-oracle,34.453066666666665,34.97973333333333,34.97973333333333,6.6015625,0
balanced,4,4,5.0,11,local-only,31.615093333333338,32.30993333333333,32.30993333333333,0.0,0
balanced,4,4,5.0,11,least-loaded,27.227626666666673,32.3766,32.3766,230.9658203125,11591
balanced,4,4,5.0,11,KV-cost,27.227626666666673,32.3766,32.3766,230.9658203125,11591
balanced,4,4,5.0,11,tree-aware-oracle,31.676600000000004,31.94678666666667,31.94678666666667,2.86767578125,0
balanced,4,4,5.0,12,local-only,34.842826666666674,34.890319999999996,34.890319999999996,0.0,0
balanced,4,4,5.0,12,least-loaded,28.42365333333333,35.04032,35.04032,156.67138671875,2318
balanced,4,4,5.0,12,KV-cost,28.42365333333333,35.04032,35.04032,152.166015625,2318
balanced,4,4,5.0,12,tree-aware-oracle,34.14282666666667,34.62365333333333,34.62365333333333,5.78369140625,0
balanced,4,4,5.0,13,local-only,32.85009333333334,34.918040000000005,34.918040000000005,0.0,0
balanced,4,4,5.0,13,least-loaded,25.587707343750004,34.481627187499996,34.481627187499996,228.86181640625,0
balanced,4,4,5.0,13,KV-cost,25.587707343750004,34.481627187499996,34.481627187499996,228.86181640625,0
balanced,4,4,5.0,13,tree-aware-oracle,33.23342666666667,33.86174666666667,33.86174666666667,12.16650390625,0
balanced,4,4,5.0,14,local-only,32.850253333333335,36.85746666666667,36.85746666666667,0.0,0
balanced,4,4,5.0,14,least-loaded,25.474133333333334,34.44729333333333,34.44729333333333,180.18701171875,5685
balanced,4,4,5.0,14,KV-cost,25.474133333333334,34.44729333333333,34.44729333333333,180.18701171875,5685
balanced,4,4,5.0,14,tree-aware-oracle,33.60897333333334,34.000253333333326,34.000253333333326,4.5908203125,0
balanced,4,4,5.0,15,local-only,33.991173333333336,35.136199999999995,35.136199999999995,0.0,0
balanced,4,4,5.0,15,least-loaded,27.825188124999993,35.10036,35.10036,212.3046875,9546
balanced,4,4,5.0,15,KV-cost,27.825188124999993,35.10036,35.10036,212.3046875,9546
balanced,4,4,5.0,15,tree-aware-oracle,34.05917333333333,34.5862,34.5862,2.443359375,0
balanced,4,4,5.0,16,local-only,34.283693333333325,34.64341333333334,34.64341333333334,0.0,0
balanced,4,4,5.0,16,least-loaded,24.401173749999998,33.61784041666666,33.61784041666666,168.529296875,2828
balanced,4,4,5.0,16,KV-cost,24.401173749999998,33.61784041666666,33.61784041666666,168.529296875,2828
balanced,4,4,5.0,16,tree-aware-oracle,33.10036,33.46008,33.46008,13.31591796875,0
balanced,4,4,5.0,17,local-only,32.448479999999996,34.763999999999996,34.763999999999996,0.0,0
balanced,4,4,5.0,17,least-loaded,25.047331562499995,33.675453333333344,33.675453333333344,177.2578125,2538
balanced,4,4,5.0,17,KV-cost,25.047331562499995,33.675453333333344,33.675453333333344,177.2578125,2538
balanced,4,4,5.0,17,tree-aware-oracle,33.198479999999996,33.564,33.564,8.69384765625,0
balanced,4,4,5.0,18,local-only,33.54557333333334,35.987453333333335,35.987453333333335,0.0,0
balanced,4,4,5.0,18,least-loaded,27.324613333333332,35.10277333333334,35.10277333333334,169.43408203125,2883
balanced,4,4,5.0,18,KV-cost,27.324613333333332,35.10277333333334,35.10277333333334,169.43408203125,2883
balanced,4,4,5.0,18,tree-aware-oracle,34.59557333333333,34.882906666666656,34.882906666666656,5.98291015625,0
balanced,4,4,5.0,19,local-only,34.035346666666655,35.18776,35.18776,0.0,0
balanced,4,4,5.0,19,least-loaded,29.067173333333333,34.833839999999995,34.833839999999995,162.8662109375,0
balanced,4,4,5.0,19,KV-cost,29.067173333333333,34.833839999999995,34.833839999999995,162.8662109375,0
balanced,4,4,5.0,19,tree-aware-oracle,34.02941333333333,34.417173333333345,34.417173333333345,7.33740234375,0
balanced,4,4,20.0,0,local-only,32.176413333333336,34.55812,34.55812,0.0,0
balanced,4,4,20.0,0,least-loaded,26.174786666666662,32.12421333333334,32.12421333333334,183.59716796875,0
balanced,4,4,20.0,0,KV-cost,26.174786666666662,32.12421333333334,32.12421333333334,183.59716796875,0
balanced,4,4,20.0,0,tree-aware-oracle,31.79581333333333,32.207546666666666,32.207546666666666,22.44091796875,0
balanced,4,4,20.0,1,local-only,32.99258666666667,36.52849333333334,36.52849333333334,0.0,0
balanced,4,4,20.0,1,least-loaded,27.759253333333334,34.042586666666665,34.042586666666665,189.6630859375,0
balanced,4,4,20.0,1,KV-cost,27.759253333333334,34.042586666666665,34.042586666666665,189.6630859375,0
balanced,4,4,20.0,1,tree-aware-oracle,33.70222666666667,34.12849333333334,34.12849333333334,13.3603515625,0
balanced,4,4,20.0,2,local-only,31.022173333333335,41.39976000000001,41.39976000000001,0.0,0
balanced,4,4,20.0,2,least-loaded,28.250439999999994,34.10043999999999,34.10043999999999,172.8623046875,0
balanced,4,4,20.0,2,KV-cost,28.250439999999994,34.10043999999999,34.10043999999999,172.8623046875,0
balanced,4,4,20.0,2,tree-aware-oracle,33.18377333333333,33.634080000000004,33.634080000000004,14.91357421875,0
balanced,4,4,20.0,3,local-only,33.64321333333334,34.45413333333333,34.45413333333333,0.0,0
balanced,4,4,20.0,3,least-loaded,25.504133333333336,34.47080000000001,34.47080000000001,167.7587890625,0
balanced,4,4,20.0,3,KV-cost,25.504133333333336,34.47080000000001,34.47080000000001,167.7587890625,0
balanced,4,4,20.0,3,tree-aware-oracle,33.593213333333345,33.97697333333333,33.97697333333333,7.69970703125,0
balanced,4,4,20.0,4,local-only,32.00577333333332,34.190160000000006,34.190160000000006,0.0,0
balanced,4,4,20.0,4,least-loaded,28.113365130208333,32.66077333333333,32.66077333333333,191.84765625,0
balanced,4,4,20.0,4,KV-cost,28.113365130208333,32.66077333333333,32.66077333333333,191.84765625,0
balanced,4,4,20.0,4,tree-aware-oracle,32.30577333333333,32.77349333333334,32.77349333333334,8.796875,0
balanced,4,4,20.0,5,local-only,31.78572,33.79908,33.79908,0.0,0
balanced,4,4,20.0,5,least-loaded,24.968474557291668,32.91847455729167,32.91847455729167,217.23193359375,0
balanced,4,4,20.0,5,KV-cost,24.935720000000003,32.77668,32.77668,225.26806640625,0
balanced,4,4,20.0,5,tree-aware-oracle,31.98572,32.6156,32.6156,14.06103515625,0
balanced,4,4,20.0,6,local-only,33.82473333333333,37.32983999999999,37.32983999999999,0.0,0
balanced,4,4,20.0,6,least-loaded,27.1414,35.296506666666666,35.296506666666666,200.8916015625,0
balanced,4,4,20.0,6,KV-cost,27.1414,35.296506666666666,35.296506666666666,200.8916015625,0
balanced,4,4,20.0,6,tree-aware-oracle,34.441399999999994,35.046506666666666,35.046506666666666,20.94140625,0
balanced,4,4,20.0,7,local-only,33.59165333333333,35.04112,35.04112,0.0,0
balanced,4,4,20.0,7,least-loaded,27.791119999999996,33.82498666666667,33.82498666666667,168.06298828125,0
balanced,4,4,20.0,7,KV-cost,27.791119999999996,33.82498666666667,33.82498666666667,168.06298828125,0
balanced,4,4,20.0,7,tree-aware-oracle,33.261426666666665,33.59165333333333,33.59165333333333,9.11376953125,0
balanced,4,4,20.0,8,local-only,32.63865333333333,34.5562,34.5562,0.0,0
balanced,4,4,20.0,8,least-loaded,28.28953333333333,33.432946666666666,33.432946666666666,196.41455078125,0
balanced,4,4,20.0,8,KV-cost,28.28953333333333,33.432946666666666,33.432946666666666,196.41455078125,0
balanced,4,4,20.0,8,tree-aware-oracle,33.17198666666667,33.556200000000004,33.556200000000004,10.2548828125,0
balanced,4,4,20.0,9,local-only,30.934013333333333,32.66693333333333,32.66693333333333,0.0,0
balanced,4,4,20.0,9,least-loaded,24.654560000000004,32.03401333333333,32.03401333333333,182.89453125,0
balanced,4,4,20.0,9,KV-cost,24.654560000000004,32.03401333333333,32.03401333333333,182.89453125,0
balanced,4,4,20.0,9,tree-aware-oracle,31.64488000000001,31.800266666666666,31.800266666666666,7.03564453125,0
balanced,4,4,20.0,10,local-only,34.453066666666665,36.19256000000001,36.19256000000001,0.0,0
balanced,4,4,20.0,10,least-loaded,26.909226666666672,35.52654666666666,35.52654666666666,145.89306640625,0
balanced,4,4,20.0,10,KV-cost,26.909226666666672,35.52654666666666,35.52654666666666,145.89306640625,0
balanced,4,4,20.0,10,tree-aware-oracle,34.453066666666665,34.97973333333333,34.97973333333333,6.6015625,0
balanced,4,4,20.0,11,local-only,31.615093333333338,32.30993333333333,32.30993333333333,0.0,0
balanced,4,4,20.0,11,least-loaded,27.23012,32.150825911458334,32.150825911458334,243.2353515625,0
balanced,4,4,20.0,11,KV-cost,27.23012,32.150825911458334,32.150825911458334,243.2353515625,0
balanced,4,4,20.0,11,tree-aware-oracle,31.676600000000004,31.94678666666667,31.94678666666667,2.86767578125,0
balanced,4,4,20.0,12,local-only,34.842826666666674,34.890319999999996,34.890319999999996,0.0,0
balanced,4,4,20.0,12,least-loaded,28.350746666666666,34.96741333333333,34.96741333333333,170.404296875,0
balanced,4,4,20.0,12,KV-cost,28.350746666666666,34.96741333333333,34.96741333333333,170.404296875,0
balanced,4,4,20.0,12,tree-aware-oracle,34.14282666666667,34.62365333333333,34.62365333333333,5.78369140625,0
balanced,4,4,20.0,13,local-only,32.85009333333334,34.918040000000005,34.918040000000005,0.0,0
balanced,4,4,20.0,13,least-loaded,25.75034666666667,34.16174666666667,34.16174666666667,235.47119140625,0
balanced,4,4,20.0,13,KV-cost,25.75034666666667,34.16174666666667,34.16174666666667,235.47119140625,0
balanced,4,4,20.0,13,tree-aware-oracle,33.23342666666667,33.86174666666667,33.86174666666667,12.16650390625,0
balanced,4,4,20.0,14,local-only,32.850253333333335,36.85746666666667,36.85746666666667,0.0,0
balanced,4,4,20.0,14,least-loaded,25.624133333333337,34.26692,34.26692,201.22509765625,0
balanced,4,4,20.0,14,KV-cost,25.624133333333337,34.26692,34.26692,201.22509765625,0
balanced,4,4,20.0,14,tree-aware-oracle,33.60897333333334,34.000253333333326,34.000253333333326,4.5908203125,0
balanced,4,4,20.0,15,local-only,33.991173333333336,35.136199999999995,35.136199999999995,0.0,0
balanced,4,4,20.0,15,least-loaded,27.45036,34.652866666666675,34.652866666666675,204.04931640625,0
balanced,4,4,20.0,15,KV-cost,27.45036,34.652866666666675,34.652866666666675,204.04931640625,0
balanced,4,4,20.0,15,tree-aware-oracle,34.05917333333333,34.5862,34.5862,2.443359375,0
balanced,4,4,20.0,16,local-only,34.283693333333325,34.64341333333334,34.64341333333334,0.0,0
balanced,4,4,20.0,16,least-loaded,24.952933333333338,33.65293333333334,33.65293333333334,182.087890625,0
balanced,4,4,20.0,16,KV-cost,24.952933333333338,33.65293333333334,33.65293333333334,182.087890625,0
balanced,4,4,20.0,16,tree-aware-oracle,33.10036,33.46008,33.46008,13.31591796875,0
balanced,4,4,20.0,17,local-only,32.448479999999996,34.763999999999996,34.763999999999996,0.0,0
balanced,4,4,20.0,17,least-loaded,25.097333333333335,33.73181333333334,33.73181333333334,204.513671875,0
balanced,4,4,20.0,17,KV-cost,25.097333333333335,33.73181333333334,33.73181333333334,204.513671875,0
balanced,4,4,20.0,17,tree-aware-oracle,33.198479999999996,33.564,33.564,8.69384765625,0
balanced,4,4,20.0,18,local-only,33.54557333333334,35.987453333333335,35.987453333333335,0.0,0
balanced,4,4,20.0,18,least-loaded,28.062240000000003,34.90794666666667,34.90794666666667,177.76171875,0
balanced,4,4,20.0,18,KV-cost,28.062240000000003,34.90794666666667,34.90794666666667,177.76171875,0
balanced,4,4,20.0,18,tree-aware-oracle,34.59557333333333,34.882906666666656,34.882906666666656,5.98291015625,0
balanced,4,4,20.0,19,local-only,34.035346666666655,35.18776,35.18776,0.0,0
balanced,4,4,20.0,19,least-loaded,29.250506666666663,34.75201333333333,34.75201333333333,153.79931640625,0
balanced,4,4,20.0,19,KV-cost,29.250506666666663,34.75201333333333,34.75201333333333,153.79931640625,0
balanced,4,4,20.0,19,tree-aware-oracle,34.02941333333333,34.417173333333345,34.417173333333345,7.33740234375,0
balanced,4,4,80.0,0,local-only,32.176413333333336,34.55812,34.55812,0.0,0
balanced,4,4,80.0,0,least-loaded,26.174786666666662,32.12421333333334,32.12421333333334,183.59716796875,0
balanced,4,4,80.0,0,KV-cost,26.174786666666662,32.12421333333334,32.12421333333334,183.59716796875,0
balanced,4,4,80.0,0,tree-aware-oracle,31.79581333333333,32.207546666666666,32.207546666666666,22.44091796875,0
balanced,4,4,80.0,1,local-only,32.99258666666667,36.52849333333334,36.52849333333334,0.0,0
balanced,4,4,80.0,1,least-loaded,27.759253333333334,34.042586666666665,34.042586666666665,189.6630859375,0
balanced,4,4,80.0,1,KV-cost,27.759253333333334,34.042586666666665,34.042586666666665,189.6630859375,0
balanced,4,4,80.0,1,tree-aware-oracle,33.70222666666667,34.12849333333334,34.12849333333334,13.3603515625,0
balanced,4,4,80.0,2,local-only,31.022173333333335,41.39976000000001,41.39976000000001,0.0,0
balanced,4,4,80.0,2,least-loaded,29.505506666666662,33.80074666666667,33.80074666666667,176.58837890625,0
balanced,4,4,80.0,2,KV-cost,29.505506666666662,33.80074666666667,33.80074666666667,176.58837890625,0
balanced,4,4,80.0,2,tree-aware-oracle,33.18377333333333,33.634080000000004,33.634080000000004,14.91357421875,0
balanced,4,4,80.0,3,local-only,33.64321333333334,34.45413333333333,34.45413333333333,0.0,0
balanced,4,4,80.0,3,least-loaded,25.504133333333336,34.47080000000001,34.47080000000001,167.7587890625,0
balanced,4,4,80.0,3,KV-cost,25.504133333333336,34.47080000000001,34.47080000000001,167.7587890625,0
balanced,4,4,80.0,3,tree-aware-oracle,33.593213333333345,33.97697333333333,33.97697333333333,7.69970703125,0
balanced,4,4,80.0,4,local-only,32.00577333333332,34.190160000000006,34.190160000000006,0.0,0
balanced,4,4,80.0,4,least-loaded,28.10924,32.66077333333333,32.66077333333333,210.8427734375,0
balanced,4,4,80.0,4,KV-cost,28.10924,32.66077333333333,32.66077333333333,210.8427734375,0
balanced,4,4,80.0,4,tree-aware-oracle,32.30577333333333,32.77349333333334,32.77349333333334,8.796875,0
balanced,4,4,80.0,5,local-only,31.78572,33.79908,33.79908,0.0,0
balanced,4,4,80.0,5,least-loaded,25.049079999999996,32.715599999999995,32.715599999999995,221.0810546875,0
balanced,4,4,80.0,5,KV-cost,25.049079999999996,32.715599999999995,32.715599999999995,221.0810546875,0
balanced,4,4,80.0,5,tree-aware-oracle,31.98572,32.6156,32.6156,14.06103515625,0
balanced,4,4,80.0,6,local-only,33.82473333333333,37.32983999999999,37.32983999999999,0.0,0
balanced,4,4,80.0,6,least-loaded,27.1414,35.296506666666666,35.296506666666666,200.8916015625,0
balanced,4,4,80.0,6,KV-cost,27.1414,35.296506666666666,35.296506666666666,200.8916015625,0
balanced,4,4,80.0,6,tree-aware-oracle,34.441399999999994,35.046506666666666,35.046506666666666,20.94140625,0
balanced,4,4,80.0,7,local-only,33.59165333333333,35.04112,35.04112,0.0,0
balanced,4,4,80.0,7,least-loaded,27.791119999999996,33.82498666666667,33.82498666666667,168.06298828125,0
balanced,4,4,80.0,7,KV-cost,27.791119999999996,33.82498666666667,33.82498666666667,168.06298828125,0
balanced,4,4,80.0,7,tree-aware-oracle,33.261426666666665,33.59165333333333,33.59165333333333,9.11376953125,0
balanced,4,4,80.0,8,local-only,32.63865333333333,34.5562,34.5562,0.0,0
balanced,4,4,80.0,8,least-loaded,28.439533333333333,33.425186666666676,33.425186666666676,203.96728515625,0
balanced,4,4,80.0,8,KV-cost,28.439533333333333,33.425186666666676,33.425186666666676,203.96728515625,0
balanced,4,4,80.0,8,tree-aware-oracle,33.17198666666667,33.556200000000004,33.556200000000004,10.2548828125,0
balanced,4,4,80.0,9,local-only,30.934013333333333,32.66693333333333,32.66693333333333,0.0,0
balanced,4,4,80.0,9,least-loaded,24.62821333333334,32.07821333333334,32.07821333333334,202.3076171875,0
balanced,4,4,80.0,9,KV-cost,24.62821333333334,32.07821333333334,32.07821333333334,202.3076171875,0
balanced,4,4,80.0,9,tree-aware-oracle,31.64488000000001,31.800266666666666,31.800266666666666,7.03564453125,0
balanced,4,4,80.0,10,local-only,34.453066666666665,36.19256000000001,36.19256000000001,0.0,0
balanced,4,4,80.0,10,least-loaded,26.909226666666672,35.52654666666666,35.52654666666666,145.89306640625,0
balanced,4,4,80.0,10,KV-cost,26.909226666666672,35.52654666666666,35.52654666666666,145.89306640625,0
balanced,4,4,80.0,10,tree-aware-oracle,34.453066666666665,34.97973333333333,34.97973333333333,6.6015625,0
balanced,4,4,80.0,11,local-only,31.615093333333338,32.30993333333333,32.30993333333333,0.0,0
balanced,4,4,80.0,11,least-loaded,27.581760000000003,32.04842666666667,32.04842666666667,243.71923828125,0
balanced,4,4,80.0,11,KV-cost,27.581760000000003,32.04842666666667,32.04842666666667,243.71923828125,0
balanced,4,4,80.0,11,tree-aware-oracle,31.676600000000004,31.94678666666667,31.94678666666667,2.86767578125,0
balanced,4,4,80.0,12,local-only,34.842826666666674,34.890319999999996,34.890319999999996,0.0,0
balanced,4,4,80.0,12,least-loaded,28.350746666666666,34.96741333333333,34.96741333333333,170.404296875,0
balanced,4,4,80.0,12,KV-cost,28.350746666666666,34.96741333333333,34.96741333333333,170.404296875,0
balanced,4,4,80.0,12,tree-aware-oracle,34.14282666666667,34.62365333333333,34.62365333333333,5.78369140625,0
balanced,4,4,80.0,13,local-only,32.85009333333334,34.918040000000005,34.918040000000005,0.0,0
balanced,4,4,80.0,13,least-loaded,25.75034666666667,34.16174666666667,34.16174666666667,235.47119140625,0
balanced,4,4,80.0,13,KV-cost,25.75034666666667,34.16174666666667,34.16174666666667,235.47119140625,0
balanced,4,4,80.0,13,tree-aware-oracle,33.23342666666667,33.86174666666667,33.86174666666667,12.16650390625,0
balanced,4,4,80.0,14,local-only,32.850253333333335,36.85746666666667,36.85746666666667,0.0,0
balanced,4,4,80.0,14,least-loaded,25.624133333333337,34.26692,34.26692,201.22509765625,0
balanced,4,4,80.0,14,KV-cost,25.624133333333337,34.26692,34.26692,201.22509765625,0
balanced,4,4,80.0,14,tree-aware-oracle,33.60897333333334,34.000253333333326,34.000253333333326,4.5908203125,0
balanced,4,4,80.0,15,local-only,33.991173333333336,35.136199999999995,35.136199999999995,0.0,0
balanced,4,4,80.0,15,least-loaded,27.45036,34.652866666666675,34.652866666666675,204.04931640625,0
balanced,4,4,80.0,15,KV-cost,27.45036,34.652866666666675,34.652866666666675,204.04931640625,0
balanced,4,4,80.0,15,tree-aware-oracle,34.05917333333333,34.5862,34.5862,2.443359375,0
balanced,4,4,80.0,16,local-only,34.283693333333325,34.64341333333334,34.64341333333334,0.0,0
balanced,4,4,80.0,16,least-loaded,24.952933333333338,33.65293333333334,33.65293333333334,182.087890625,0
balanced,4,4,80.0,16,KV-cost,24.952933333333338,33.65293333333334,33.65293333333334,182.087890625,0
balanced,4,4,80.0,16,tree-aware-oracle,33.10036,33.46008,33.46008,13.31591796875,0
balanced,4,4,80.0,17,local-only,32.448479999999996,34.763999999999996,34.763999999999996,0.0,0
balanced,4,4,80.0,17,least-loaded,25.125453333333333,33.76514666666668,33.76514666666668,192.35400390625,0
balanced,4,4,80.0,17,KV-cost,25.125453333333333,33.76514666666668,33.76514666666668,192.35400390625,0
balanced,4,4,80.0,17,tree-aware-oracle,33.198479999999996,33.564,33.564,8.69384765625,0
balanced,4,4,80.0,18,local-only,33.54557333333334,35.987453333333335,35.987453333333335,0.0,0
balanced,4,4,80.0,18,least-loaded,28.062240000000003,34.90794666666667,34.90794666666667,177.76171875,0
balanced,4,4,80.0,18,KV-cost,28.062240000000003,34.90794666666667,34.90794666666667,177.76171875,0
balanced,4,4,80.0,18,tree-aware-oracle,34.59557333333333,34.882906666666656,34.882906666666656,5.98291015625,0
balanced,4,4,80.0,19,local-only,34.035346666666655,35.18776,35.18776,0.0,0
balanced,4,4,80.0,19,least-loaded,29.250506666666663,34.75201333333333,34.75201333333333,153.79931640625,0
balanced,4,4,80.0,19,KV-cost,29.250506666666663,34.75201333333333,34.75201333333333,153.79931640625,0
balanced,4,4,80.0,19,tree-aware-oracle,34.02941333333333,34.417173333333345,34.417173333333345,7.33740234375,0
balanced,16,4,5.0,0,local-only,98.95037333333336,133.74825333333325,133.74825333333325,0.0,0
balanced,16,4,5.0,0,least-loaded,98.66399999999997,130.66703999999993,130.66703999999993,790.7255859375,0
balanced,16,4,5.0,0,KV-cost,98.66399999999997,130.66703999999993,130.66703999999993,790.7255859375,0
balanced,16,4,5.0,0,tree-aware-oracle,101.22108,130.3157466666666,130.3157466666666,12.85986328125,0
balanced,16,4,5.0,1,local-only,104.33128,166.5576666666665,166.5576666666665,0.0,0
balanced,16,4,5.0,1,least-loaded,99.79137333333334,133.341,133.341,751.4677734375,0
balanced,16,4,5.0,1,KV-cost,99.79137333333334,133.341,133.341,751.4677734375,0
balanced,16,4,5.0,1,tree-aware-oracle,100.76452000000005,132.83972000000003,132.83972000000003,6.54296875,0
balanced,16,4,5.0,2,local-only,106.04689333333329,143.29689333333332,143.29689333333332,0.0,0
balanced,16,4,5.0,2,least-loaded,101.48022666666661,135.7578266666666,135.7578266666666,705.216796875,0
balanced,16,4,5.0,2,KV-cost,101.48022666666661,135.7578266666666,135.7578266666666,705.216796875,0
balanced,16,4,5.0,2,tree-aware-oracle,105.69350666666665,135.67684000000003,135.67684000000003,9.97265625,0
balanced,16,4,5.0,3,local-only,102.84587999999998,172.49046666666666,172.49046666666666,0.0,0
balanced,16,4,5.0,3,least-loaded,102.52626666666664,133.45959999999997,133.45959999999997,803.9462890625,0
balanced,16,4,5.0,3,KV-cost,102.52626666666664,133.45959999999997,133.45959999999997,803.9462890625,0
balanced,16,4,5.0,3,tree-aware-oracle,102.99453333333332,133.27953333333323,133.27953333333323,9.91552734375,0
balanced,16,4,5.0,4,local-only,101.48027999999998,167.44604000000004,167.44604000000004,0.0,0
balanced,16,4,5.0,4,least-loaded,98.99310666666665,132.0969466666667,132.0969466666667,771.095703125,0
balanced,16,4,5.0,4,KV-cost,98.99310666666665,132.0969466666667,132.0969466666667,771.095703125,0
balanced,16,4,5.0,4,tree-aware-oracle,99.6140266666667,131.79955999999996,131.79955999999996,0.0,0
balanced,16,4,5.0,5,local-only,102.67014666666664,137.8025466666666,137.8025466666666,0.0,0
balanced,16,4,5.0,5,least-loaded,103.20347999999997,134.76921333333328,134.76921333333328,813.24658203125,0
balanced,16,4,5.0,5,KV-cost,103.20347999999997,134.76921333333328,134.76921333333328,813.24658203125,0
balanced,16,4,5.0,5,tree-aware-oracle,101.52569333333332,134.60263999999995,134.60263999999995,2.57568359375,0
balanced,16,4,5.0,6,local-only,101.66076,137.51076,137.51076,0.0,0
balanced,16,4,5.0,6,least-loaded,98.57742666666667,132.8440933333333,132.8440933333333,733.6669921875,0
balanced,16,4,5.0,6,KV-cost,98.57742666666667,132.8440933333333,132.8440933333333,733.6669921875,0
balanced,16,4,5.0,6,tree-aware-oracle,100.13898666666667,132.5416266666667,132.5416266666667,0.0,0
balanced,16,4,5.0,7,local-only,102.00280000000002,166.0556933333333,166.0556933333333,0.0,0
balanced,16,4,5.0,7,least-loaded,100.13902666666668,131.63613333333333,131.63613333333333,759.63232421875,0
balanced,16,4,5.0,7,KV-cost,100.13902666666668,131.63613333333333,131.63613333333333,759.63232421875,0
balanced,16,4,5.0,7,tree-aware-oracle,100.74118666666664,131.69726666666668,131.69726666666668,7.4306640625,0
balanced,16,4,5.0,8,local-only,103.10947999999999,139.2428133333333,139.2428133333333,0.0,0
balanced,16,4,5.0,8,least-loaded,100.55977333333334,135.04334666666665,135.04334666666665,735.64013671875,0
balanced,16,4,5.0,8,KV-cost,100.55977333333334,135.04334666666665,135.04334666666665,735.64013671875,0
balanced,16,4,5.0,8,tree-aware-oracle,103.89086666666665,135.04244000000003,135.04244000000003,19.03369140625,0
balanced,16,4,5.0,9,local-only,100.08127999999999,162.26341333333332,162.26341333333332,0.0,0
balanced,16,4,5.0,9,least-loaded,95.41341333333335,129.21461333333326,129.21461333333326,770.76708984375,0
balanced,16,4,5.0,9,KV-cost,95.41341333333335,129.21461333333326,129.21461333333326,770.76708984375,0
balanced,16,4,5.0,9,tree-aware-oracle,100.37790666666669,129.4279066666667,129.4279066666667,4.953125,0
balanced,16,4,5.0,10,local-only,104.95160000000004,139.35160000000005,139.35160000000005,0.0,0
balanced,16,4,5.0,10,least-loaded,101.86202666666672,135.23222666666663,135.23222666666663,862.55859375,0
balanced,16,4,5.0,10,KV-cost,101.86202666666672,135.23222666666663,135.23222666666663,862.55859375,0
balanced,16,4,5.0,10,tree-aware-oracle,102.00690666666665,134.58632000000003,134.58632000000003,10.76025390625,0
balanced,16,4,5.0,11,local-only,102.91226666666667,162.85333333333338,162.85333333333338,0.0,0
balanced,16,4,5.0,11,least-loaded,99.88502666666666,130.96835999999996,130.96835999999996,797.04345703125,0
balanced,16,4,5.0,11,KV-cost,99.88502666666666,130.96835999999996,130.96835999999996,797.04345703125,0
balanced,16,4,5.0,11,tree-aware-oracle,98.59930666666669,130.93264000000005,130.93264000000005,1.84521484375,0
balanced,16,4,5.0,12,local-only,104.08149333333328,141.8981599999999,141.8981599999999,0.0,0
balanced,16,4,5.0,12,least-loaded,103.04658666666663,137.0148266666666,137.0148266666666,771.703125,0
balanced,16,4,5.0,12,KV-cost,103.04658666666663,137.0148266666666,137.0148266666666,771.703125,0
balanced,16,4,5.0,12,tree-aware-oracle,103.99830666666661,136.55089333333333,136.55089333333333,11.72802734375,0
balanced,16,4,5.0,13,local-only,101.26432000000001,165.09336000000005,165.09336000000005,0.0,0
balanced,16,4,5.0,13,least-loaded,100.19823999999994,132.1476533333333,132.1476533333333,775.18408203125,0
balanced,16,4,5.0,13,KV-cost,100.19823999999994,132.1476533333333,132.1476533333333,775.18408203125,0
balanced,16,4,5.0,13,tree-aware-oracle,100.05158666666665,131.98726666666667,131.98726666666667,0.0,0
balanced,16,4,5.0,14,local-only,100.91545333333329,134.8830933333333,134.8830933333333,0.0,0
balanced,16,4,5.0,14,least-loaded,100.10083999999999,132.53309333333328,132.53309333333328,787.482421875,0
balanced,16,4,5.0,14,KV-cost,100.10083999999999,132.53309333333328,132.53309333333328,787.482421875,0
balanced,16,4,5.0,14,tree-aware-oracle,100.07789333333332,132.2077866666666,132.2077866666666,1.671875,0
balanced,16,4,5.0,15,local-only,105.41136000000002,169.7111066666666,169.7111066666666,0.0,0
balanced,16,4,5.0,15,least-loaded,103.92089333333338,136.11135999999988,136.11135999999988,754.57568359375,0
balanced,16,4,5.0,15,KV-cost,103.92089333333338,136.11135999999988,136.11135999999988,754.57568359375,0
balanced,16,4,5.0,15,tree-aware-oracle,107.6164,135.89378666666667,135.89378666666667,14.041015625,0
balanced,16,4,5.0,16,local-only,100.51031999999995,132.66031999999993,132.66031999999993,0.0,0
balanced,16,4,5.0,16,least-loaded,98.31898666666665,131.2934533333333,131.2934533333333,720.91943359375,0
balanced,16,4,5.0,16,KV-cost,98.31898666666665,131.2934533333333,131.2934533333333,720.91943359375,0
balanced,16,4,5.0,16,tree-aware-oracle,99.62458666666663,130.97458666666662,130.97458666666662,3.5244140625,0
balanced,16,4,5.0,17,local-only,104.91937333333331,136.3858,136.3858,0.0,0
balanced,16,4,5.0,17,least-loaded,101.13580000000003,135.59740000000002,135.59740000000002,702.814453125,0
balanced,16,4,5.0,17,KV-cost,101.13580000000003,135.59740000000002,135.59740000000002,702.814453125,0
balanced,16,4,5.0,17,tree-aware-oracle,103.27913333333333,135.2458,135.2458,4.2216796875,0
balanced,16,4,5.0,18,local-only,103.61818666666667,171.76818666666674,171.76818666666674,0.0,0
balanced,16,4,5.0,18,least-loaded,101.63485333333337,135.33677333333338,135.33677333333338,824.11376953125,0
balanced,16,4,5.0,18,KV-cost,101.63485333333337,135.33677333333338,135.33677333333338,824.11376953125,0
balanced,16,4,5.0,18,tree-aware-oracle,103.82235999999996,135.15809333333334,135.15809333333334,0.0,0
balanced,16,4,5.0,19,local-only,103.40674666666669,165.65193333333335,165.65193333333335,0.0,0
balanced,16,4,5.0,19,least-loaded,103.17686666666664,135.66860000000003,135.66860000000003,711.9501953125,0
balanced,16,4,5.0,19,KV-cost,103.17686666666664,135.66860000000003,135.66860000000003,711.9501953125,0
balanced,16,4,5.0,19,tree-aware-oracle,103.27333333333334,135.58888,135.58888,11.24951171875,0
balanced,16,4,20.0,0,local-only,98.95037333333336,133.74825333333325,133.74825333333325,0.0,0
balanced,16,4,20.0,0,least-loaded,98.66399999999997,130.66703999999993,130.66703999999993,790.7255859375,0
balanced,16,4,20.0,0,KV-cost,98.66399999999997,130.66703999999993,130.66703999999993,790.7255859375,0
balanced,16,4,20.0,0,tree-aware-oracle,101.22108,130.3157466666666,130.3157466666666,12.85986328125,0
balanced,16,4,20.0,1,local-only,104.33128,166.5576666666665,166.5576666666665,0.0,0
balanced,16,4,20.0,1,least-loaded,99.79137333333334,133.341,133.341,751.4677734375,0
balanced,16,4,20.0,1,KV-cost,99.79137333333334,133.341,133.341,751.4677734375,0
balanced,16,4,20.0,1,tree-aware-oracle,100.76452000000005,132.83972000000003,132.83972000000003,6.54296875,0
balanced,16,4,20.0,2,local-only,106.04689333333329,143.29689333333332,143.29689333333332,0.0,0
balanced,16,4,20.0,2,least-loaded,101.48022666666661,135.7578266666666,135.7578266666666,705.216796875,0
balanced,16,4,20.0,2,KV-cost,101.48022666666661,135.7578266666666,135.7578266666666,705.216796875,0
balanced,16,4,20.0,2,tree-aware-oracle,105.69350666666665,135.67684000000003,135.67684000000003,9.97265625,0
balanced,16,4,20.0,3,local-only,102.84587999999998,172.49046666666666,172.49046666666666,0.0,0
balanced,16,4,20.0,3,least-loaded,102.52626666666664,133.45959999999997,133.45959999999997,803.9462890625,0
balanced,16,4,20.0,3,KV-cost,102.52626666666664,133.45959999999997,133.45959999999997,803.9462890625,0
balanced,16,4,20.0,3,tree-aware-oracle,102.99453333333332,133.27953333333323,133.27953333333323,9.91552734375,0
balanced,16,4,20.0,4,local-only,101.48027999999998,167.44604000000004,167.44604000000004,0.0,0
balanced,16,4,20.0,4,least-loaded,98.99310666666665,132.0969466666667,132.0969466666667,771.095703125,0
balanced,16,4,20.0,4,KV-cost,98.99310666666665,132.0969466666667,132.0969466666667,771.095703125,0
balanced,16,4,20.0,4,tree-aware-oracle,99.6140266666667,131.79955999999996,131.79955999999996,0.0,0
balanced,16,4,20.0,5,local-only,102.67014666666664,137.8025466666666,137.8025466666666,0.0,0
balanced,16,4,20.0,5,least-loaded,103.20347999999997,134.76921333333328,134.76921333333328,813.24658203125,0
balanced,16,4,20.0,5,KV-cost,103.20347999999997,134.76921333333328,134.76921333333328,813.24658203125,0
balanced,16,4,20.0,5,tree-aware-oracle,101.52569333333332,134.60263999999995,134.60263999999995,2.57568359375,0
balanced,16,4,20.0,6,local-only,101.66076,137.51076,137.51076,0.0,0
balanced,16,4,20.0,6,least-loaded,98.57742666666667,132.8440933333333,132.8440933333333,733.6669921875,0
balanced,16,4,20.0,6,KV-cost,98.57742666666667,132.8440933333333,132.8440933333333,733.6669921875,0
balanced,16,4,20.0,6,tree-aware-oracle,100.13898666666667,132.5416266666667,132.5416266666667,0.0,0
balanced,16,4,20.0,7,local-only,102.00280000000002,166.0556933333333,166.0556933333333,0.0,0
balanced,16,4,20.0,7,least-loaded,100.13902666666668,131.63613333333333,131.63613333333333,759.63232421875,0
balanced,16,4,20.0,7,KV-cost,100.13902666666668,131.63613333333333,131.63613333333333,759.63232421875,0
balanced,16,4,20.0,7,tree-aware-oracle,100.74118666666664,131.69726666666668,131.69726666666668,7.4306640625,0
balanced,16,4,20.0,8,local-only,103.10947999999999,139.2428133333333,139.2428133333333,0.0,0
balanced,16,4,20.0,8,least-loaded,100.55977333333334,135.04334666666665,135.04334666666665,735.64013671875,0
balanced,16,4,20.0,8,KV-cost,100.55977333333334,135.04334666666665,135.04334666666665,735.64013671875,0
balanced,16,4,20.0,8,tree-aware-oracle,103.89086666666665,135.04244000000003,135.04244000000003,19.03369140625,0
balanced,16,4,20.0,9,local-only,100.08127999999999,162.26341333333332,162.26341333333332,0.0,0
balanced,16,4,20.0,9,least-loaded,95.41341333333335,129.21461333333326,129.21461333333326,770.76708984375,0
balanced,16,4,20.0,9,KV-cost,95.41341333333335,129.21461333333326,129.21461333333326,770.76708984375,0
balanced,16,4,20.0,9,tree-aware-oracle,100.37790666666669,129.4279066666667,129.4279066666667,4.953125,0
balanced,16,4,20.0,10,local-only,104.95160000000004,139.35160000000005,139.35160000000005,0.0,0
balanced,16,4,20.0,10,least-loaded,101.86202666666672,135.23222666666663,135.23222666666663,862.55859375,0
balanced,16,4,20.0,10,KV-cost,101.86202666666672,135.23222666666663,135.23222666666663,862.55859375,0
balanced,16,4,20.0,10,tree-aware-oracle,102.00690666666665,134.58632000000003,134.58632000000003,10.76025390625,0
balanced,16,4,20.0,11,local-only,102.91226666666667,162.85333333333338,162.85333333333338,0.0,0
balanced,16,4,20.0,11,least-loaded,99.88502666666666,130.96835999999996,130.96835999999996,797.04345703125,0
balanced,16,4,20.0,11,KV-cost,99.88502666666666,130.96835999999996,130.96835999999996,797.04345703125,0
balanced,16,4,20.0,11,tree-aware-oracle,98.59930666666669,130.93264000000005,130.93264000000005,1.84521484375,0
balanced,16,4,20.0,12,local-only,104.08149333333328,141.8981599999999,141.8981599999999,0.0,0
balanced,16,4,20.0,12,least-loaded,103.04658666666663,137.0148266666666,137.0148266666666,771.703125,0
balanced,16,4,20.0,12,KV-cost,103.04658666666663,137.0148266666666,137.0148266666666,771.703125,0
balanced,16,4,20.0,12,tree-aware-oracle,103.99830666666661,136.55089333333333,136.55089333333333,11.72802734375,0
balanced,16,4,20.0,13,local-only,101.26432000000001,165.09336000000005,165.09336000000005,0.0,0
balanced,16,4,20.0,13,least-loaded,100.19823999999994,132.1476533333333,132.1476533333333,775.18408203125,0
balanced,16,4,20.0,13,KV-cost,100.19823999999994,132.1476533333333,132.1476533333333,775.18408203125,0
balanced,16,4,20.0,13,tree-aware-oracle,100.05158666666665,131.98726666666667,131.98726666666667,0.0,0
balanced,16,4,20.0,14,local-only,100.91545333333329,134.8830933333333,134.8830933333333,0.0,0
balanced,16,4,20.0,14,least-loaded,100.10083999999999,132.53309333333328,132.53309333333328,787.482421875,0
balanced,16,4,20.0,14,KV-cost,100.10083999999999,132.53309333333328,132.53309333333328,787.482421875,0
balanced,16,4,20.0,14,tree-aware-oracle,100.07789333333332,132.2077866666666,132.2077866666666,1.671875,0
balanced,16,4,20.0,15,local-only,105.41136000000002,169.7111066666666,169.7111066666666,0.0,0
balanced,16,4,20.0,15,least-loaded,103.92089333333338,136.11135999999988,136.11135999999988,754.57568359375,0
balanced,16,4,20.0,15,KV-cost,103.92089333333338,136.11135999999988,136.11135999999988,754.57568359375,0
balanced,16,4,20.0,15,tree-aware-oracle,107.6164,135.89378666666667,135.89378666666667,14.041015625,0
balanced,16,4,20.0,16,local-only,100.51031999999995,132.66031999999993,132.66031999999993,0.0,0
balanced,16,4,20.0,16,least-loaded,98.31898666666665,131.2934533333333,131.2934533333333,720.91943359375,0
balanced,16,4,20.0,16,KV-cost,98.31898666666665,131.2934533333333,131.2934533333333,720.91943359375,0
balanced,16,4,20.0,16,tree-aware-oracle,99.62458666666663,130.97458666666662,130.97458666666662,3.5244140625,0
balanced,16,4,20.0,17,local-only,104.91937333333331,136.3858,136.3858,0.0,0
balanced,16,4,20.0,17,least-loaded,101.13580000000003,135.59740000000002,135.59740000000002,702.814453125,0
balanced,16,4,20.0,17,KV-cost,101.13580000000003,135.59740000000002,135.59740000000002,702.814453125,0
balanced,16,4,20.0,17,tree-aware-oracle,103.27913333333333,135.2458,135.2458,4.2216796875,0
balanced,16,4,20.0,18,local-only,103.61818666666667,171.76818666666674,171.76818666666674,0.0,0
balanced,16,4,20.0,18,least-loaded,101.63485333333337,135.33677333333338,135.33677333333338,824.11376953125,0
balanced,16,4,20.0,18,KV-cost,101.63485333333337,135.33677333333338,135.33677333333338,824.11376953125,0
balanced,16,4,20.0,18,tree-aware-oracle,103.82235999999996,135.15809333333334,135.15809333333334,0.0,0
balanced,16,4,20.0,19,local-only,103.40674666666669,165.65193333333335,165.65193333333335,0.0,0
balanced,16,4,20.0,19,least-loaded,103.17686666666664,135.66860000000003,135.66860000000003,711.9501953125,0
balanced,16,4,20.0,19,KV-cost,103.17686666666664,135.66860000000003,135.66860000000003,711.9501953125,0
balanced,16,4,20.0,19,tree-aware-oracle,103.27333333333334,135.58888,135.58888,11.24951171875,0
balanced,16,4,80.0,0,local-only,98.95037333333336,133.74825333333325,133.74825333333325,0.0,0
balanced,16,4,80.0,0,least-loaded,98.66399999999997,130.66703999999993,130.66703999999993,790.7255859375,0
balanced,16,4,80.0,0,KV-cost,98.66399999999997,130.66703999999993,130.66703999999993,790.7255859375,0
balanced,16,4,80.0,0,tree-aware-oracle,101.22108,130.3157466666666,130.3157466666666,12.85986328125,0
balanced,16,4,80.0,1,local-only,104.33128,166.5576666666665,166.5576666666665,0.0,0
balanced,16,4,80.0,1,least-loaded,99.79137333333334,133.341,133.341,751.4677734375,0
balanced,16,4,80.0,1,KV-cost,99.79137333333334,133.341,133.341,751.4677734375,0
balanced,16,4,80.0,1,tree-aware-oracle,100.76452000000005,132.83972000000003,132.83972000000003,6.54296875,0
balanced,16,4,80.0,2,local-only,106.04689333333329,143.29689333333332,143.29689333333332,0.0,0
balanced,16,4,80.0,2,least-loaded,101.48022666666661,135.7578266666666,135.7578266666666,705.216796875,0
balanced,16,4,80.0,2,KV-cost,101.48022666666661,135.7578266666666,135.7578266666666,705.216796875,0
balanced,16,4,80.0,2,tree-aware-oracle,105.69350666666665,135.67684000000003,135.67684000000003,9.97265625,0
balanced,16,4,80.0,3,local-only,102.84587999999998,172.49046666666666,172.49046666666666,0.0,0
balanced,16,4,80.0,3,least-loaded,102.52626666666664,133.45959999999997,133.45959999999997,803.9462890625,0
balanced,16,4,80.0,3,KV-cost,102.52626666666664,133.45959999999997,133.45959999999997,803.9462890625,0
balanced,16,4,80.0,3,tree-aware-oracle,102.99453333333332,133.27953333333323,133.27953333333323,9.91552734375,0
balanced,16,4,80.0,4,local-only,101.48027999999998,167.44604000000004,167.44604000000004,0.0,0
balanced,16,4,80.0,4,least-loaded,98.99310666666665,132.0969466666667,132.0969466666667,771.095703125,0
balanced,16,4,80.0,4,KV-cost,98.99310666666665,132.0969466666667,132.0969466666667,771.095703125,0
balanced,16,4,80.0,4,tree-aware-oracle,99.6140266666667,131.79955999999996,131.79955999999996,0.0,0
balanced,16,4,80.0,5,local-only,102.67014666666664,137.8025466666666,137.8025466666666,0.0,0
balanced,16,4,80.0,5,least-loaded,103.20347999999997,134.76921333333328,134.76921333333328,813.24658203125,0
balanced,16,4,80.0,5,KV-cost,103.20347999999997,134.76921333333328,134.76921333333328,813.24658203125,0
balanced,16,4,80.0,5,tree-aware-oracle,101.52569333333332,134.60263999999995,134.60263999999995,2.57568359375,0
balanced,16,4,80.0,6,local-only,101.66076,137.51076,137.51076,0.0,0
balanced,16,4,80.0,6,least-loaded,98.57742666666667,132.8440933333333,132.8440933333333,733.6669921875,0
balanced,16,4,80.0,6,KV-cost,98.57742666666667,132.8440933333333,132.8440933333333,733.6669921875,0
balanced,16,4,80.0,6,tree-aware-oracle,100.13898666666667,132.5416266666667,132.5416266666667,0.0,0
balanced,16,4,80.0,7,local-only,102.00280000000002,166.0556933333333,166.0556933333333,0.0,0
balanced,16,4,80.0,7,least-loaded,100.13902666666668,131.63613333333333,131.63613333333333,759.63232421875,0
balanced,16,4,80.0,7,KV-cost,100.13902666666668,131.63613333333333,131.63613333333333,759.63232421875,0
balanced,16,4,80.0,7,tree-aware-oracle,100.74118666666664,131.69726666666668,131.69726666666668,7.4306640625,0
balanced,16,4,80.0,8,local-only,103.10947999999999,139.2428133333333,139.2428133333333,0.0,0
balanced,16,4,80.0,8,least-loaded,100.55977333333334,135.04334666666665,135.04334666666665,735.64013671875,0
balanced,16,4,80.0,8,KV-cost,100.55977333333334,135.04334666666665,135.04334666666665,735.64013671875,0
balanced,16,4,80.0,8,tree-aware-oracle,103.89086666666665,135.04244000000003,135.04244000000003,19.03369140625,0
balanced,16,4,80.0,9,local-only,100.08127999999999,162.26341333333332,162.26341333333332,0.0,0
balanced,16,4,80.0,9,least-loaded,95.41341333333335,129.21461333333326,129.21461333333326,770.76708984375,0
balanced,16,4,80.0,9,KV-cost,95.41341333333335,129.21461333333326,129.21461333333326,770.76708984375,0
balanced,16,4,80.0,9,tree-aware-oracle,100.37790666666669,129.4279066666667,129.4279066666667,4.953125,0
balanced,16,4,80.0,10,local-only,104.95160000000004,139.35160000000005,139.35160000000005,0.0,0
balanced,16,4,80.0,10,least-loaded,101.86202666666672,135.23222666666663,135.23222666666663,862.55859375,0
balanced,16,4,80.0,10,KV-cost,101.86202666666672,135.23222666666663,135.23222666666663,862.55859375,0
balanced,16,4,80.0,10,tree-aware-oracle,102.00690666666665,134.58632000000003,134.58632000000003,10.76025390625,0
balanced,16,4,80.0,11,local-only,102.91226666666667,162.85333333333338,162.85333333333338,0.0,0
balanced,16,4,80.0,11,least-loaded,99.88502666666666,130.96835999999996,130.96835999999996,797.04345703125,0
balanced,16,4,80.0,11,KV-cost,99.88502666666666,130.96835999999996,130.96835999999996,797.04345703125,0
balanced,16,4,80.0,11,tree-aware-oracle,98.59930666666669,130.93264000000005,130.93264000000005,1.84521484375,0
balanced,16,4,80.0,12,local-only,104.08149333333328,141.8981599999999,141.8981599999999,0.0,0
balanced,16,4,80.0,12,least-loaded,103.04658666666663,137.0148266666666,137.0148266666666,771.703125,0
balanced,16,4,80.0,12,KV-cost,103.04658666666663,137.0148266666666,137.0148266666666,771.703125,0
balanced,16,4,80.0,12,tree-aware-oracle,103.99830666666661,136.55089333333333,136.55089333333333,11.72802734375,0
balanced,16,4,80.0,13,local-only,101.26432000000001,165.09336000000005,165.09336000000005,0.0,0
balanced,16,4,80.0,13,least-loaded,100.19823999999994,132.1476533333333,132.1476533333333,775.18408203125,0
balanced,16,4,80.0,13,KV-cost,100.19823999999994,132.1476533333333,132.1476533333333,775.18408203125,0
balanced,16,4,80.0,13,tree-aware-oracle,100.05158666666665,131.98726666666667,131.98726666666667,0.0,0
balanced,16,4,80.0,14,local-only,100.91545333333329,134.8830933333333,134.8830933333333,0.0,0
balanced,16,4,80.0,14,least-loaded,100.10083999999999,132.53309333333328,132.53309333333328,787.482421875,0
balanced,16,4,80.0,14,KV-cost,100.10083999999999,132.53309333333328,132.53309333333328,787.482421875,0
balanced,16,4,80.0,14,tree-aware-oracle,100.07789333333332,132.2077866666666,132.2077866666666,1.671875,0
balanced,16,4,80.0,15,local-only,105.41136000000002,169.7111066666666,169.7111066666666,0.0,0
balanced,16,4,80.0,15,least-loaded,103.92089333333338,136.11135999999988,136.11135999999988,754.57568359375,0
balanced,16,4,80.0,15,KV-cost,103.92089333333338,136.11135999999988,136.11135999999988,754.57568359375,0
balanced,16,4,80.0,15,tree-aware-oracle,107.6164,135.89378666666667,135.89378666666667,14.041015625,0
balanced,16,4,80.0,16,local-only,100.51031999999995,132.66031999999993,132.66031999999993,0.0,0
balanced,16,4,80.0,16,least-loaded,98.31898666666665,131.2934533333333,131.2934533333333,720.91943359375,0
balanced,16,4,80.0,16,KV-cost,98.31898666666665,131.2934533333333,131.2934533333333,720.91943359375,0
balanced,16,4,80.0,16,tree-aware-oracle,99.62458666666663,130.97458666666662,130.97458666666662,3.5244140625,0
balanced,16,4,80.0,17,local-only,104.91937333333331,136.3858,136.3858,0.0,0
balanced,16,4,80.0,17,least-loaded,101.13580000000003,135.59740000000002,135.59740000000002,702.814453125,0
balanced,16,4,80.0,17,KV-cost,101.13580000000003,135.59740000000002,135.59740000000002,702.814453125,0
balanced,16,4,80.0,17,tree-aware-oracle,103.27913333333333,135.2458,135.2458,4.2216796875,0
balanced,16,4,80.0,18,local-only,103.61818666666667,171.76818666666674,171.76818666666674,0.0,0
balanced,16,4,80.0,18,least-loaded,101.63485333333337,135.33677333333338,135.33677333333338,824.11376953125,0
balanced,16,4,80.0,18,KV-cost,101.63485333333337,135.33677333333338,135.33677333333338,824.11376953125,0
balanced,16,4,80.0,18,tree-aware-oracle,103.82235999999996,135.15809333333334,135.15809333333334,0.0,0
balanced,16,4,80.0,19,local-only,103.40674666666669,165.65193333333335,165.65193333333335,0.0,0
balanced,16,4,80.0,19,least-loaded,103.17686666666664,135.66860000000003,135.66860000000003,711.9501953125,0
balanced,16,4,80.0,19,KV-cost,103.17686666666664,135.66860000000003,135.66860000000003,711.9501953125,0
balanced,16,4,80.0,19,tree-aware-oracle,103.27333333333334,135.58888,135.58888,11.24951171875,0
balanced,64,4,5.0,0,local-only,399.0574533333335,522.6721733333337,536.7074533333335,0.0,0
balanced,64,4,5.0,0,least-loaded,396.9140933333336,521.0307600000003,530.1221733333336,2986.2255859375,0
balanced,64,4,5.0,0,KV-cost,396.9140933333336,521.0307600000003,530.1221733333336,2986.2255859375,0
balanced,64,4,5.0,0,tree-aware-oracle,402.0584933333332,529.703906666667,530.1964000000005,10.1533203125,0
balanced,64,4,5.0,1,local-only,402.3011733333333,541.5200933333334,593.7034266666669,0.0,0
balanced,64,4,5.0,1,least-loaded,398.98676000000006,523.7028800000003,532.2644800000003,3198.708984375,0
balanced,64,4,5.0,1,KV-cost,398.98676000000006,523.7028800000003,532.2644800000003,3198.708984375,0
balanced,64,4,5.0,1,tree-aware-oracle,402.5844800000001,531.7182133333337,532.0678133333336,2.53857421875,0
balanced,64,4,5.0,2,local-only,400.658626666667,527.8312666666673,551.2586266666672,0.0,0
balanced,64,4,5.0,2,least-loaded,396.01192000000054,520.1146000000006,531.7252933333338,2975.48828125,0
balanced,64,4,5.0,2,KV-cost,396.01192000000054,520.1146000000006,531.7252933333338,2975.48828125,0
balanced,64,4,5.0,2,tree-aware-oracle,403.5761866666667,530.8611866666671,531.3795066666671,2.40966796875,0
balanced,64,4,5.0,3,local-only,408.70831999999984,532.51016,566.31016,0.0,0
balanced,64,4,5.0,3,least-loaded,401.61016,524.0416533333333,536.6089866666662,3091.525390625,0
balanced,64,4,5.0,3,KV-cost,401.61016,524.0416533333333,536.6089866666662,3091.525390625,0
balanced,64,4,5.0,3,tree-aware-oracle,406.8470266666663,535.6303599999994,536.1528800000003,7.53564453125,0
balanced,64,4,5.0,4,local-only,397.06814666666645,541.0709866666665,561.8661199999995,0.0,0
balanced,64,4,5.0,4,least-loaded,396.93278666666674,521.3209866666671,529.7543200000003,3127.37939453125,0
balanced,64,4,5.0,4,KV-cost,396.93278666666674,521.3209866666671,529.7543200000003,3127.37939453125,0
balanced,64,4,5.0,4,tree-aware-oracle,400.1669199999998,528.7224933333334,529.2502533333333,8.537109375,0
balanced,64,4,5.0,5,local-only,402.5732800000002,526.6873066666669,543.9039733333339,0.0,0
balanced,64,4,5.0,5,least-loaded,397.59530666666683,523.4453066666669,533.8732800000004,3024.498046875,0
balanced,64,4,5.0,5,KV-cost,397.59530666666683,523.4453066666669,533.8732800000004,3024.498046875,0
balanced,64,4,5.0,5,tree-aware-oracle,405.4291733333337,533.1800000000004,533.6674000000004,8.32470703125,0
balanced,64,4,5.0,6,local-only,396.52654666666666,530.2598800000003,552.1419066666671,0.0,0
balanced,64,4,5.0,6,least-loaded,394.02985333333345,514.8798533333335,526.8631866666667,2955.90869140625,0
balanced,64,4,5.0,6,KV-cost,394.02985333333345,514.8798533333335,526.8631866666667,2955.90869140625,0
balanced,64,4,5.0,6,tree-aware-oracle,399.66522666666674,526.1152266666668,526.6323066666666,11.697265625,0
balanced,64,4,5.0,7,local-only,400.8588933333335,545.9711866666668,599.3378533333334,0.0,0
balanced,64,4,5.0,7,least-loaded,397.2071466666666,516.4755600000002,528.8711866666671,3002.21337890625,0
balanced,64,4,5.0,7,KV-cost,397.2071466666666,516.4755600000002,528.8711866666671,3002.21337890625,0
balanced,64,4,5.0,7,tree-aware-oracle,405.8575733333333,528.0447199999995,528.5615599999998,20.63916015625,0
balanced,64,4,5.0,8,local-only,400.9068933333336,545.6598266666667,574.0902266666669,0.0,0
balanced,64,4,5.0,8,least-loaded,399.65982666666685,521.5735600000003,534.5764933333332,2971.4609375,0
balanced,64,4,5.0,8,KV-cost,399.65982666666685,521.5735600000003,534.5764933333332,2971.4609375,0
balanced,64,4,5.0,8,tree-aware-oracle,405.3635866666667,534.0954400000008,534.6202933333335,19.52490234375,0
balanced,64,4,5.0,9,local-only,401.11281333333335,555.9128133333331,590.6294799999997,0.0,0
balanced,64,4,5.0,9,least-loaded,393.9849733333336,517.3794800000001,528.8683066666673,3089.43408203125,0
balanced,64,4,5.0,9,KV-cost,393.9849733333336,517.3794800000001,528.8683066666673,3089.43408203125,0
balanced,64,4,5.0,9,tree-aware-oracle,400.5740000000004,528.2997599999994,528.6740000000009,0.0,0
balanced,64,4,5.0,10,local-only,405.4391466666664,531.9112,570.5583200000003,0.0,0
balanced,64,4,5.0,10,least-loaded,399.1945333333334,524.2225466666672,535.9225466666672,3036.50390625,0
balanced,64,4,5.0,10,KV-cost,399.1945333333334,524.2225466666672,535.9225466666672,3036.50390625,0
balanced,64,4,5.0,10,tree-aware-oracle,408.3834133333331,535.4019599999996,535.9349066666664,17.44677734375,0
balanced,64,4,5.0,11,local-only,401.1727866666668,528.7655333333341,564.8488666666675,0.0,0
balanced,64,4,5.0,11,least-loaded,397.10612000000015,520.6477200000003,533.0004133333332,3025.40771484375,0
balanced,64,4,5.0,11,KV-cost,397.10612000000015,520.6477200000003,533.0004133333332,3025.40771484375,0
balanced,64,4,5.0,11,tree-aware-oracle,400.01168,532.1330666666668,532.6616800000004,1.84521484375,0
balanced,64,4,5.0,12,local-only,402.5138533333334,527.6305199999999,550.0700399999993,0.0,0
balanced,64,4,5.0,12,least-loaded,396.8323599999999,519.62004,532.0971866666663,3060.67529296875,0
balanced,64,4,5.0,12,KV-cost,396.8323599999999,519.62004,532.0971866666663,3060.67529296875,0
balanced,64,4,5.0,12,tree-aware-oracle,404.68066666666664,531.380266666667,531.9105866666663,17.984375,0
balanced,64,4,5.0,13,local-only,401.41714666666655,531.9315066666666,558.8808000000004,0.0,0
balanced,64,4,5.0,13,least-loaded,397.36455999999987,526.3648399999998,533.0141333333338,2980.85888671875,0
balanced,64,4,5.0,13,KV-cost,397.36455999999987,526.3648399999998,533.0141333333338,2980.85888671875,0
balanced,64,4,5.0,13,tree-aware-oracle,401.2626133333333,531.9533733333335,532.4685733333334,1.36328125,0
balanced,64,4,5.0,14,local-only,400.40132000000017,526.377213333334,536.1846533333338,0.0,0
balanced,64,4,5.0,14,least-loaded,398.4179866666668,521.5407866666669,531.7938800000002,2999.095703125,0
balanced,64,4,5.0,14,KV-cost,398.4179866666668,521.5407866666669,531.7938800000002,2999.095703125,0
balanced,64,4,5.0,14,tree-aware-oracle,402.2417066666671,531.2780133333334,531.5750400000005,5.65380859375,0
balanced,64,4,5.0,15,local-only,403.4126799999997,542.329346666666,567.2709066666667,0.0,0
balanced,64,4,5.0,15,least-loaded,398.60424000000006,525.7126800000003,537.6214399999998,3096.0517578125,0
balanced,64,4,5.0,15,KV-cost,398.60424000000006,525.7126800000003,537.6214399999998,3096.0517578125,0
balanced,64,4,5.0,15,tree-aware-oracle,408.9465333333333,536.7402266666672,537.2722000000001,10.91552734375,0
balanced,64,4,5.0,16,local-only,403.94778666666696,529.8624933333342,564.0791600000009,0.0,0
balanced,64,4,5.0,16,least-loaded,396.57916000000023,518.4830000000005,530.7644533333334,2993.14599609375,0
balanced,64,4,5.0,16,KV-cost,396.57916000000023,518.4830000000005,530.7644533333334,2993.14599609375,0
balanced,64,4,5.0,16,tree-aware-oracle,407.4075066666671,530.4732399999998,530.540773333334,0.0,0
balanced,64,4,5.0,17,local-only,406.27459999999974,532.6746,565.3274533333337,0.0,0
balanced,64,4,5.0,17,least-loaded,398.307933333333,521.6176933333334,533.1579333333332,2959.72314453125,0
balanced,64,4,5.0,17,KV-cost,398.307933333333,521.6176933333334,533.1579333333332,2959.72314453125,0
balanced,64,4,5.0,17,tree-aware-oracle,407.14207999999996,532.4905733333331,532.8353066666663,7.931640625,0
balanced,64,4,5.0,18,local-only,400.98058666666674,564.4420933333332,602.7845733333334,0.0,0
balanced,64,4,5.0,18,least-loaded,397.7754266666668,525.7305866666665,534.7512399999997,3109.5341796875,0
balanced,64,4,5.0,18,KV-cost,397.7754266666668,525.7305866666665,534.7512399999997,3109.5341796875,0
balanced,64,4,5.0,18,tree-aware-oracle,405.25204,534.1187066666663,534.3899066666672,0.0,0
balanced,64,4,5.0,19,local-only,410.26211999999987,534.3732933333333,578.6287866666667,0.0,0
balanced,64,4,5.0,19,least-loaded,409.00662666666665,526.8787866666668,539.4232933333328,3061.04150390625,0
balanced,64,4,5.0,19,KV-cost,409.00662666666665,526.8787866666668,539.4232933333328,3061.04150390625,0
balanced,64,4,5.0,19,tree-aware-oracle,408.82072,538.9566666666666,539.2373866666667,5.294921875,0
balanced,64,4,20.0,0,local-only,399.0574533333335,522.6721733333337,536.7074533333335,0.0,0
balanced,64,4,20.0,0,least-loaded,396.9140933333336,521.0307600000003,530.1221733333336,2986.2255859375,0
balanced,64,4,20.0,0,KV-cost,396.9140933333336,521.0307600000003,530.1221733333336,2986.2255859375,0
balanced,64,4,20.0,0,tree-aware-oracle,402.0584933333332,529.703906666667,530.1964000000005,10.1533203125,0
balanced,64,4,20.0,1,local-only,402.3011733333333,541.5200933333334,593.7034266666669,0.0,0
balanced,64,4,20.0,1,least-loaded,398.98676000000006,523.7028800000003,532.2644800000003,3198.708984375,0
balanced,64,4,20.0,1,KV-cost,398.98676000000006,523.7028800000003,532.2644800000003,3198.708984375,0
balanced,64,4,20.0,1,tree-aware-oracle,402.5844800000001,531.7182133333337,532.0678133333336,2.53857421875,0
balanced,64,4,20.0,2,local-only,400.658626666667,527.8312666666673,551.2586266666672,0.0,0
balanced,64,4,20.0,2,least-loaded,396.01192000000054,520.1146000000006,531.7252933333338,2975.48828125,0
balanced,64,4,20.0,2,KV-cost,396.01192000000054,520.1146000000006,531.7252933333338,2975.48828125,0
balanced,64,4,20.0,2,tree-aware-oracle,403.5761866666667,530.8611866666671,531.3795066666671,2.40966796875,0
balanced,64,4,20.0,3,local-only,408.70831999999984,532.51016,566.31016,0.0,0
balanced,64,4,20.0,3,least-loaded,401.61016,524.0416533333333,536.6089866666662,3091.525390625,0
balanced,64,4,20.0,3,KV-cost,401.61016,524.0416533333333,536.6089866666662,3091.525390625,0
balanced,64,4,20.0,3,tree-aware-oracle,406.8470266666663,535.6303599999994,536.1528800000003,7.53564453125,0
balanced,64,4,20.0,4,local-only,397.06814666666645,541.0709866666665,561.8661199999995,0.0,0
balanced,64,4,20.0,4,least-loaded,396.93278666666674,521.3209866666671,529.7543200000003,3127.37939453125,0
balanced,64,4,20.0,4,KV-cost,396.93278666666674,521.3209866666671,529.7543200000003,3127.37939453125,0
balanced,64,4,20.0,4,tree-aware-oracle,400.1669199999998,528.7224933333334,529.2502533333333,8.537109375,0
balanced,64,4,20.0,5,local-only,402.5732800000002,526.6873066666669,543.9039733333339,0.0,0
balanced,64,4,20.0,5,least-loaded,397.59530666666683,523.4453066666669,533.8732800000004,3024.498046875,0
balanced,64,4,20.0,5,KV-cost,397.59530666666683,523.4453066666669,533.8732800000004,3024.498046875,0
balanced,64,4,20.0,5,tree-aware-oracle,405.4291733333337,533.1800000000004,533.6674000000004,8.32470703125,0
balanced,64,4,20.0,6,local-only,396.52654666666666,530.2598800000003,552.1419066666671,0.0,0
balanced,64,4,20.0,6,least-loaded,394.02985333333345,514.8798533333335,526.8631866666667,2955.90869140625,0
balanced,64,4,20.0,6,KV-cost,394.02985333333345,514.8798533333335,526.8631866666667,2955.90869140625,0
balanced,64,4,20.0,6,tree-aware-oracle,399.66522666666674,526.1152266666668,526.6323066666666,11.697265625,0
balanced,64,4,20.0,7,local-only,400.8588933333335,545.9711866666668,599.3378533333334,0.0,0
balanced,64,4,20.0,7,least-loaded,397.2071466666666,516.4755600000002,528.8711866666671,3002.21337890625,0
balanced,64,4,20.0,7,KV-cost,397.2071466666666,516.4755600000002,528.8711866666671,3002.21337890625,0
balanced,64,4,20.0,7,tree-aware-oracle,405.8575733333333,528.0447199999995,528.5615599999998,20.63916015625,0
balanced,64,4,20.0,8,local-only,400.9068933333336,545.6598266666667,574.0902266666669,0.0,0
balanced,64,4,20.0,8,least-loaded,399.65982666666685,521.5735600000003,534.5764933333332,2971.4609375,0
balanced,64,4,20.0,8,KV-cost,399.65982666666685,521.5735600000003,534.5764933333332,2971.4609375,0
balanced,64,4,20.0,8,tree-aware-oracle,405.3635866666667,534.0954400000008,534.6202933333335,19.52490234375,0
balanced,64,4,20.0,9,local-only,401.11281333333335,555.9128133333331,590.6294799999997,0.0,0
balanced,64,4,20.0,9,least-loaded,393.9849733333336,517.3794800000001,528.8683066666673,3089.43408203125,0
balanced,64,4,20.0,9,KV-cost,393.9849733333336,517.3794800000001,528.8683066666673,3089.43408203125,0
balanced,64,4,20.0,9,tree-aware-oracle,400.5740000000004,528.2997599999994,528.6740000000009,0.0,0
balanced,64,4,20.0,10,local-only,405.4391466666664,531.9112,570.5583200000003,0.0,0
balanced,64,4,20.0,10,least-loaded,399.1945333333334,524.2225466666672,535.9225466666672,3036.50390625,0
balanced,64,4,20.0,10,KV-cost,399.1945333333334,524.2225466666672,535.9225466666672,3036.50390625,0
balanced,64,4,20.0,10,tree-aware-oracle,408.3834133333331,535.4019599999996,535.9349066666664,17.44677734375,0
balanced,64,4,20.0,11,local-only,401.1727866666668,528.7655333333341,564.8488666666675,0.0,0
balanced,64,4,20.0,11,least-loaded,397.10612000000015,520.6477200000003,533.0004133333332,3025.40771484375,0
balanced,64,4,20.0,11,KV-cost,397.10612000000015,520.6477200000003,533.0004133333332,3025.40771484375,0
balanced,64,4,20.0,11,tree-aware-oracle,400.01168,532.1330666666668,532.6616800000004,1.84521484375,0
balanced,64,4,20.0,12,local-only,402.5138533333334,527.6305199999999,550.0700399999993,0.0,0
balanced,64,4,20.0,12,least-loaded,396.8323599999999,519.62004,532.0971866666663,3060.67529296875,0
balanced,64,4,20.0,12,KV-cost,396.8323599999999,519.62004,532.0971866666663,3060.67529296875,0
balanced,64,4,20.0,12,tree-aware-oracle,404.68066666666664,531.380266666667,531.9105866666663,17.984375,0
balanced,64,4,20.0,13,local-only,401.41714666666655,531.9315066666666,558.8808000000004,0.0,0
balanced,64,4,20.0,13,least-loaded,397.36455999999987,526.3648399999998,533.0141333333338,2980.85888671875,0
balanced,64,4,20.0,13,KV-cost,397.36455999999987,526.3648399999998,533.0141333333338,2980.85888671875,0
balanced,64,4,20.0,13,tree-aware-oracle,401.2626133333333,531.9533733333335,532.4685733333334,1.36328125,0
balanced,64,4,20.0,14,local-only,400.40132000000017,526.377213333334,536.1846533333338,0.0,0
balanced,64,4,20.0,14,least-loaded,398.4179866666668,521.5407866666669,531.7938800000002,2999.095703125,0
balanced,64,4,20.0,14,KV-cost,398.4179866666668,521.5407866666669,531.7938800000002,2999.095703125,0
balanced,64,4,20.0,14,tree-aware-oracle,402.2417066666671,531.2780133333334,531.5750400000005,5.65380859375,0
balanced,64,4,20.0,15,local-only,403.4126799999997,542.329346666666,567.2709066666667,0.0,0
balanced,64,4,20.0,15,least-loaded,398.60424000000006,525.7126800000003,537.6214399999998,3096.0517578125,0
balanced,64,4,20.0,15,KV-cost,398.60424000000006,525.7126800000003,537.6214399999998,3096.0517578125,0
balanced,64,4,20.0,15,tree-aware-oracle,408.9465333333333,536.7402266666672,537.2722000000001,10.91552734375,0
balanced,64,4,20.0,16,local-only,403.94778666666696,529.8624933333342,564.0791600000009,0.0,0
balanced,64,4,20.0,16,least-loaded,396.57916000000023,518.4830000000005,530.7644533333334,2993.14599609375,0
balanced,64,4,20.0,16,KV-cost,396.57916000000023,518.4830000000005,530.7644533333334,2993.14599609375,0
balanced,64,4,20.0,16,tree-aware-oracle,407.4075066666671,530.4732399999998,530.540773333334,0.0,0
balanced,64,4,20.0,17,local-only,406.27459999999974,532.6746,565.3274533333337,0.0,0
balanced,64,4,20.0,17,least-loaded,398.307933333333,521.6176933333334,533.1579333333332,2959.72314453125,0
balanced,64,4,20.0,17,KV-cost,398.307933333333,521.6176933333334,533.1579333333332,2959.72314453125,0
balanced,64,4,20.0,17,tree-aware-oracle,407.14207999999996,532.4905733333331,532.8353066666663,7.931640625,0
balanced,64,4,20.0,18,local-only,400.98058666666674,564.4420933333332,602.7845733333334,0.0,0
balanced,64,4,20.0,18,least-loaded,397.7754266666668,525.7305866666665,534.7512399999997,3109.5341796875,0
balanced,64,4,20.0,18,KV-cost,397.7754266666668,525.7305866666665,534.7512399999997,3109.5341796875,0
balanced,64,4,20.0,18,tree-aware-oracle,405.25204,534.1187066666663,534.3899066666672,0.0,0
balanced,64,4,20.0,19,local-only,410.26211999999987,534.3732933333333,578.6287866666667,0.0,0
balanced,64,4,20.0,19,least-loaded,409.00662666666665,526.8787866666668,539.4232933333328,3061.04150390625,0
balanced,64,4,20.0,19,KV-cost,409.00662666666665,526.8787866666668,539.4232933333328,3061.04150390625,0
balanced,64,4,20.0,19,tree-aware-oracle,408.82072,538.9566666666666,539.2373866666667,5.294921875,0
balanced,64,4,80.0,0,local-only,399.0574533333335,522.6721733333337,536.7074533333335,0.0,0
balanced,64,4,80.0,0,least-loaded,396.9140933333336,521.0307600000003,530.1221733333336,2986.2255859375,0
balanced,64,4,80.0,0,KV-cost,396.9140933333336,521.0307600000003,530.1221733333336,2986.2255859375,0
balanced,64,4,80.0,0,tree-aware-oracle,402.0584933333332,529.703906666667,530.1964000000005,10.1533203125,0
balanced,64,4,80.0,1,local-only,402.3011733333333,541.5200933333334,593.7034266666669,0.0,0
balanced,64,4,80.0,1,least-loaded,398.98676000000006,523.7028800000003,532.2644800000003,3198.708984375,0
balanced,64,4,80.0,1,KV-cost,398.98676000000006,523.7028800000003,532.2644800000003,3198.708984375,0
balanced,64,4,80.0,1,tree-aware-oracle,402.5844800000001,531.7182133333337,532.0678133333336,2.53857421875,0
balanced,64,4,80.0,2,local-only,400.658626666667,527.8312666666673,551.2586266666672,0.0,0
balanced,64,4,80.0,2,least-loaded,396.01192000000054,520.1146000000006,531.7252933333338,2975.48828125,0
balanced,64,4,80.0,2,KV-cost,396.01192000000054,520.1146000000006,531.7252933333338,2975.48828125,0
balanced,64,4,80.0,2,tree-aware-oracle,403.5761866666667,530.8611866666671,531.3795066666671,2.40966796875,0
balanced,64,4,80.0,3,local-only,408.70831999999984,532.51016,566.31016,0.0,0
balanced,64,4,80.0,3,least-loaded,401.61016,524.0416533333333,536.6089866666662,3091.525390625,0
balanced,64,4,80.0,3,KV-cost,401.61016,524.0416533333333,536.6089866666662,3091.525390625,0
balanced,64,4,80.0,3,tree-aware-oracle,406.8470266666663,535.6303599999994,536.1528800000003,7.53564453125,0
balanced,64,4,80.0,4,local-only,397.06814666666645,541.0709866666665,561.8661199999995,0.0,0
balanced,64,4,80.0,4,least-loaded,396.93278666666674,521.3209866666671,529.7543200000003,3127.37939453125,0
balanced,64,4,80.0,4,KV-cost,396.93278666666674,521.3209866666671,529.7543200000003,3127.37939453125,0
balanced,64,4,80.0,4,tree-aware-oracle,400.1669199999998,528.7224933333334,529.2502533333333,8.537109375,0
balanced,64,4,80.0,5,local-only,402.5732800000002,526.6873066666669,543.9039733333339,0.0,0
balanced,64,4,80.0,5,least-loaded,397.59530666666683,523.4453066666669,533.8732800000004,3024.498046875,0
balanced,64,4,80.0,5,KV-cost,397.59530666666683,523.4453066666669,533.8732800000004,3024.498046875,0
balanced,64,4,80.0,5,tree-aware-oracle,405.4291733333337,533.1800000000004,533.6674000000004,8.32470703125,0
balanced,64,4,80.0,6,local-only,396.52654666666666,530.2598800000003,552.1419066666671,0.0,0
balanced,64,4,80.0,6,least-loaded,394.02985333333345,514.8798533333335,526.8631866666667,2955.90869140625,0
balanced,64,4,80.0,6,KV-cost,394.02985333333345,514.8798533333335,526.8631866666667,2955.90869140625,0
balanced,64,4,80.0,6,tree-aware-oracle,399.66522666666674,526.1152266666668,526.6323066666666,11.697265625,0
balanced,64,4,80.0,7,local-only,400.8588933333335,545.9711866666668,599.3378533333334,0.0,0
balanced,64,4,80.0,7,least-loaded,397.2071466666666,516.4755600000002,528.8711866666671,3002.21337890625,0
balanced,64,4,80.0,7,KV-cost,397.2071466666666,516.4755600000002,528.8711866666671,3002.21337890625,0
balanced,64,4,80.0,7,tree-aware-oracle,405.8575733333333,528.0447199999995,528.5615599999998,20.63916015625,0
balanced,64,4,80.0,8,local-only,400.9068933333336,545.6598266666667,574.0902266666669,0.0,0
balanced,64,4,80.0,8,least-loaded,399.65982666666685,521.5735600000003,534.5764933333332,2971.4609375,0
balanced,64,4,80.0,8,KV-cost,399.65982666666685,521.5735600000003,534.5764933333332,2971.4609375,0
balanced,64,4,80.0,8,tree-aware-oracle,405.3635866666667,534.0954400000008,534.6202933333335,19.52490234375,0
balanced,64,4,80.0,9,local-only,401.11281333333335,555.9128133333331,590.6294799999997,0.0,0
balanced,64,4,80.0,9,least-loaded,393.9849733333336,517.3794800000001,528.8683066666673,3089.43408203125,0
balanced,64,4,80.0,9,KV-cost,393.9849733333336,517.3794800000001,528.8683066666673,3089.43408203125,0
balanced,64,4,80.0,9,tree-aware-oracle,400.5740000000004,528.2997599999994,528.6740000000009,0.0,0
balanced,64,4,80.0,10,local-only,405.4391466666664,531.9112,570.5583200000003,0.0,0
balanced,64,4,80.0,10,least-loaded,399.1945333333334,524.2225466666672,535.9225466666672,3036.50390625,0
balanced,64,4,80.0,10,KV-cost,399.1945333333334,524.2225466666672,535.9225466666672,3036.50390625,0
balanced,64,4,80.0,10,tree-aware-oracle,408.3834133333331,535.4019599999996,535.9349066666664,17.44677734375,0
balanced,64,4,80.0,11,local-only,401.1727866666668,528.7655333333341,564.8488666666675,0.0,0
balanced,64,4,80.0,11,least-loaded,397.10612000000015,520.6477200000003,533.0004133333332,3025.40771484375,0
balanced,64,4,80.0,11,KV-cost,397.10612000000015,520.6477200000003,533.0004133333332,3025.40771484375,0
balanced,64,4,80.0,11,tree-aware-oracle,400.01168,532.1330666666668,532.6616800000004,1.84521484375,0
balanced,64,4,80.0,12,local-only,402.5138533333334,527.6305199999999,550.0700399999993,0.0,0
balanced,64,4,80.0,12,least-loaded,396.8323599999999,519.62004,532.0971866666663,3060.67529296875,0
balanced,64,4,80.0,12,KV-cost,396.8323599999999,519.62004,532.0971866666663,3060.67529296875,0
balanced,64,4,80.0,12,tree-aware-oracle,404.68066666666664,531.380266666667,531.9105866666663,17.984375,0
balanced,64,4,80.0,13,local-only,401.41714666666655,531.9315066666666,558.8808000000004,0.0,0
balanced,64,4,80.0,13,least-loaded,397.36455999999987,526.3648399999998,533.0141333333338,2980.85888671875,0
balanced,64,4,80.0,13,KV-cost,397.36455999999987,526.3648399999998,533.0141333333338,2980.85888671875,0
balanced,64,4,80.0,13,tree-aware-oracle,401.2626133333333,531.9533733333335,532.4685733333334,1.36328125,0
balanced,64,4,80.0,14,local-only,400.40132000000017,526.377213333334,536.1846533333338,0.0,0
balanced,64,4,80.0,14,least-loaded,398.4179866666668,521.5407866666669,531.7938800000002,2999.095703125,0
balanced,64,4,80.0,14,KV-cost,398.4179866666668,521.5407866666669,531.7938800000002,2999.095703125,0
balanced,64,4,80.0,14,tree-aware-oracle,402.2417066666671,531.2780133333334,531.5750400000005,5.65380859375,0
balanced,64,4,80.0,15,local-only,403.4126799999997,542.329346666666,567.2709066666667,0.0,0
balanced,64,4,80.0,15,least-loaded,398.60424000000006,525.7126800000003,537.6214399999998,3096.0517578125,0
balanced,64,4,80.0,15,KV-cost,398.60424000000006,525.7126800000003,537.6214399999998,3096.0517578125,0
balanced,64,4,80.0,15,tree-aware-oracle,408.9465333333333,536.7402266666672,537.2722000000001,10.91552734375,0
balanced,64,4,80.0,16,local-only,403.94778666666696,529.8624933333342,564.0791600000009,0.0,0
balanced,64,4,80.0,16,least-loaded,396.57916000000023,518.4830000000005,530.7644533333334,2993.14599609375,0
balanced,64,4,80.0,16,KV-cost,396.57916000000023,518.4830000000005,530.7644533333334,2993.14599609375,0
balanced,64,4,80.0,16,tree-aware-oracle,407.4075066666671,530.4732399999998,530.540773333334,0.0,0
balanced,64,4,80.0,17,local-only,406.27459999999974,532.6746,565.3274533333337,0.0,0
balanced,64,4,80.0,17,least-loaded,398.307933333333,521.6176933333334,533.1579333333332,2959.72314453125,0
balanced,64,4,80.0,17,KV-cost,398.307933333333,521.6176933333334,533.1579333333332,2959.72314453125,0
balanced,64,4,80.0,17,tree-aware-oracle,407.14207999999996,532.4905733333331,532.8353066666663,7.931640625,0
balanced,64,4,80.0,18,local-only,400.98058666666674,564.4420933333332,602.7845733333334,0.0,0
balanced,64,4,80.0,18,least-loaded,397.7754266666668,525.7305866666665,534.7512399999997,3109.5341796875,0
balanced,64,4,80.0,18,KV-cost,397.7754266666668,525.7305866666665,534.7512399999997,3109.5341796875,0
balanced,64,4,80.0,18,tree-aware-oracle,405.25204,534.1187066666663,534.3899066666672,0.0,0
balanced,64,4,80.0,19,local-only,410.26211999999987,534.3732933333333,578.6287866666667,0.0,0
balanced,64,4,80.0,19,least-loaded,409.00662666666665,526.8787866666668,539.4232933333328,3061.04150390625,0
balanced,64,4,80.0,19,KV-cost,409.00662666666665,526.8787866666668,539.4232933333328,3061.04150390625,0
balanced,64,4,80.0,19,tree-aware-oracle,408.82072,538.9566666666666,539.2373866666667,5.294921875,0
uneven,4,4,5.0,0,local-only,32.17641333333333,34.55812,34.55812,0.0,0
uneven,4,4,5.0,0,least-loaded,31.77061333333333,34.252586666666666,34.252586666666666,112.3125,46850
uneven,4,4,5.0,0,KV-cost,31.59001333333333,33.511066666666665,33.511066666666665,112.3125,16160
uneven,4,4,5.0,0,tree-aware-oracle,31.74581333333333,32.17641333333334,32.17641333333334,17.306640625,0
uneven,4,4,5.0,1,local-only,32.99258666666666,36.528493333333344,36.528493333333344,0.0,0
uneven,4,4,5.0,1,least-loaded,33.10925333333333,35.09312510416667,35.09312510416667,132.2265625,10471
uneven,4,4,5.0,1,KV-cost,33.23193333333334,34.914485104166666,34.914485104166666,132.2265625,6336
uneven,4,4,5.0,1,tree-aware-oracle,33.77849333333334,33.968893333333334,33.968893333333334,13.68701171875,0
uneven,4,4,5.0,2,local-only,31.022173333333335,41.39975999999999,41.39975999999999,0.0,0
uneven,4,4,5.0,2,least-loaded,32.630199999999995,37.39741333333333,37.39741333333333,97.9375,38001
uneven,4,4,5.0,2,KV-cost,32.49079999999999,36.66937333333333,36.66937333333333,97.9375,10098
uneven,4,4,5.0,2,tree-aware-oracle,33.13408,33.84976,33.84976,14.29052734375,0
uneven,4,4,5.0,3,local-only,33.64321333333334,34.454133333333324,34.454133333333324,0.0,0
uneven,4,4,5.0,3,least-loaded,34.16715036458333,34.581493333333334,34.581493333333334,115.0009765625,18161
uneven,4,4,5.0,3,KV-cost,33.95599036458333,34.361533333333334,34.361533333333334,115.0009765625,2390
uneven,4,4,5.0,3,tree-aware-oracle,33.64321333333334,34.02697333333334,34.02697333333334,5.732421875,0
uneven,4,4,5.0,4,local-only,32.00577333333332,34.19016,34.19016,0.0,0
uneven,4,4,5.0,4,least-loaded,32.51163999999999,34.09809333333333,34.09809333333333,124.95458984375,35408
uneven,4,4,5.0,4,KV-cost,32.301919999999996,33.70345333333333,33.70345333333333,124.95458984375,11500
uneven,4,4,5.0,4,tree-aware-oracle,32.30924,32.640159999999995,32.640159999999995,7.61669921875,0
uneven,4,4,5.0,5,local-only,31.785719999999998,33.79907999999999,33.79907999999999,0.0,0
uneven,4,4,5.0,5,least-loaded,31.43572,34.03310666666666,34.03310666666666,125.50830078125,41709
uneven,4,4,5.0,5,KV-cost,31.43572,33.55882666666666,33.55882666666666,125.50830078125,19030
uneven,4,4,5.0,5,tree-aware-oracle,32.210013333333336,32.415600000000005,32.415600000000005,11.79150390625,0
uneven,4,4,5.0,6,local-only,33.82473333333333,37.329840000000004,37.329840000000004,0.0,0
uneven,4,4,5.0,6,least-loaded,34.507786666666675,35.78961333333333,35.78961333333333,120.56494140625,17731
uneven,4,4,5.0,6,KV-cost,34.507786666666675,35.78961333333333,35.78961333333333,120.56494140625,17731
uneven,4,4,5.0,6,tree-aware-oracle,34.77498666666666,35.013173333333334,35.013173333333334,16.83349609375,0
uneven,4,4,5.0,7,local-only,33.591653333333326,35.04112000000001,35.04112000000001,0.0,0
uneven,4,4,5.0,7,least-loaded,33.81697333333334,34.399386666666665,34.399386666666665,82.85205078125,26042
uneven,4,4,5.0,7,KV-cost,33.67085333333333,34.217906666666664,34.217906666666664,82.85205078125,14530
uneven,4,4,5.0,7,tree-aware-oracle,33.254666666666665,33.59476,33.59476,10.4443359375,0
uneven,4,4,5.0,8,local-only,32.63865333333333,34.5562,34.5562,0.0,0
uneven,4,4,5.0,8,least-loaded,33.13454666666667,34.54410666666667,34.54410666666667,131.0556640625,20806
uneven,4,4,5.0,8,KV-cost,33.13454666666667,34.29466666666667,34.29466666666667,131.0556640625,14570
uneven,4,4,5.0,8,tree-aware-oracle,33.12286666666666,33.649613333333335,33.649613333333335,8.13134765625,0
uneven,4,4,5.0,9,local-only,30.93401333333334,32.66693333333333,32.66693333333333,0.0,0
uneven,4,4,5.0,9,least-loaded,31.72313182291667,32.73690666666667,32.73690666666667,112.18115234375,20356
uneven,4,4,5.0,9,KV-cost,31.72313182291667,32.46734666666667,32.46734666666667,112.18115234375,13617
uneven,4,4,5.0,9,tree-aware-oracle,31.478213333333336,31.966933333333333,31.966933333333333,7.001953125,0
uneven,4,4,5.0,10,local-only,34.45306666666667,36.19256000000001,36.19256000000001,0.0,0
uneven,4,4,5.0,10,least-loaded,34.45922666666667,36.52877333333333,36.52877333333333,90.98291015625,9559
uneven,4,4,5.0,10,KV-cost,34.45922666666667,36.393213333333335,36.393213333333335,90.98291015625,0
uneven,4,4,5.0,10,tree-aware-oracle,34.613066666666676,35.119733333333336,35.119733333333336,5.26123046875,0
uneven,4,4,5.0,11,local-only,31.615093333333338,32.30993333333334,32.30993333333334,0.0,0
uneven,4,4,5.0,11,least-loaded,32.30934666666667,32.99132,32.99132,134.17431640625,38349
uneven,4,4,5.0,11,KV-cost,32.04326666666667,32.72132,32.72132,134.17431640625,11591
uneven,4,4,5.0,11,tree-aware-oracle,31.615093333333334,32.04326666666667,32.04326666666667,4.0302734375,0
uneven,4,4,5.0,12,local-only,34.842826666666674,34.890319999999996,34.890319999999996,0.0,0
uneven,4,4,5.0,12,least-loaded,34.59679875,34.863638750000014,34.863638750000014,101.10205078125,9700
uneven,4,4,5.0,12,KV-cost,34.59679875,34.69679875000001,34.69679875000001,96.5966796875,2318
uneven,4,4,5.0,12,tree-aware-oracle,34.25406666666665,34.55698666666667,34.55698666666667,4.07666015625,0
uneven,4,4,5.0,13,local-only,32.850093333333334,34.918040000000005,34.918040000000005,0.0,0
uneven,4,4,5.0,13,least-loaded,33.87292052083334,35.93892052083334,35.93892052083334,148.3525390625,37848
uneven,4,4,5.0,13,KV-cost,33.66496052083334,35.31496052083334,35.31496052083334,148.3525390625,11464
uneven,4,4,5.0,13,tree-aware-oracle,33.19508,34.11701333333333,34.11701333333333,9.86181640625,0
uneven,4,4,5.0,14,local-only,32.850253333333335,36.857466666666674,36.857466666666674,0.0,0
uneven,4,4,5.0,14,least-loaded,34.160591614583325,36.04770776041668,36.04770776041668,114.02197265625,56124
uneven,4,4,5.0,14,KV-cost,33.85746666666667,35.16396000000001,35.16396000000001,110.9013671875,11664
uneven,4,4,5.0,14,tree-aware-oracle,33.630626666666664,34.02413333333334,34.02413333333334,9.0439453125,0
uneven,4,4,5.0,15,local-only,33.991173333333336,35.1362,35.1362,0.0,0
uneven,4,4,5.0,15,least-loaded,34.18656,34.700359999999996,34.700359999999996,140.1240234375,9546
uneven,4,4,5.0,15,KV-cost,34.18656,34.700359999999996,34.700359999999996,140.1240234375,9546
uneven,4,4,5.0,15,tree-aware-oracle,34.04250666666667,34.55783999999999,34.55783999999999,5.3212890625,0
uneven,4,4,5.0,16,local-only,34.28369333333333,34.64341333333334,34.64341333333334,0.0,0
uneven,4,4,5.0,16,least-loaded,34.279840416666666,34.904160000000005,34.904160000000005,109.80859375,36185
uneven,4,4,5.0,16,KV-cost,33.86605333333334,34.42908,34.42908,109.80859375,2828
uneven,4,4,5.0,16,tree-aware-oracle,33.202933333333334,33.29341333333334,33.29341333333334,7.9453125,0
uneven,4,4,5.0,17,local-only,32.448479999999996,34.764,34.764,0.0,0
uneven,4,4,5.0,17,least-loaded,32.51399822916667,34.94278666666667,34.94278666666667,128.5078125,14043
uneven,4,4,5.0,17,KV-cost,32.51399822916667,34.68578666666667,34.68578666666667,128.5078125,2538
uneven,4,4,5.0,17,tree-aware-oracle,33.150933333333334,33.565146666666664,33.565146666666664,19.64013671875,0
uneven,4,4,5.0,18,local-only,33.54557333333334,35.98745333333333,35.98745333333333,0.0,0
uneven,4,4,5.0,18,least-loaded,33.97890666666667,35.99269333333333,35.99269333333333,109.4833984375,17145
uneven,4,4,5.0,18,KV-cost,33.97890666666667,35.60277333333333,35.60277333333333,109.4833984375,2883
uneven,4,4,5.0,18,tree-aware-oracle,34.39557333333333,34.82461333333333,34.82461333333333,8.109375,0
uneven,4,4,5.0,19,local-only,34.03534666666666,35.18776,35.18776,0.0,0
uneven,4,4,5.0,19,least-loaded,34.261120000000005,35.393159999999995,35.393159999999995,94.2421875,15269
uneven,4,4,5.0,19,KV-cost,34.08776,35.233839999999994,35.233839999999994,94.2421875,0
uneven,4,4,5.0,19,tree-aware-oracle,33.983839999999994,34.41867999999999,34.41867999999999,12.8076171875,0
uneven,4,4,20.0,0,local-only,32.17641333333333,34.55812,34.55812,0.0,0
uneven,4,4,20.0,0,least-loaded,31.176413333333333,33.97980122395834,33.97980122395834,117.396484375,0
uneven,4,4,20.0,0,KV-cost,31.176413333333333,33.524213333333336,33.524213333333336,104.61572265625,0
uneven,4,4,20.0,0,tree-aware-oracle,31.74581333333333,32.17641333333334,32.17641333333334,17.306640625,0
uneven,4,4,20.0,1,local-only,32.99258666666666,36.528493333333344,36.528493333333344,0.0,0
uneven,4,4,20.0,1,least-loaded,33.007914166666666,34.91749986979166,34.91749986979166,144.85009765625,0
uneven,4,4,20.0,1,KV-cost,33.007914166666666,34.80746666666666,34.80746666666666,139.7373046875,0
uneven,4,4,20.0,1,tree-aware-oracle,33.77849333333334,33.968893333333334,33.968893333333334,13.68701171875,0
uneven,4,4,20.0,2,local-only,31.022173333333335,41.39975999999999,41.39975999999999,0.0,0
uneven,4,4,20.0,2,least-loaded,32.535843007812495,36.971386953125005,36.971386953125005,126.03271484375,0
uneven,4,4,20.0,2,KV-cost,32.44975999999999,36.524026601562504,36.524026601562504,113.91748046875,0
uneven,4,4,20.0,2,tree-aware-oracle,33.13408,33.84976,33.84976,14.29052734375,0
uneven,4,4,20.0,3,local-only,33.64321333333334,34.454133333333324,34.454133333333324,0.0,0
uneven,4,4,20.0,3,least-loaded,34.06620477864584,34.887534531250004,34.887534531250004,127.51904296875,0
uneven,4,4,20.0,3,KV-cost,33.93632294270834,34.643640000000005,34.643640000000005,117.41845703125,0
uneven,4,4,20.0,3,tree-aware-oracle,33.64321333333334,34.02697333333334,34.02697333333334,5.732421875,0
uneven,4,4,20.0,4,local-only,32.00577333333332,34.19016,34.19016,0.0,0
uneven,4,4,20.0,4,least-loaded,32.45644292968749,33.70623427083333,33.70623427083333,133.0703125,0
uneven,4,4,20.0,4,KV-cost,32.32743999999999,33.46336513020833,33.46336513020833,123.53076171875,0
uneven,4,4,20.0,4,tree-aware-oracle,32.30924,32.640159999999995,32.640159999999995,7.61669921875,0
uneven,4,4,20.0,5,local-only,31.785719999999998,33.79907999999999,33.79907999999999,0.0,0
uneven,4,4,20.0,5,least-loaded,31.202386666666666,33.86332674479168,33.86332674479168,154.68017578125,0
uneven,4,4,20.0,5,KV-cost,31.419053333333338,33.63514122395834,33.63514122395834,141.87841796875,0
uneven,4,4,20.0,5,tree-aware-oracle,32.210013333333336,32.415600000000005,32.415600000000005,11.79150390625,0
uneven,4,4,20.0,6,local-only,33.82473333333333,37.329840000000004,37.329840000000004,0.0,0
uneven,4,4,20.0,6,least-loaded,34.52473333333334,35.37498666666667,35.37498666666667,138.47412109375,0
uneven,4,4,20.0,6,KV-cost,34.52473333333334,35.37498666666667,35.37498666666667,138.47412109375,0
uneven,4,4,20.0,6,tree-aware-oracle,34.77498666666666,35.013173333333334,35.013173333333334,16.83349609375,0
uneven,4,4,20.0,7,local-only,33.591653333333326,35.04112000000001,35.04112000000001,0.0,0
uneven,4,4,20.0,7,least-loaded,33.341120000000004,34.083099934895834,34.083099934895834,105.7490234375,0
uneven,4,4,20.0,7,KV-cost,33.341120000000004,33.971333333333334,33.971333333333334,101.75,0
uneven,4,4,20.0,7,tree-aware-oracle,33.254666666666665,33.59476,33.59476,10.4443359375,0
uneven,4,4,20.0,8,local-only,32.63865333333333,34.5562,34.5562,0.0,0
uneven,4,4,20.0,8,least-loaded,32.78865333333333,34.50944609375,34.50944609375,126.5458984375,0
uneven,4,4,20.0,8,KV-cost,32.78865333333333,34.3562,34.3562,123.5009765625,0
uneven,4,4,20.0,8,tree-aware-oracle,33.12286666666666,33.649613333333335,33.649613333333335,8.13134765625,0
uneven,4,4,20.0,9,local-only,30.93401333333334,32.66693333333333,32.66693333333333,0.0,0
uneven,4,4,20.0,9,least-loaded,31.65068,32.12898305989584,32.12898305989584,140.57080078125,0
uneven,4,4,20.0,9,KV-cost,31.65068,32.12898305989584,32.12898305989584,140.57080078125,0
uneven,4,4,20.0,9,tree-aware-oracle,31.478213333333336,31.966933333333333,31.966933333333333,7.001953125,0
uneven,4,4,20.0,10,local-only,34.45306666666667,36.19256000000001,36.19256000000001,0.0,0
uneven,4,4,20.0,10,least-loaded,34.45922666666667,36.47695259114584,36.47695259114584,95.650390625,0
uneven,4,4,20.0,10,KV-cost,34.45922666666667,36.393213333333335,36.393213333333335,90.98291015625,0
uneven,4,4,20.0,10,tree-aware-oracle,34.613066666666676,35.119733333333336,35.119733333333336,5.26123046875,0
uneven,4,4,20.0,11,local-only,31.615093333333338,32.30993333333334,32.30993333333334,0.0,0
uneven,4,4,20.0,11,least-loaded,32.197561588541674,32.54152755208333,32.54152755208333,161.22119140625,0
uneven,4,4,20.0,11,KV-cost,32.034159244791674,32.34251748697917,32.34251748697917,148.15576171875,0
uneven,4,4,20.0,11,tree-aware-oracle,31.615093333333334,32.04326666666667,32.04326666666667,4.0302734375,0
uneven,4,4,20.0,12,local-only,34.842826666666674,34.890319999999996,34.890319999999996,0.0,0
uneven,4,4,20.0,12,least-loaded,34.556986666666674,34.72024438802084,34.72024438802084,108.7783203125,0
uneven,4,4,20.0,12,KV-cost,34.556986666666674,34.61741333333334,34.61741333333334,105.1279296875,0
uneven,4,4,20.0,12,tree-aware-oracle,34.25406666666665,34.55698666666667,34.55698666666667,4.07666015625,0
uneven,4,4,20.0,13,local-only,32.850093333333334,34.918040000000005,34.918040000000005,0.0,0
uneven,4,4,20.0,13,least-loaded,33.705416953124995,35.650594960937504,35.650594960937504,166.71142578125,0
uneven,4,4,20.0,13,KV-cost,33.568039999999996,35.266760000000005,35.266760000000005,151.3193359375,0
uneven,4,4,20.0,13,tree-aware-oracle,33.19508,34.11701333333333,34.11701333333333,9.86181640625,0
uneven,4,4,20.0,14,local-only,32.850253333333335,36.857466666666674,36.857466666666674,0.0,0
uneven,4,4,20.0,14,least-loaded,34.098880234375,35.37012747395835,35.37012747395835,154.53369140625,0
uneven,4,4,20.0,14,KV-cost,34.0046917578125,35.024133333333346,35.024133333333346,140.9658203125,0
uneven,4,4,20.0,14,tree-aware-oracle,33.630626666666664,34.02413333333334,34.02413333333334,9.0439453125,0
uneven,4,4,20.0,15,local-only,33.991173333333336,35.1362,35.1362,0.0,0
uneven,4,4,20.0,15,least-loaded,33.975840000000005,34.74117333333333,34.74117333333333,142.2529296875,0
uneven,4,4,20.0,15,KV-cost,33.975840000000005,34.74117333333333,34.74117333333333,142.2529296875,0
uneven,4,4,20.0,15,tree-aware-oracle,34.04250666666667,34.55783999999999,34.55783999999999,5.3212890625,0
uneven,4,4,20.0,16,local-only,34.28369333333333,34.64341333333334,34.64341333333334,0.0,0
uneven,4,4,20.0,16,least-loaded,33.94921151041667,34.59489915364583,34.59489915364583,126.3564453125,0
uneven,4,4,20.0,16,KV-cost,33.695746666666665,34.30293333333333,34.30293333333333,110.06884765625,0
uneven,4,4,20.0,16,tree-aware-oracle,33.202933333333334,33.29341333333334,33.29341333333334,7.9453125,0
uneven,4,4,20.0,17,local-only,32.448479999999996,34.764,34.764,0.0,0
uneven,4,4,20.0,17,least-loaded,32.44733333333333,34.82300701822916,34.82300701822916,133.306640625,0
uneven,4,4,20.0,17,KV-cost,32.44733333333333,34.665146666666665,34.665146666666665,127.68896484375,0
uneven,4,4,20.0,17,tree-aware-oracle,33.150933333333334,33.565146666666664,33.565146666666664,19.64013671875,0
uneven,4,4,20.0,18,local-only,33.54557333333334,35.98745333333333,35.98745333333333,0.0,0
uneven,4,4,20.0,18,least-loaded,34.14557333333334,35.67289494791667,35.67289494791667,116.267578125,0
uneven,4,4,20.0,18,KV-cost,34.14557333333334,35.43290666666667,35.43290666666667,109.3037109375,0
uneven,4,4,20.0,18,tree-aware-oracle,34.39557333333333,34.82461333333333,34.82461333333333,8.109375,0
uneven,4,4,20.0,19,local-only,34.03534666666666,35.18776,35.18776,0.0,0
uneven,4,4,20.0,19,least-loaded,33.41717333333333,35.919334544270825,35.919334544270825,98.60498046875,0
uneven,4,4,20.0,19,KV-cost,33.41717333333333,35.82109333333332,35.82109333333332,94.5439453125,0
uneven,4,4,20.0,19,tree-aware-oracle,33.983839999999994,34.41867999999999,34.41867999999999,12.8076171875,0
uneven,4,4,80.0,0,local-only,32.17641333333333,34.55812,34.55812,0.0,0
uneven,4,4,80.0,0,least-loaded,31.176413333333333,33.64036030598959,33.64036030598959,117.396484375,0
uneven,4,4,80.0,0,KV-cost,31.176413333333333,33.524213333333336,33.524213333333336,104.61572265625,0
uneven,4,4,80.0,0,tree-aware-oracle,31.74581333333333,32.17641333333334,32.17641333333334,17.306640625,0
uneven,4,4,80.0,1,local-only,32.99258666666666,36.528493333333344,36.528493333333344,0.0,0
uneven,4,4,80.0,1,least-loaded,32.942586666666664,34.835724967447916,34.835724967447916,144.85009765625,0
uneven,4,4,80.0,1,KV-cost,32.942586666666664,34.80746666666666,34.80746666666666,139.7373046875,0
uneven,4,4,80.0,1,tree-aware-oracle,33.77849333333334,33.968893333333334,33.968893333333334,13.68701171875,0
uneven,4,4,80.0,2,local-only,31.022173333333335,41.39975999999999,41.39975999999999,0.0,0
uneven,4,4,80.0,2,least-loaded,32.289377418619786,36.9648367545573,36.9648367545573,127.99951171875,0
uneven,4,4,80.0,2,KV-cost,32.267106666666656,36.850746666666666,36.850746666666666,115.88427734375,0
uneven,4,4,80.0,2,tree-aware-oracle,33.13408,33.84976,33.84976,14.29052734375,0
uneven,4,4,80.0,3,local-only,33.64321333333334,34.454133333333324,34.454133333333324,0.0,0
uneven,4,4,80.0,3,least-loaded,33.95976712565104,34.7061136328125,34.7061136328125,127.51904296875,0
uneven,4,4,80.0,3,KV-cost,33.92654666666667,34.643640000000005,34.643640000000005,117.41845703125,0
uneven,4,4,80.0,3,tree-aware-oracle,33.64321333333334,34.02697333333334,34.02697333333334,5.732421875,0
uneven,4,4,80.0,4,local-only,32.00577333333332,34.19016,34.19016,0.0,0
uneven,4,4,80.0,4,least-loaded,32.438774065755204,33.58965728515625,33.58965728515625,130.580078125,0
uneven,4,4,80.0,4,KV-cost,32.40577333333333,33.52744,33.52744,121.04052734375,0
uneven,4,4,80.0,4,tree-aware-oracle,32.30924,32.640159999999995,32.640159999999995,7.61669921875,0
uneven,4,4,80.0,5,local-only,31.785719999999998,33.79907999999999,33.79907999999999,0.0,0
uneven,4,4,80.0,5,least-loaded,31.04882530598958,33.69011605143228,33.69011605143228,153.77490234375,0
uneven,4,4,80.0,5,KV-cost,31.04882530598958,33.61574666666666,33.61574666666666,140.09375,0
uneven,4,4,80.0,5,tree-aware-oracle,32.210013333333336,32.415600000000005,32.415600000000005,11.79150390625,0
uneven,4,4,80.0,6,local-only,33.82473333333333,37.329840000000004,37.329840000000004,0.0,0
uneven,4,4,80.0,6,least-loaded,34.52473333333334,35.37498666666667,35.37498666666667,138.47412109375,0
uneven,4,4,80.0,6,KV-cost,34.52473333333334,35.37498666666667,35.37498666666667,138.47412109375,0
uneven,4,4,80.0,6,tree-aware-oracle,34.77498666666666,35.013173333333334,35.013173333333334,16.83349609375,0
uneven,4,4,80.0,7,local-only,33.591653333333326,35.04112000000001,35.04112000000001,0.0,0
uneven,4,4,80.0,7,least-loaded,33.341120000000004,34.00002498372396,34.00002498372396,105.7490234375,0
uneven,4,4,80.0,7,KV-cost,33.341120000000004,33.971333333333334,33.971333333333334,101.75,0
uneven,4,4,80.0,7,tree-aware-oracle,33.254666666666665,33.59476,33.59476,10.4443359375,0
uneven,4,4,80.0,8,local-only,32.63865333333333,34.5562,34.5562,0.0,0
uneven,4,4,80.0,8,least-loaded,32.832946666666665,34.48091485677084,34.48091485677084,152.6904296875,0
uneven,4,4,80.0,8,KV-cost,32.832946666666665,34.441853333333334,34.441853333333334,146.5263671875,0
uneven,4,4,80.0,8,tree-aware-oracle,33.12286666666666,33.649613333333335,33.649613333333335,8.13134765625,0
uneven,4,4,80.0,9,local-only,30.93401333333334,32.66693333333333,32.66693333333333,0.0,0
uneven,4,4,80.0,9,least-loaded,31.616933333333332,32.10456,32.10456,131.958984375,0
uneven,4,4,80.0,9,KV-cost,31.616933333333332,32.10456,32.10456,131.958984375,0
uneven,4,4,80.0,9,tree-aware-oracle,31.478213333333336,31.966933333333333,31.966933333333333,7.001953125,0
uneven,4,4,80.0,10,local-only,34.45306666666667,36.19256000000001,36.19256000000001,0.0,0
uneven,4,4,80.0,10,least-loaded,34.45922666666667,36.41489814778646,36.41489814778646,95.650390625,0
uneven,4,4,80.0,10,KV-cost,34.45922666666667,36.393213333333335,36.393213333333335,90.98291015625,0
uneven,4,4,80.0,10,tree-aware-oracle,34.613066666666676,35.119733333333336,35.119733333333336,5.26123046875,0
uneven,4,4,80.0,11,local-only,31.615093333333338,32.30993333333334,32.30993333333334,0.0,0
uneven,4,4,80.0,11,least-loaded,31.8733605859375,32.64574539713542,32.64574539713542,153.9521484375,0
uneven,4,4,80.0,11,KV-cost,31.831760000000003,32.60354666666667,32.60354666666667,140.88671875,0
uneven,4,4,80.0,11,tree-aware-oracle,31.615093333333334,32.04326666666667,32.04326666666667,4.0302734375,0
uneven,4,4,80.0,12,local-only,34.842826666666674,34.890319999999996,34.890319999999996,0.0,0
uneven,4,4,80.0,12,least-loaded,34.556986666666674,34.64387109700522,34.64387109700522,108.7783203125,0
uneven,4,4,80.0,12,KV-cost,34.556986666666674,34.61741333333334,34.61741333333334,105.1279296875,0
uneven,4,4,80.0,12,tree-aware-oracle,34.25406666666665,34.55698666666667,34.55698666666667,4.07666015625,0
uneven,4,4,80.0,13,local-only,32.850093333333334,34.918040000000005,34.918040000000005,0.0,0
uneven,4,4,80.0,13,least-loaded,33.60313423828125,35.36496874023438,35.36496874023438,166.71142578125,0
uneven,4,4,80.0,13,KV-cost,33.568039999999996,35.266760000000005,35.266760000000005,151.3193359375,0
uneven,4,4,80.0,13,tree-aware-oracle,33.19508,34.11701333333333,34.11701333333333,9.86181640625,0
uneven,4,4,80.0,14,local-only,32.850253333333335,36.857466666666674,36.857466666666674,0.0,0
uneven,4,4,80.0,14,least-loaded,33.971590452473954,35.1121318684896,35.1121318684896,154.53369140625,0
uneven,4,4,80.0,14,KV-cost,33.94729333333333,35.024133333333346,35.024133333333346,142.56396484375,0
uneven,4,4,80.0,14,tree-aware-oracle,33.630626666666664,34.02413333333334,34.02413333333334,9.0439453125,0
uneven,4,4,80.0,15,local-only,33.991173333333336,35.1362,35.1362,0.0,0
uneven,4,4,80.0,15,least-loaded,33.975840000000005,34.74117333333333,34.74117333333333,142.2529296875,0
uneven,4,4,80.0,15,KV-cost,33.975840000000005,34.74117333333333,34.74117333333333,142.2529296875,0
uneven,4,4,80.0,15,tree-aware-oracle,34.04250666666667,34.55783999999999,34.55783999999999,5.3212890625,0
uneven,4,4,80.0,16,local-only,34.28369333333333,34.64341333333334,34.64341333333334,0.0,0
uneven,4,4,80.0,16,least-loaded,33.76061287760416,34.37742478841145,34.37742478841145,126.3564453125,0
uneven,4,4,80.0,16,KV-cost,33.695746666666665,34.30293333333333,34.30293333333333,110.06884765625,0
uneven,4,4,80.0,16,tree-aware-oracle,33.202933333333334,33.29341333333334,33.29341333333334,7.9453125,0
uneven,4,4,80.0,17,local-only,32.448479999999996,34.764,34.764,0.0,0
uneven,4,4,80.0,17,least-loaded,32.44733333333333,34.68869508789063,34.68869508789063,136.8857421875,0
uneven,4,4,80.0,17,KV-cost,32.44733333333333,34.648480000000006,34.648480000000006,131.26806640625,0
uneven,4,4,80.0,17,tree-aware-oracle,33.150933333333334,33.565146666666664,33.565146666666664,19.64013671875,0
uneven,4,4,80.0,18,local-only,33.54557333333334,35.98745333333333,35.98745333333333,0.0,0
uneven,4,4,80.0,18,least-loaded,34.14557333333334,35.494403736979166,35.494403736979166,116.267578125,0
uneven,4,4,80.0,18,KV-cost,34.14557333333334,35.43290666666667,35.43290666666667,109.3037109375,0
uneven,4,4,80.0,18,tree-aware-oracle,34.39557333333333,34.82461333333333,34.82461333333333,8.109375,0
uneven,4,4,80.0,19,local-only,34.03534666666666,35.18776,35.18776,0.0,0
uneven,4,4,80.0,19,least-loaded,33.41717333333333,35.8464036360677,35.8464036360677,98.60498046875,0
uneven,4,4,80.0,19,KV-cost,33.41717333333333,35.82109333333332,35.82109333333332,94.5439453125,0
uneven,4,4,80.0,19,tree-aware-oracle,33.983839999999994,34.41867999999999,34.41867999999999,12.8076171875,0
uneven,16,4,5.0,0,local-only,129.49733333333336,133.7482533333333,133.7482533333333,0.0,0
uneven,16,4,5.0,0,least-loaded,128.40157333333332,130.4482533333333,130.4482533333333,841.1982421875,0
uneven,16,4,5.0,0,KV-cost,128.40157333333332,130.4482533333333,130.4482533333333,841.1982421875,0
uneven,16,4,5.0,0,tree-aware-oracle,128.44957333333332,130.34957333333332,130.34957333333332,11.87744140625,0
uneven,16,4,5.0,1,local-only,130.48083999999994,166.5576666666667,166.5576666666667,0.0,0
uneven,16,4,5.0,1,least-loaded,130.74750666666662,132.941,132.941,770.23193359375,0
uneven,16,4,5.0,1,KV-cost,130.74750666666662,132.941,132.941,770.23193359375,0
uneven,16,4,5.0,1,tree-aware-oracle,130.94785333333334,132.86452,132.86452,8.453125,0
uneven,16,4,5.0,2,local-only,133.45467999999997,143.29689333333332,143.29689333333332,0.0,0
uneven,16,4,5.0,2,least-loaded,133.37449333333328,135.6468933333333,135.6468933333333,725.13623046875,0
uneven,16,4,5.0,2,KV-cost,133.37449333333328,135.6468933333333,135.6468933333333,725.13623046875,0
uneven,16,4,5.0,2,tree-aware-oracle,133.61518666666666,135.73185333333333,135.73185333333333,7.484375,0
uneven,16,4,5.0,3,local-only,133.02921333333327,172.4904666666667,172.4904666666667,0.0,0
uneven,16,4,5.0,3,least-loaded,130.94293333333334,133.69587999999993,133.69587999999993,811.24072265625,0
uneven,16,4,5.0,3,KV-cost,130.94293333333334,133.69587999999993,133.69587999999993,811.24072265625,0
uneven,16,4,5.0,3,tree-aware-oracle,131.5945333333333,133.31986666666654,133.31986666666654,19.32373046875,0
uneven,16,4,5.0,4,local-only,127.94310666666665,167.44603999999987,167.44603999999987,0.0,0
uneven,16,4,5.0,4,least-loaded,129.91361333333336,132.29694666666668,132.29694666666668,837.13623046875,0
uneven,16,4,5.0,4,KV-cost,129.91361333333336,132.29694666666668,132.29694666666668,837.13623046875,0
uneven,16,4,5.0,4,tree-aware-oracle,130.06322666666665,131.79956,131.79956,0.0,0
uneven,16,4,5.0,5,local-only,132.82958666666664,137.80254666666661,137.80254666666661,0.0,0
uneven,16,4,5.0,5,least-loaded,132.78681333333333,134.73416000000003,134.73416000000003,784.587890625,0
uneven,16,4,5.0,5,KV-cost,132.78681333333333,134.73416000000003,134.73416000000003,784.587890625,0
uneven,16,4,5.0,5,tree-aware-oracle,132.82569333333342,134.5526399999999,134.5526399999999,2.564453125,0
uneven,16,4,5.0,6,local-only,129.56055999999998,137.51075999999998,137.51075999999998,0.0,0
uneven,16,4,5.0,6,least-loaded,130.66055999999998,132.81055999999998,132.81055999999998,772.75439453125,0
uneven,16,4,5.0,6,KV-cost,130.66055999999998,132.81055999999998,132.81055999999998,772.75439453125,0
uneven,16,4,5.0,6,tree-aware-oracle,130.3582933333333,132.54162666666664,132.54162666666664,0.0,0
uneven,16,4,5.0,7,local-only,132.71883999999991,166.05569333333324,166.05569333333324,0.0,0
uneven,16,4,5.0,7,least-loaded,129.60217333333324,131.90217333333325,131.90217333333325,767.91015625,0
uneven,16,4,5.0,7,KV-cost,129.60217333333324,131.90217333333325,131.90217333333325,767.91015625,0
uneven,16,4,5.0,7,tree-aware-oracle,129.82586666666666,131.66393333333335,131.66393333333335,14.40576171875,0
uneven,16,4,5.0,8,local-only,131.52643999999998,139.24281333333332,139.24281333333332,0.0,0
uneven,16,4,5.0,8,least-loaded,133.29310666666666,135.7433466666666,135.7433466666666,762.96630859375,0
uneven,16,4,5.0,8,KV-cost,133.29310666666666,135.7433466666666,135.7433466666666,762.96630859375,0
uneven,16,4,5.0,8,tree-aware-oracle,133.32975999999994,135.2575333333333,135.2575333333333,7.68505859375,0
uneven,16,4,5.0,9,local-only,126.29423999999993,162.2634133333334,162.2634133333334,0.0,0
uneven,16,4,5.0,9,least-loaded,127.09424000000004,129.8646133333333,129.8646133333333,804.00244140625,0
uneven,16,4,5.0,9,KV-cost,127.09424000000004,129.8646133333333,129.8646133333333,804.00244140625,0
uneven,16,4,5.0,9,tree-aware-oracle,127.07241333333329,129.51458666666673,129.51458666666673,7.72265625,0
uneven,16,4,5.0,10,local-only,132.16556,139.3516000000001,139.3516000000001,0.0,0
uneven,16,4,5.0,10,least-loaded,132.4120266666667,134.89536,134.89536,854.05810546875,0
uneven,16,4,5.0,10,KV-cost,132.4120266666667,134.89536,134.89536,854.05810546875,0
uneven,16,4,5.0,10,tree-aware-oracle,132.95862666666673,134.60730666666672,134.60730666666672,9.37060546875,0
uneven,16,4,5.0,11,local-only,128.1889733333333,162.85333333333324,162.85333333333324,0.0,0
uneven,16,4,5.0,11,least-loaded,128.98502666666667,131.11226666666664,131.11226666666664,791.89501953125,0
uneven,16,4,5.0,11,KV-cost,128.98502666666667,131.11226666666664,131.11226666666664,791.89501953125,0
uneven,16,4,5.0,11,tree-aware-oracle,129.043,130.94018666666662,130.94018666666662,4.88037109375,0
uneven,16,4,5.0,12,local-only,132.46257333333338,141.8981599999999,141.8981599999999,0.0,0
uneven,16,4,5.0,12,least-loaded,134.4792399999999,136.7292399999999,136.7292399999999,809.42919921875,0
uneven,16,4,5.0,12,KV-cost,134.4792399999999,136.7292399999999,136.7292399999999,809.42919921875,0
uneven,16,4,5.0,12,tree-aware-oracle,134.56689333333333,136.46755999999993,136.46755999999993,2.41015625,0
uneven,16,4,5.0,13,local-only,132.00143999999995,165.09335999999996,165.09335999999996,0.0,0
uneven,16,4,5.0,13,least-loaded,130.34336,132.0809866666666,132.0809866666666,770.65625,0
uneven,16,4,5.0,13,KV-cost,130.34336,132.0809866666666,132.0809866666666,770.65625,0
uneven,16,4,5.0,13,tree-aware-oracle,130.1182533333333,131.98726666666667,131.98726666666667,0.0,0
uneven,16,4,5.0,14,local-only,130.23212,134.88309333333336,134.88309333333336,0.0,0
uneven,16,4,5.0,14,least-loaded,129.85084,132.83212,132.83212,795.458984375,0
uneven,16,4,5.0,14,KV-cost,129.85084,132.83212,132.83212,795.458984375,0
uneven,16,4,5.0,14,tree-aware-oracle,130.3486266666667,132.22789333333333,132.22789333333333,5.380859375,0
uneven,16,4,5.0,15,local-only,138.19469333333325,169.71110666666672,169.71110666666672,0.0,0
uneven,16,4,5.0,15,least-loaded,134.61110666666661,136.44443999999996,136.44443999999996,805.28515625,0
uneven,16,4,5.0,15,KV-cost,134.61110666666661,136.44443999999996,136.44443999999996,805.28515625,0
uneven,16,4,5.0,15,tree-aware-oracle,134.32572000000005,136.10905333333338,136.10905333333338,11.984375,0
uneven,16,4,5.0,16,local-only,128.60231999999996,132.66031999999996,132.66031999999996,0.0,0
uneven,16,4,5.0,16,least-loaded,128.93565333333328,131.62642666666665,131.62642666666665,772.91162109375,0
uneven,16,4,5.0,16,KV-cost,128.93565333333328,131.62642666666665,131.62642666666665,772.91162109375,0
uneven,16,4,5.0,16,tree-aware-oracle,129.05919999999995,130.97458666666662,130.97458666666662,3.53466796875,0
uneven,16,4,5.0,17,local-only,133.2307333333333,136.38580000000005,136.38580000000005,0.0,0
uneven,16,4,5.0,17,least-loaded,133.0307333333333,135.58579999999998,135.58579999999998,780.00537109375,0
uneven,16,4,5.0,17,KV-cost,133.0307333333333,135.58579999999998,135.58579999999998,780.00537109375,0
uneven,16,4,5.0,17,tree-aware-oracle,133.47130666666672,135.26246666666668,135.26246666666668,1.75,0
uneven,16,4,5.0,18,local-only,132.76001333333326,171.76818666666668,171.76818666666668,0.0,0
uneven,16,4,5.0,18,least-loaded,133.01101333333324,135.42767999999992,135.42767999999992,887.61279296875,0
uneven,16,4,5.0,18,KV-cost,133.01101333333324,135.42767999999992,135.42767999999992,887.61279296875,0
uneven,16,4,5.0,18,tree-aware-oracle,133.33198666666667,135.15809333333328,135.15809333333328,0.0,0
uneven,16,4,5.0,19,local-only,135.90674666666666,165.65193333333343,165.65193333333343,0.0,0
uneven,16,4,5.0,19,least-loaded,133.32686666666672,136.11020000000005,136.11020000000005,752.255859375,0
uneven,16,4,5.0,19,KV-cost,133.32686666666672,136.11020000000005,136.11020000000005,752.255859375,0
uneven,16,4,5.0,19,tree-aware-oracle,133.7161066666666,135.59799999999998,135.59799999999998,5.45166015625,0
uneven,16,4,20.0,0,local-only,129.49733333333336,133.7482533333333,133.7482533333333,0.0,0
uneven,16,4,20.0,0,least-loaded,128.40157333333332,130.4482533333333,130.4482533333333,841.1982421875,0
uneven,16,4,20.0,0,KV-cost,128.40157333333332,130.4482533333333,130.4482533333333,841.1982421875,0
uneven,16,4,20.0,0,tree-aware-oracle,128.44957333333332,130.34957333333332,130.34957333333332,11.87744140625,0
uneven,16,4,20.0,1,local-only,130.48083999999994,166.5576666666667,166.5576666666667,0.0,0
uneven,16,4,20.0,1,least-loaded,130.74750666666662,132.941,132.941,770.23193359375,0
uneven,16,4,20.0,1,KV-cost,130.74750666666662,132.941,132.941,770.23193359375,0
uneven,16,4,20.0,1,tree-aware-oracle,130.94785333333334,132.86452,132.86452,8.453125,0
uneven,16,4,20.0,2,local-only,133.45467999999997,143.29689333333332,143.29689333333332,0.0,0
uneven,16,4,20.0,2,least-loaded,133.37449333333328,135.6468933333333,135.6468933333333,725.13623046875,0
uneven,16,4,20.0,2,KV-cost,133.37449333333328,135.6468933333333,135.6468933333333,725.13623046875,0
uneven,16,4,20.0,2,tree-aware-oracle,133.61518666666666,135.73185333333333,135.73185333333333,7.484375,0
uneven,16,4,20.0,3,local-only,133.02921333333327,172.4904666666667,172.4904666666667,0.0,0
uneven,16,4,20.0,3,least-loaded,130.94293333333334,133.69587999999993,133.69587999999993,811.24072265625,0
uneven,16,4,20.0,3,KV-cost,130.94293333333334,133.69587999999993,133.69587999999993,811.24072265625,0
uneven,16,4,20.0,3,tree-aware-oracle,131.5945333333333,133.31986666666654,133.31986666666654,19.32373046875,0
uneven,16,4,20.0,4,local-only,127.94310666666665,167.44603999999987,167.44603999999987,0.0,0
uneven,16,4,20.0,4,least-loaded,129.91361333333336,132.29694666666668,132.29694666666668,837.13623046875,0
uneven,16,4,20.0,4,KV-cost,129.91361333333336,132.29694666666668,132.29694666666668,837.13623046875,0
uneven,16,4,20.0,4,tree-aware-oracle,130.06322666666665,131.79956,131.79956,0.0,0
uneven,16,4,20.0,5,local-only,132.82958666666664,137.80254666666661,137.80254666666661,0.0,0
uneven,16,4,20.0,5,least-loaded,132.78681333333333,134.73416000000003,134.73416000000003,784.587890625,0
uneven,16,4,20.0,5,KV-cost,132.78681333333333,134.73416000000003,134.73416000000003,784.587890625,0
uneven,16,4,20.0,5,tree-aware-oracle,132.82569333333342,134.5526399999999,134.5526399999999,2.564453125,0
uneven,16,4,20.0,6,local-only,129.56055999999998,137.51075999999998,137.51075999999998,0.0,0
uneven,16,4,20.0,6,least-loaded,130.66055999999998,132.81055999999998,132.81055999999998,772.75439453125,0
uneven,16,4,20.0,6,KV-cost,130.66055999999998,132.81055999999998,132.81055999999998,772.75439453125,0
uneven,16,4,20.0,6,tree-aware-oracle,130.3582933333333,132.54162666666664,132.54162666666664,0.0,0
uneven,16,4,20.0,7,local-only,132.71883999999991,166.05569333333324,166.05569333333324,0.0,0
uneven,16,4,20.0,7,least-loaded,129.60217333333324,131.90217333333325,131.90217333333325,767.91015625,0
uneven,16,4,20.0,7,KV-cost,129.60217333333324,131.90217333333325,131.90217333333325,767.91015625,0
uneven,16,4,20.0,7,tree-aware-oracle,129.82586666666666,131.66393333333335,131.66393333333335,14.40576171875,0
uneven,16,4,20.0,8,local-only,131.52643999999998,139.24281333333332,139.24281333333332,0.0,0
uneven,16,4,20.0,8,least-loaded,133.29310666666666,135.7433466666666,135.7433466666666,762.96630859375,0
uneven,16,4,20.0,8,KV-cost,133.29310666666666,135.7433466666666,135.7433466666666,762.96630859375,0
uneven,16,4,20.0,8,tree-aware-oracle,133.32975999999994,135.2575333333333,135.2575333333333,7.68505859375,0
uneven,16,4,20.0,9,local-only,126.29423999999993,162.2634133333334,162.2634133333334,0.0,0
uneven,16,4,20.0,9,least-loaded,127.09424000000004,129.8646133333333,129.8646133333333,804.00244140625,0
uneven,16,4,20.0,9,KV-cost,127.09424000000004,129.8646133333333,129.8646133333333,804.00244140625,0
uneven,16,4,20.0,9,tree-aware-oracle,127.07241333333329,129.51458666666673,129.51458666666673,7.72265625,0
uneven,16,4,20.0,10,local-only,132.16556,139.3516000000001,139.3516000000001,0.0,0
uneven,16,4,20.0,10,least-loaded,132.4120266666667,134.89536,134.89536,854.05810546875,0
uneven,16,4,20.0,10,KV-cost,132.4120266666667,134.89536,134.89536,854.05810546875,0
uneven,16,4,20.0,10,tree-aware-oracle,132.95862666666673,134.60730666666672,134.60730666666672,9.37060546875,0
uneven,16,4,20.0,11,local-only,128.1889733333333,162.85333333333324,162.85333333333324,0.0,0
uneven,16,4,20.0,11,least-loaded,128.98502666666667,131.11226666666664,131.11226666666664,791.89501953125,0
uneven,16,4,20.0,11,KV-cost,128.98502666666667,131.11226666666664,131.11226666666664,791.89501953125,0
uneven,16,4,20.0,11,tree-aware-oracle,129.043,130.94018666666662,130.94018666666662,4.88037109375,0
uneven,16,4,20.0,12,local-only,132.46257333333338,141.8981599999999,141.8981599999999,0.0,0
uneven,16,4,20.0,12,least-loaded,134.4792399999999,136.7292399999999,136.7292399999999,809.42919921875,0
uneven,16,4,20.0,12,KV-cost,134.4792399999999,136.7292399999999,136.7292399999999,809.42919921875,0
uneven,16,4,20.0,12,tree-aware-oracle,134.56689333333333,136.46755999999993,136.46755999999993,2.41015625,0
uneven,16,4,20.0,13,local-only,132.00143999999995,165.09335999999996,165.09335999999996,0.0,0
uneven,16,4,20.0,13,least-loaded,130.34336,132.0809866666666,132.0809866666666,770.65625,0
uneven,16,4,20.0,13,KV-cost,130.34336,132.0809866666666,132.0809866666666,770.65625,0
uneven,16,4,20.0,13,tree-aware-oracle,130.1182533333333,131.98726666666667,131.98726666666667,0.0,0
uneven,16,4,20.0,14,local-only,130.23212,134.88309333333336,134.88309333333336,0.0,0
uneven,16,4,20.0,14,least-loaded,129.85084,132.83212,132.83212,795.458984375,0
uneven,16,4,20.0,14,KV-cost,129.85084,132.83212,132.83212,795.458984375,0
uneven,16,4,20.0,14,tree-aware-oracle,130.3486266666667,132.22789333333333,132.22789333333333,5.380859375,0
uneven,16,4,20.0,15,local-only,138.19469333333325,169.71110666666672,169.71110666666672,0.0,0
uneven,16,4,20.0,15,least-loaded,134.61110666666661,136.44443999999996,136.44443999999996,805.28515625,0
uneven,16,4,20.0,15,KV-cost,134.61110666666661,136.44443999999996,136.44443999999996,805.28515625,0
uneven,16,4,20.0,15,tree-aware-oracle,134.32572000000005,136.10905333333338,136.10905333333338,11.984375,0
uneven,16,4,20.0,16,local-only,128.60231999999996,132.66031999999996,132.66031999999996,0.0,0
uneven,16,4,20.0,16,least-loaded,128.93565333333328,131.62642666666665,131.62642666666665,772.91162109375,0
uneven,16,4,20.0,16,KV-cost,128.93565333333328,131.62642666666665,131.62642666666665,772.91162109375,0
uneven,16,4,20.0,16,tree-aware-oracle,129.05919999999995,130.97458666666662,130.97458666666662,3.53466796875,0
uneven,16,4,20.0,17,local-only,133.2307333333333,136.38580000000005,136.38580000000005,0.0,0
uneven,16,4,20.0,17,least-loaded,133.0307333333333,135.58579999999998,135.58579999999998,780.00537109375,0
uneven,16,4,20.0,17,KV-cost,133.0307333333333,135.58579999999998,135.58579999999998,780.00537109375,0
uneven,16,4,20.0,17,tree-aware-oracle,133.47130666666672,135.26246666666668,135.26246666666668,1.75,0
uneven,16,4,20.0,18,local-only,132.76001333333326,171.76818666666668,171.76818666666668,0.0,0
uneven,16,4,20.0,18,least-loaded,133.01101333333324,135.42767999999992,135.42767999999992,887.61279296875,0
uneven,16,4,20.0,18,KV-cost,133.01101333333324,135.42767999999992,135.42767999999992,887.61279296875,0
uneven,16,4,20.0,18,tree-aware-oracle,133.33198666666667,135.15809333333328,135.15809333333328,0.0,0
uneven,16,4,20.0,19,local-only,135.90674666666666,165.65193333333343,165.65193333333343,0.0,0
uneven,16,4,20.0,19,least-loaded,133.32686666666672,136.11020000000005,136.11020000000005,752.255859375,0
uneven,16,4,20.0,19,KV-cost,133.32686666666672,136.11020000000005,136.11020000000005,752.255859375,0
uneven,16,4,20.0,19,tree-aware-oracle,133.7161066666666,135.59799999999998,135.59799999999998,5.45166015625,0
uneven,16,4,80.0,0,local-only,129.49733333333336,133.7482533333333,133.7482533333333,0.0,0
uneven,16,4,80.0,0,least-loaded,128.40157333333332,130.4482533333333,130.4482533333333,841.1982421875,0
uneven,16,4,80.0,0,KV-cost,128.40157333333332,130.4482533333333,130.4482533333333,841.1982421875,0
uneven,16,4,80.0,0,tree-aware-oracle,128.44957333333332,130.34957333333332,130.34957333333332,11.87744140625,0
uneven,16,4,80.0,1,local-only,130.48083999999994,166.5576666666667,166.5576666666667,0.0,0
uneven,16,4,80.0,1,least-loaded,130.74750666666662,132.941,132.941,770.23193359375,0
uneven,16,4,80.0,1,KV-cost,130.74750666666662,132.941,132.941,770.23193359375,0
uneven,16,4,80.0,1,tree-aware-oracle,130.94785333333334,132.86452,132.86452,8.453125,0
uneven,16,4,80.0,2,local-only,133.45467999999997,143.29689333333332,143.29689333333332,0.0,0
uneven,16,4,80.0,2,least-loaded,133.37449333333328,135.6468933333333,135.6468933333333,725.13623046875,0
uneven,16,4,80.0,2,KV-cost,133.37449333333328,135.6468933333333,135.6468933333333,725.13623046875,0
uneven,16,4,80.0,2,tree-aware-oracle,133.61518666666666,135.73185333333333,135.73185333333333,7.484375,0
uneven,16,4,80.0,3,local-only,133.02921333333327,172.4904666666667,172.4904666666667,0.0,0
uneven,16,4,80.0,3,least-loaded,130.94293333333334,133.69587999999993,133.69587999999993,811.24072265625,0
uneven,16,4,80.0,3,KV-cost,130.94293333333334,133.69587999999993,133.69587999999993,811.24072265625,0
uneven,16,4,80.0,3,tree-aware-oracle,131.5945333333333,133.31986666666654,133.31986666666654,19.32373046875,0
uneven,16,4,80.0,4,local-only,127.94310666666665,167.44603999999987,167.44603999999987,0.0,0
uneven,16,4,80.0,4,least-loaded,129.91361333333336,132.29694666666668,132.29694666666668,837.13623046875,0
uneven,16,4,80.0,4,KV-cost,129.91361333333336,132.29694666666668,132.29694666666668,837.13623046875,0
uneven,16,4,80.0,4,tree-aware-oracle,130.06322666666665,131.79956,131.79956,0.0,0
uneven,16,4,80.0,5,local-only,132.82958666666664,137.80254666666661,137.80254666666661,0.0,0
uneven,16,4,80.0,5,least-loaded,132.78681333333333,134.73416000000003,134.73416000000003,784.587890625,0
uneven,16,4,80.0,5,KV-cost,132.78681333333333,134.73416000000003,134.73416000000003,784.587890625,0
uneven,16,4,80.0,5,tree-aware-oracle,132.82569333333342,134.5526399999999,134.5526399999999,2.564453125,0
uneven,16,4,80.0,6,local-only,129.56055999999998,137.51075999999998,137.51075999999998,0.0,0
uneven,16,4,80.0,6,least-loaded,130.66055999999998,132.81055999999998,132.81055999999998,772.75439453125,0
uneven,16,4,80.0,6,KV-cost,130.66055999999998,132.81055999999998,132.81055999999998,772.75439453125,0
uneven,16,4,80.0,6,tree-aware-oracle,130.3582933333333,132.54162666666664,132.54162666666664,0.0,0
uneven,16,4,80.0,7,local-only,132.71883999999991,166.05569333333324,166.05569333333324,0.0,0
uneven,16,4,80.0,7,least-loaded,129.60217333333324,131.90217333333325,131.90217333333325,767.91015625,0
uneven,16,4,80.0,7,KV-cost,129.60217333333324,131.90217333333325,131.90217333333325,767.91015625,0
uneven,16,4,80.0,7,tree-aware-oracle,129.82586666666666,131.66393333333335,131.66393333333335,14.40576171875,0
uneven,16,4,80.0,8,local-only,131.52643999999998,139.24281333333332,139.24281333333332,0.0,0
uneven,16,4,80.0,8,least-loaded,133.29310666666666,135.7433466666666,135.7433466666666,762.96630859375,0
uneven,16,4,80.0,8,KV-cost,133.29310666666666,135.7433466666666,135.7433466666666,762.96630859375,0
uneven,16,4,80.0,8,tree-aware-oracle,133.32975999999994,135.2575333333333,135.2575333333333,7.68505859375,0
uneven,16,4,80.0,9,local-only,126.29423999999993,162.2634133333334,162.2634133333334,0.0,0
uneven,16,4,80.0,9,least-loaded,127.09424000000004,129.8646133333333,129.8646133333333,804.00244140625,0
uneven,16,4,80.0,9,KV-cost,127.09424000000004,129.8646133333333,129.8646133333333,804.00244140625,0
uneven,16,4,80.0,9,tree-aware-oracle,127.07241333333329,129.51458666666673,129.51458666666673,7.72265625,0
uneven,16,4,80.0,10,local-only,132.16556,139.3516000000001,139.3516000000001,0.0,0
uneven,16,4,80.0,10,least-loaded,132.4120266666667,134.89536,134.89536,854.05810546875,0
uneven,16,4,80.0,10,KV-cost,132.4120266666667,134.89536,134.89536,854.05810546875,0
uneven,16,4,80.0,10,tree-aware-oracle,132.95862666666673,134.60730666666672,134.60730666666672,9.37060546875,0
uneven,16,4,80.0,11,local-only,128.1889733333333,162.85333333333324,162.85333333333324,0.0,0
uneven,16,4,80.0,11,least-loaded,128.98502666666667,131.11226666666664,131.11226666666664,791.89501953125,0
uneven,16,4,80.0,11,KV-cost,128.98502666666667,131.11226666666664,131.11226666666664,791.89501953125,0
uneven,16,4,80.0,11,tree-aware-oracle,129.043,130.94018666666662,130.94018666666662,4.88037109375,0
uneven,16,4,80.0,12,local-only,132.46257333333338,141.8981599999999,141.8981599999999,0.0,0
uneven,16,4,80.0,12,least-loaded,134.4792399999999,136.7292399999999,136.7292399999999,809.42919921875,0
uneven,16,4,80.0,12,KV-cost,134.4792399999999,136.7292399999999,136.7292399999999,809.42919921875,0
uneven,16,4,80.0,12,tree-aware-oracle,134.56689333333333,136.46755999999993,136.46755999999993,2.41015625,0
uneven,16,4,80.0,13,local-only,132.00143999999995,165.09335999999996,165.09335999999996,0.0,0
uneven,16,4,80.0,13,least-loaded,130.34336,132.0809866666666,132.0809866666666,770.65625,0
uneven,16,4,80.0,13,KV-cost,130.34336,132.0809866666666,132.0809866666666,770.65625,0
uneven,16,4,80.0,13,tree-aware-oracle,130.1182533333333,131.98726666666667,131.98726666666667,0.0,0
uneven,16,4,80.0,14,local-only,130.23212,134.88309333333336,134.88309333333336,0.0,0
uneven,16,4,80.0,14,least-loaded,129.85084,132.83212,132.83212,795.458984375,0
uneven,16,4,80.0,14,KV-cost,129.85084,132.83212,132.83212,795.458984375,0
uneven,16,4,80.0,14,tree-aware-oracle,130.3486266666667,132.22789333333333,132.22789333333333,5.380859375,0
uneven,16,4,80.0,15,local-only,138.19469333333325,169.71110666666672,169.71110666666672,0.0,0
uneven,16,4,80.0,15,least-loaded,134.61110666666661,136.44443999999996,136.44443999999996,805.28515625,0
uneven,16,4,80.0,15,KV-cost,134.61110666666661,136.44443999999996,136.44443999999996,805.28515625,0
uneven,16,4,80.0,15,tree-aware-oracle,134.32572000000005,136.10905333333338,136.10905333333338,11.984375,0
uneven,16,4,80.0,16,local-only,128.60231999999996,132.66031999999996,132.66031999999996,0.0,0
uneven,16,4,80.0,16,least-loaded,128.93565333333328,131.62642666666665,131.62642666666665,772.91162109375,0
uneven,16,4,80.0,16,KV-cost,128.93565333333328,131.62642666666665,131.62642666666665,772.91162109375,0
uneven,16,4,80.0,16,tree-aware-oracle,129.05919999999995,130.97458666666662,130.97458666666662,3.53466796875,0
uneven,16,4,80.0,17,local-only,133.2307333333333,136.38580000000005,136.38580000000005,0.0,0
uneven,16,4,80.0,17,least-loaded,133.0307333333333,135.58579999999998,135.58579999999998,780.00537109375,0
uneven,16,4,80.0,17,KV-cost,133.0307333333333,135.58579999999998,135.58579999999998,780.00537109375,0
uneven,16,4,80.0,17,tree-aware-oracle,133.47130666666672,135.26246666666668,135.26246666666668,1.75,0
uneven,16,4,80.0,18,local-only,132.76001333333326,171.76818666666668,171.76818666666668,0.0,0
uneven,16,4,80.0,18,least-loaded,133.01101333333324,135.42767999999992,135.42767999999992,887.61279296875,0
uneven,16,4,80.0,18,KV-cost,133.01101333333324,135.42767999999992,135.42767999999992,887.61279296875,0
uneven,16,4,80.0,18,tree-aware-oracle,133.33198666666667,135.15809333333328,135.15809333333328,0.0,0
uneven,16,4,80.0,19,local-only,135.90674666666666,165.65193333333343,165.65193333333343,0.0,0
uneven,16,4,80.0,19,least-loaded,133.32686666666672,136.11020000000005,136.11020000000005,752.255859375,0
uneven,16,4,80.0,19,KV-cost,133.32686666666672,136.11020000000005,136.11020000000005,752.255859375,0
uneven,16,4,80.0,19,tree-aware-oracle,133.7161066666666,135.59799999999998,135.59799999999998,5.45166015625,0
uneven,64,4,5.0,0,local-only,521.0407866666667,533.4907866666667,536.7074533333333,0.0,0
uneven,64,4,5.0,0,least-loaded,521.1039066666668,529.407453333333,530.9205733333334,3042.95263671875,0
uneven,64,4,5.0,0,KV-cost,521.1039066666668,529.407453333333,530.9205733333334,3042.95263671875,0
uneven,64,4,5.0,0,tree-aware-oracle,521.4630666666671,529.7221599999999,530.2539066666665,21.67333984375,0
uneven,64,4,5.0,1,local-only,514.9195466666671,591.1034266666669,593.7034266666669,0.0,0
uneven,64,4,5.0,1,least-loaded,524.7011733333336,531.5478133333329,532.4534266666672,3232.87744140625,0
uneven,64,4,5.0,1,KV-cost,524.7011733333336,531.5478133333329,532.4534266666672,3232.87744140625,0
uneven,64,4,5.0,1,tree-aware-oracle,524.6511466666668,531.6344800000003,532.1515466666672,8.736328125,0
uneven,64,4,5.0,2,local-only,521.3785866666667,547.7252933333334,551.2586266666668,0.0,0
uneven,64,4,5.0,2,least-loaded,523.7479333333333,530.6812666666667,531.7752933333336,3080.935546875,0
uneven,64,4,5.0,2,KV-cost,523.7479333333333,530.6812666666667,531.7752933333336,3080.935546875,0
uneven,64,4,5.0,2,tree-aware-oracle,523.239666666667,530.8611866666669,531.392853333333,7.45166015625,0
uneven,64,4,5.0,3,local-only,522.8916533333331,562.6268266666665,566.3101599999999,0.0,0
uneven,64,4,5.0,3,least-loaded,526.7916533333334,535.45832,536.2681733333333,3249.322265625,0
uneven,64,4,5.0,3,KV-cost,526.7916533333334,535.45832,536.2681733333333,3249.322265625,0
uneven,64,4,5.0,3,tree-aware-oracle,528.2970266666665,535.6303599999999,536.1528800000001,8.2578125,0
uneven,64,4,5.0,4,local-only,540.0043200000001,558.3327866666672,561.8661200000005,0.0,0
uneven,64,4,5.0,4,least-loaded,520.6543200000001,528.6514799999997,529.40432,3027.2197265625,0
uneven,64,4,5.0,4,KV-cost,520.6543200000001,528.6514799999997,529.40432,3027.2197265625,0
uneven,64,4,5.0,4,tree-aware-oracle,521.6103199999997,528.7668266666664,529.2769866666663,11.2529296875,0
uneven,64,4,5.0,5,local-only,525.8619733333334,539.8539733333333,543.9039733333334,0.0,0
uneven,64,4,5.0,5,least-loaded,525.8953066666664,533.0286399999998,533.8066133333333,3089.66796875,0
uneven,64,4,5.0,5,KV-cost,525.8953066666664,533.0286399999998,533.8066133333333,3089.66796875,0
uneven,64,4,5.0,5,tree-aware-oracle,526.45548,533.1633333333341,533.6840666666669,9.779296875,0
uneven,64,4,5.0,6,local-only,524.8039066666663,549.4085733333337,552.1419066666671,0.0,0
uneven,64,4,5.0,6,least-loaded,518.6131866666667,525.9085733333335,526.9205733333337,3099.38671875,0
uneven,64,4,5.0,6,KV-cost,518.6131866666667,525.9085733333335,526.9205733333337,3099.38671875,0
uneven,64,4,5.0,6,tree-aware-oracle,518.9798666666669,526.09856,526.6298666666668,7.41064453125,0
uneven,64,4,5.0,7,local-only,505.7904799999997,596.0211866666673,599.337853333334,0.0,0
uneven,64,4,5.0,7,least-loaded,520.3545200000002,527.8922266666668,528.8545200000003,3025.25634765625,0
uneven,64,4,5.0,7,KV-cost,520.3545200000002,527.8922266666668,528.8545200000003,3025.25634765625,0
uneven,64,4,5.0,7,tree-aware-oracle,520.3062133333334,528.1395466666668,528.6615600000003,19.4697265625,0
uneven,64,4,5.0,8,local-only,547.1598266666667,571.5735600000002,574.0902266666668,0.0,0
uneven,64,4,5.0,8,least-loaded,526.1609599999998,534.0000266666667,534.4402266666676,2948.31005859375,0
uneven,64,4,5.0,8,KV-cost,526.1609599999998,534.0000266666667,534.4402266666676,2948.31005859375,0
uneven,64,4,5.0,8,tree-aware-oracle,525.7536266666665,534.1650533333332,534.6954400000002,4.36279296875,0
uneven,64,4,5.0,9,local-only,550.3655333333335,587.4461466666664,590.6294799999998,0.0,0
uneven,64,4,5.0,9,least-loaded,520.3516400000005,528.0016400000006,528.8821999999999,3162.6796875,0
uneven,64,4,5.0,9,KV-cost,520.3516400000005,528.0016400000006,528.8821999999999,3162.6796875,0
uneven,64,4,5.0,9,tree-aware-oracle,520.6830933333332,528.2997599999998,528.6740000000005,0.0,0
uneven,64,4,5.0,10,local-only,523.7558799999999,567.7583199999997,570.5583199999996,0.0,0
uneven,64,4,5.0,10,least-loaded,527.9058133333332,535.2725466666669,536.1945333333335,3165.14697265625,0
uneven,64,4,5.0,10,KV-cost,527.9058133333332,535.2725466666669,536.1945333333335,3165.14697265625,0
uneven,64,4,5.0,10,tree-aware-oracle,527.8609333333335,535.4109333333334,535.9349066666667,14.802734375,0
uneven,64,4,5.0,11,local-only,524.4227866666662,561.2155333333337,564.848866666667,0.0,0
uneven,64,4,5.0,11,least-loaded,524.8655333333338,531.9894533333342,533.3337466666669,3131.7880859375,0
uneven,64,4,5.0,11,KV-cost,524.8655333333338,531.9894533333342,533.3337466666669,3131.7880859375,0
uneven,64,4,5.0,11,tree-aware-oracle,524.3313600000004,532.1330666666667,532.6616800000005,2.0458984375,0
uneven,64,4,5.0,12,local-only,530.0805200000002,546.6533733333332,550.07004,0.0,0
uneven,64,4,5.0,12,least-loaded,523.6045600000003,530.67004,532.03052,3280.38427734375,0
uneven,64,4,5.0,12,KV-cost,523.6045600000003,530.67004,532.03052,3280.38427734375,0
uneven,64,4,5.0,12,tree-aware-oracle,523.877253333333,531.3973333333333,531.8969333333342,7.689453125,0
uneven,64,4,5.0,13,local-only,527.2981733333335,555.6308000000002,558.8808000000002,0.0,0
uneven,64,4,5.0,13,least-loaded,524.4141333333334,531.8171466666663,532.8312266666668,3115.3974609375,0
uneven,64,4,5.0,13,KV-cost,524.4141333333334,531.8171466666663,532.8312266666668,3115.3974609375,0
uneven,64,4,5.0,13,tree-aware-oracle,523.6261199999999,531.9200399999996,532.4427866666665,12.84375,0
uneven,64,4,5.0,14,local-only,524.0679866666665,534.3241200000003,536.1846533333331,0.0,0
uneven,64,4,5.0,14,least-loaded,524.3272133333336,531.3438800000002,531.5187199999998,3071.58935546875,0
uneven,64,4,5.0,14,KV-cost,524.3272133333336,531.3438800000002,531.5187199999998,3071.58935546875,0
uneven,64,4,5.0,14,tree-aware-oracle,524.0536933333331,531.1646266666667,531.5946800000004,10.638671875,0
uneven,64,4,5.0,15,local-only,540.488106666667,564.6209066666671,567.2709066666671,0.0,0
uneven,64,4,5.0,15,least-loaded,528.4960133333333,536.3547733333334,537.5960133333333,3222.1298828125,0
uneven,64,4,5.0,15,KV-cost,528.4960133333333,536.3547733333334,537.5960133333333,3222.1298828125,0
uneven,64,4,5.0,15,tree-aware-oracle,528.8689866666666,536.7222000000002,537.2465333333338,21.6962890625,0
uneven,64,4,5.0,16,local-only,523.1996666666665,561.2291600000005,564.0791600000006,0.0,0
uneven,64,4,5.0,16,least-loaded,522.9470133333331,530.0477866666665,530.747013333333,3115.70556640625,0
uneven,64,4,5.0,16,KV-cost,522.9470133333331,530.0477866666665,530.747013333333,3115.70556640625,0
uneven,64,4,5.0,16,tree-aware-oracle,523.0407733333338,530.4732399999996,530.540773333334,0.0,0
uneven,64,4,5.0,17,local-only,527.1843599999993,561.3441200000004,565.3274533333338,0.0,0
uneven,64,4,5.0,17,least-loaded,524.2579333333332,532.5941199999995,533.0079333333332,2969.74755859375,0
uneven,64,4,5.0,17,KV-cost,524.2579333333332,532.5941199999995,533.0079333333332,2969.74755859375,0
uneven,64,4,5.0,17,tree-aware-oracle,525.25724,532.5239066666667,532.9754133333332,6.6259765625,0
uneven,64,4,5.0,18,local-only,548.8587600000003,599.5179066666676,602.7845733333343,0.0,0
uneven,64,4,5.0,18,least-loaded,525.4805866666669,533.6254266666665,535.0472533333336,3175.3095703125,0
uneven,64,4,5.0,18,KV-cost,525.4805866666669,533.6254266666665,535.0472533333336,3175.3095703125,0
uneven,64,4,5.0,18,tree-aware-oracle,525.8854399999999,534.1187066666668,534.3899066666676,0.0,0
uneven,64,4,5.0,19,local-only,526.0888933333334,576.1121200000005,578.6287866666672,0.0,0
uneven,64,4,5.0,19,least-loaded,531.0810800000003,538.9222266666663,539.2066266666671,3161.1630859375,0
uneven,64,4,5.0,19,KV-cost,531.0810800000003,538.9222266666663,539.2066266666671,3161.1630859375,0
uneven,64,4,5.0,19,tree-aware-oracle,531.3356000000003,538.7873866666663,539.2400000000004,9.22607421875,0
uneven,64,4,20.0,0,local-only,521.0407866666667,533.4907866666667,536.7074533333333,0.0,0
uneven,64,4,20.0,0,least-loaded,521.1039066666668,529.407453333333,530.9205733333334,3042.95263671875,0
uneven,64,4,20.0,0,KV-cost,521.1039066666668,529.407453333333,530.9205733333334,3042.95263671875,0
uneven,64,4,20.0,0,tree-aware-oracle,521.4630666666671,529.7221599999999,530.2539066666665,21.67333984375,0
uneven,64,4,20.0,1,local-only,514.9195466666671,591.1034266666669,593.7034266666669,0.0,0
uneven,64,4,20.0,1,least-loaded,524.7011733333336,531.5478133333329,532.4534266666672,3232.87744140625,0
uneven,64,4,20.0,1,KV-cost,524.7011733333336,531.5478133333329,532.4534266666672,3232.87744140625,0
uneven,64,4,20.0,1,tree-aware-oracle,524.6511466666668,531.6344800000003,532.1515466666672,8.736328125,0
uneven,64,4,20.0,2,local-only,521.3785866666667,547.7252933333334,551.2586266666668,0.0,0
uneven,64,4,20.0,2,least-loaded,523.7479333333333,530.6812666666667,531.7752933333336,3080.935546875,0
uneven,64,4,20.0,2,KV-cost,523.7479333333333,530.6812666666667,531.7752933333336,3080.935546875,0
uneven,64,4,20.0,2,tree-aware-oracle,523.239666666667,530.8611866666669,531.392853333333,7.45166015625,0
uneven,64,4,20.0,3,local-only,522.8916533333331,562.6268266666665,566.3101599999999,0.0,0
uneven,64,4,20.0,3,least-loaded,526.7916533333334,535.45832,536.2681733333333,3249.322265625,0
uneven,64,4,20.0,3,KV-cost,526.7916533333334,535.45832,536.2681733333333,3249.322265625,0
uneven,64,4,20.0,3,tree-aware-oracle,528.2970266666665,535.6303599999999,536.1528800000001,8.2578125,0
uneven,64,4,20.0,4,local-only,540.0043200000001,558.3327866666672,561.8661200000005,0.0,0
uneven,64,4,20.0,4,least-loaded,520.6543200000001,528.6514799999997,529.40432,3027.2197265625,0
uneven,64,4,20.0,4,KV-cost,520.6543200000001,528.6514799999997,529.40432,3027.2197265625,0
uneven,64,4,20.0,4,tree-aware-oracle,521.6103199999997,528.7668266666664,529.2769866666663,11.2529296875,0
uneven,64,4,20.0,5,local-only,525.8619733333334,539.8539733333333,543.9039733333334,0.0,0
uneven,64,4,20.0,5,least-loaded,525.8953066666664,533.0286399999998,533.8066133333333,3089.66796875,0
uneven,64,4,20.0,5,KV-cost,525.8953066666664,533.0286399999998,533.8066133333333,3089.66796875,0
uneven,64,4,20.0,5,tree-aware-oracle,526.45548,533.1633333333341,533.6840666666669,9.779296875,0
uneven,64,4,20.0,6,local-only,524.8039066666663,549.4085733333337,552.1419066666671,0.0,0
uneven,64,4,20.0,6,least-loaded,518.6131866666667,525.9085733333335,526.9205733333337,3099.38671875,0
uneven,64,4,20.0,6,KV-cost,518.6131866666667,525.9085733333335,526.9205733333337,3099.38671875,0
uneven,64,4,20.0,6,tree-aware-oracle,518.9798666666669,526.09856,526.6298666666668,7.41064453125,0
uneven,64,4,20.0,7,local-only,505.7904799999997,596.0211866666673,599.337853333334,0.0,0
uneven,64,4,20.0,7,least-loaded,520.3545200000002,527.8922266666668,528.8545200000003,3025.25634765625,0
uneven,64,4,20.0,7,KV-cost,520.3545200000002,527.8922266666668,528.8545200000003,3025.25634765625,0
uneven,64,4,20.0,7,tree-aware-oracle,520.3062133333334,528.1395466666668,528.6615600000003,19.4697265625,0
uneven,64,4,20.0,8,local-only,547.1598266666667,571.5735600000002,574.0902266666668,0.0,0
uneven,64,4,20.0,8,least-loaded,526.1609599999998,534.0000266666667,534.4402266666676,2948.31005859375,0
uneven,64,4,20.0,8,KV-cost,526.1609599999998,534.0000266666667,534.4402266666676,2948.31005859375,0
uneven,64,4,20.0,8,tree-aware-oracle,525.7536266666665,534.1650533333332,534.6954400000002,4.36279296875,0
uneven,64,4,20.0,9,local-only,550.3655333333335,587.4461466666664,590.6294799999998,0.0,0
uneven,64,4,20.0,9,least-loaded,520.3516400000005,528.0016400000006,528.8821999999999,3162.6796875,0
uneven,64,4,20.0,9,KV-cost,520.3516400000005,528.0016400000006,528.8821999999999,3162.6796875,0
uneven,64,4,20.0,9,tree-aware-oracle,520.6830933333332,528.2997599999998,528.6740000000005,0.0,0
uneven,64,4,20.0,10,local-only,523.7558799999999,567.7583199999997,570.5583199999996,0.0,0
uneven,64,4,20.0,10,least-loaded,527.9058133333332,535.2725466666669,536.1945333333335,3165.14697265625,0
uneven,64,4,20.0,10,KV-cost,527.9058133333332,535.2725466666669,536.1945333333335,3165.14697265625,0
uneven,64,4,20.0,10,tree-aware-oracle,527.8609333333335,535.4109333333334,535.9349066666667,14.802734375,0
uneven,64,4,20.0,11,local-only,524.4227866666662,561.2155333333337,564.848866666667,0.0,0
uneven,64,4,20.0,11,least-loaded,524.8655333333338,531.9894533333342,533.3337466666669,3131.7880859375,0
uneven,64,4,20.0,11,KV-cost,524.8655333333338,531.9894533333342,533.3337466666669,3131.7880859375,0
uneven,64,4,20.0,11,tree-aware-oracle,524.3313600000004,532.1330666666667,532.6616800000005,2.0458984375,0
uneven,64,4,20.0,12,local-only,530.0805200000002,546.6533733333332,550.07004,0.0,0
uneven,64,4,20.0,12,least-loaded,523.6045600000003,530.67004,532.03052,3280.38427734375,0
uneven,64,4,20.0,12,KV-cost,523.6045600000003,530.67004,532.03052,3280.38427734375,0
uneven,64,4,20.0,12,tree-aware-oracle,523.877253333333,531.3973333333333,531.8969333333342,7.689453125,0
uneven,64,4,20.0,13,local-only,527.2981733333335,555.6308000000002,558.8808000000002,0.0,0
uneven,64,4,20.0,13,least-loaded,524.4141333333334,531.8171466666663,532.8312266666668,3115.3974609375,0
uneven,64,4,20.0,13,KV-cost,524.4141333333334,531.8171466666663,532.8312266666668,3115.3974609375,0
uneven,64,4,20.0,13,tree-aware-oracle,523.6261199999999,531.9200399999996,532.4427866666665,12.84375,0
uneven,64,4,20.0,14,local-only,524.0679866666665,534.3241200000003,536.1846533333331,0.0,0
uneven,64,4,20.0,14,least-loaded,524.3272133333336,531.3438800000002,531.5187199999998,3071.58935546875,0
uneven,64,4,20.0,14,KV-cost,524.3272133333336,531.3438800000002,531.5187199999998,3071.58935546875,0
uneven,64,4,20.0,14,tree-aware-oracle,524.0536933333331,531.1646266666667,531.5946800000004,10.638671875,0
uneven,64,4,20.0,15,local-only,540.488106666667,564.6209066666671,567.2709066666671,0.0,0
uneven,64,4,20.0,15,least-loaded,528.4960133333333,536.3547733333334,537.5960133333333,3222.1298828125,0
uneven,64,4,20.0,15,KV-cost,528.4960133333333,536.3547733333334,537.5960133333333,3222.1298828125,0
uneven,64,4,20.0,15,tree-aware-oracle,528.8689866666666,536.7222000000002,537.2465333333338,21.6962890625,0
uneven,64,4,20.0,16,local-only,523.1996666666665,561.2291600000005,564.0791600000006,0.0,0
uneven,64,4,20.0,16,least-loaded,522.9470133333331,530.0477866666665,530.747013333333,3115.70556640625,0
uneven,64,4,20.0,16,KV-cost,522.9470133333331,530.0477866666665,530.747013333333,3115.70556640625,0
uneven,64,4,20.0,16,tree-aware-oracle,523.0407733333338,530.4732399999996,530.540773333334,0.0,0
uneven,64,4,20.0,17,local-only,527.1843599999993,561.3441200000004,565.3274533333338,0.0,0
uneven,64,4,20.0,17,least-loaded,524.2579333333332,532.5941199999995,533.0079333333332,2969.74755859375,0
uneven,64,4,20.0,17,KV-cost,524.2579333333332,532.5941199999995,533.0079333333332,2969.74755859375,0
uneven,64,4,20.0,17,tree-aware-oracle,525.25724,532.5239066666667,532.9754133333332,6.6259765625,0
uneven,64,4,20.0,18,local-only,548.8587600000003,599.5179066666676,602.7845733333343,0.0,0
uneven,64,4,20.0,18,least-loaded,525.4805866666669,533.6254266666665,535.0472533333336,3175.3095703125,0
uneven,64,4,20.0,18,KV-cost,525.4805866666669,533.6254266666665,535.0472533333336,3175.3095703125,0
uneven,64,4,20.0,18,tree-aware-oracle,525.8854399999999,534.1187066666668,534.3899066666676,0.0,0
uneven,64,4,20.0,19,local-only,526.0888933333334,576.1121200000005,578.6287866666672,0.0,0
uneven,64,4,20.0,19,least-loaded,531.0810800000003,538.9222266666663,539.2066266666671,3161.1630859375,0
uneven,64,4,20.0,19,KV-cost,531.0810800000003,538.9222266666663,539.2066266666671,3161.1630859375,0
uneven,64,4,20.0,19,tree-aware-oracle,531.3356000000003,538.7873866666663,539.2400000000004,9.22607421875,0
uneven,64,4,80.0,0,local-only,521.0407866666667,533.4907866666667,536.7074533333333,0.0,0
uneven,64,4,80.0,0,least-loaded,521.1039066666668,529.407453333333,530.9205733333334,3042.95263671875,0
uneven,64,4,80.0,0,KV-cost,521.1039066666668,529.407453333333,530.9205733333334,3042.95263671875,0
uneven,64,4,80.0,0,tree-aware-oracle,521.4630666666671,529.7221599999999,530.2539066666665,21.67333984375,0
uneven,64,4,80.0,1,local-only,514.9195466666671,591.1034266666669,593.7034266666669,0.0,0
uneven,64,4,80.0,1,least-loaded,524.7011733333336,531.5478133333329,532.4534266666672,3232.87744140625,0
uneven,64,4,80.0,1,KV-cost,524.7011733333336,531.5478133333329,532.4534266666672,3232.87744140625,0
uneven,64,4,80.0,1,tree-aware-oracle,524.6511466666668,531.6344800000003,532.1515466666672,8.736328125,0
uneven,64,4,80.0,2,local-only,521.3785866666667,547.7252933333334,551.2586266666668,0.0,0
uneven,64,4,80.0,2,least-loaded,523.7479333333333,530.6812666666667,531.7752933333336,3080.935546875,0
uneven,64,4,80.0,2,KV-cost,523.7479333333333,530.6812666666667,531.7752933333336,3080.935546875,0
uneven,64,4,80.0,2,tree-aware-oracle,523.239666666667,530.8611866666669,531.392853333333,7.45166015625,0
uneven,64,4,80.0,3,local-only,522.8916533333331,562.6268266666665,566.3101599999999,0.0,0
uneven,64,4,80.0,3,least-loaded,526.7916533333334,535.45832,536.2681733333333,3249.322265625,0
uneven,64,4,80.0,3,KV-cost,526.7916533333334,535.45832,536.2681733333333,3249.322265625,0
uneven,64,4,80.0,3,tree-aware-oracle,528.2970266666665,535.6303599999999,536.1528800000001,8.2578125,0
uneven,64,4,80.0,4,local-only,540.0043200000001,558.3327866666672,561.8661200000005,0.0,0
uneven,64,4,80.0,4,least-loaded,520.6543200000001,528.6514799999997,529.40432,3027.2197265625,0
uneven,64,4,80.0,4,KV-cost,520.6543200000001,528.6514799999997,529.40432,3027.2197265625,0
uneven,64,4,80.0,4,tree-aware-oracle,521.6103199999997,528.7668266666664,529.2769866666663,11.2529296875,0
uneven,64,4,80.0,5,local-only,525.8619733333334,539.8539733333333,543.9039733333334,0.0,0
uneven,64,4,80.0,5,least-loaded,525.8953066666664,533.0286399999998,533.8066133333333,3089.66796875,0
uneven,64,4,80.0,5,KV-cost,525.8953066666664,533.0286399999998,533.8066133333333,3089.66796875,0
uneven,64,4,80.0,5,tree-aware-oracle,526.45548,533.1633333333341,533.6840666666669,9.779296875,0
uneven,64,4,80.0,6,local-only,524.8039066666663,549.4085733333337,552.1419066666671,0.0,0
uneven,64,4,80.0,6,least-loaded,518.6131866666667,525.9085733333335,526.9205733333337,3099.38671875,0
uneven,64,4,80.0,6,KV-cost,518.6131866666667,525.9085733333335,526.9205733333337,3099.38671875,0
uneven,64,4,80.0,6,tree-aware-oracle,518.9798666666669,526.09856,526.6298666666668,7.41064453125,0
uneven,64,4,80.0,7,local-only,505.7904799999997,596.0211866666673,599.337853333334,0.0,0
uneven,64,4,80.0,7,least-loaded,520.3545200000002,527.8922266666668,528.8545200000003,3025.25634765625,0
uneven,64,4,80.0,7,KV-cost,520.3545200000002,527.8922266666668,528.8545200000003,3025.25634765625,0
uneven,64,4,80.0,7,tree-aware-oracle,520.3062133333334,528.1395466666668,528.6615600000003,19.4697265625,0
uneven,64,4,80.0,8,local-only,547.1598266666667,571.5735600000002,574.0902266666668,0.0,0
uneven,64,4,80.0,8,least-loaded,526.1609599999998,534.0000266666667,534.4402266666676,2948.31005859375,0
uneven,64,4,80.0,8,KV-cost,526.1609599999998,534.0000266666667,534.4402266666676,2948.31005859375,0
uneven,64,4,80.0,8,tree-aware-oracle,525.7536266666665,534.1650533333332,534.6954400000002,4.36279296875,0
uneven,64,4,80.0,9,local-only,550.3655333333335,587.4461466666664,590.6294799999998,0.0,0
uneven,64,4,80.0,9,least-loaded,520.3516400000005,528.0016400000006,528.8821999999999,3162.6796875,0
uneven,64,4,80.0,9,KV-cost,520.3516400000005,528.0016400000006,528.8821999999999,3162.6796875,0
uneven,64,4,80.0,9,tree-aware-oracle,520.6830933333332,528.2997599999998,528.6740000000005,0.0,0
uneven,64,4,80.0,10,local-only,523.7558799999999,567.7583199999997,570.5583199999996,0.0,0
uneven,64,4,80.0,10,least-loaded,527.9058133333332,535.2725466666669,536.1945333333335,3165.14697265625,0
uneven,64,4,80.0,10,KV-cost,527.9058133333332,535.2725466666669,536.1945333333335,3165.14697265625,0
uneven,64,4,80.0,10,tree-aware-oracle,527.8609333333335,535.4109333333334,535.9349066666667,14.802734375,0
uneven,64,4,80.0,11,local-only,524.4227866666662,561.2155333333337,564.848866666667,0.0,0
uneven,64,4,80.0,11,least-loaded,524.8655333333338,531.9894533333342,533.3337466666669,3131.7880859375,0
uneven,64,4,80.0,11,KV-cost,524.8655333333338,531.9894533333342,533.3337466666669,3131.7880859375,0
uneven,64,4,80.0,11,tree-aware-oracle,524.3313600000004,532.1330666666667,532.6616800000005,2.0458984375,0
uneven,64,4,80.0,12,local-only,530.0805200000002,546.6533733333332,550.07004,0.0,0
uneven,64,4,80.0,12,least-loaded,523.6045600000003,530.67004,532.03052,3280.38427734375,0
uneven,64,4,80.0,12,KV-cost,523.6045600000003,530.67004,532.03052,3280.38427734375,0
uneven,64,4,80.0,12,tree-aware-oracle,523.877253333333,531.3973333333333,531.8969333333342,7.689453125,0
uneven,64,4,80.0,13,local-only,527.2981733333335,555.6308000000002,558.8808000000002,0.0,0
uneven,64,4,80.0,13,least-loaded,524.4141333333334,531.8171466666663,532.8312266666668,3115.3974609375,0
uneven,64,4,80.0,13,KV-cost,524.4141333333334,531.8171466666663,532.8312266666668,3115.3974609375,0
uneven,64,4,80.0,13,tree-aware-oracle,523.6261199999999,531.9200399999996,532.4427866666665,12.84375,0
uneven,64,4,80.0,14,local-only,524.0679866666665,534.3241200000003,536.1846533333331,0.0,0
uneven,64,4,80.0,14,least-loaded,524.3272133333336,531.3438800000002,531.5187199999998,3071.58935546875,0
uneven,64,4,80.0,14,KV-cost,524.3272133333336,531.3438800000002,531.5187199999998,3071.58935546875,0
uneven,64,4,80.0,14,tree-aware-oracle,524.0536933333331,531.1646266666667,531.5946800000004,10.638671875,0
uneven,64,4,80.0,15,local-only,540.488106666667,564.6209066666671,567.2709066666671,0.0,0
uneven,64,4,80.0,15,least-loaded,528.4960133333333,536.3547733333334,537.5960133333333,3222.1298828125,0
uneven,64,4,80.0,15,KV-cost,528.4960133333333,536.3547733333334,537.5960133333333,3222.1298828125,0
uneven,64,4,80.0,15,tree-aware-oracle,528.8689866666666,536.7222000000002,537.2465333333338,21.6962890625,0
uneven,64,4,80.0,16,local-only,523.1996666666665,561.2291600000005,564.0791600000006,0.0,0
uneven,64,4,80.0,16,least-loaded,522.9470133333331,530.0477866666665,530.747013333333,3115.70556640625,0
uneven,64,4,80.0,16,KV-cost,522.9470133333331,530.0477866666665,530.747013333333,3115.70556640625,0
uneven,64,4,80.0,16,tree-aware-oracle,523.0407733333338,530.4732399999996,530.540773333334,0.0,0
uneven,64,4,80.0,17,local-only,527.1843599999993,561.3441200000004,565.3274533333338,0.0,0
uneven,64,4,80.0,17,least-loaded,524.2579333333332,532.5941199999995,533.0079333333332,2969.74755859375,0
uneven,64,4,80.0,17,KV-cost,524.2579333333332,532.5941199999995,533.0079333333332,2969.74755859375,0
uneven,64,4,80.0,17,tree-aware-oracle,525.25724,532.5239066666667,532.9754133333332,6.6259765625,0
uneven,64,4,80.0,18,local-only,548.8587600000003,599.5179066666676,602.7845733333343,0.0,0
uneven,64,4,80.0,18,least-loaded,525.4805866666669,533.6254266666665,535.0472533333336,3175.3095703125,0
uneven,64,4,80.0,18,KV-cost,525.4805866666669,533.6254266666665,535.0472533333336,3175.3095703125,0
uneven,64,4,80.0,18,tree-aware-oracle,525.8854399999999,534.1187066666668,534.3899066666676,0.0,0
uneven,64,4,80.0,19,local-only,526.0888933333334,576.1121200000005,578.6287866666672,0.0,0
uneven,64,4,80.0,19,least-loaded,531.0810800000003,538.9222266666663,539.2066266666671,3161.1630859375,0
uneven,64,4,80.0,19,KV-cost,531.0810800000003,538.9222266666663,539.2066266666671,3161.1630859375,0
uneven,64,4,80.0,19,tree-aware-oracle,531.3356000000003,538.7873866666663,539.2400000000004,9.22607421875,0
