shape,tree_count,gpus,bandwidth_gbps_assumed,seed,policy,p50_s,p95_s,p99_s,transferred_kv_gb,recomputed_prefix_tokens
balanced,4,4,5.0,0,local-only,32.176413333333336,34.55812,34.55812,0.0,0
balanced,4,4,5.0,0,least-loaded,26.740013333333337,32.31248000000001,32.31248000000001,177.52490234375,10648
balanced,4,4,5.0,0,KV-cost,26.740013333333337,32.31248000000001,32.31248000000001,177.52490234375,10648
balanced,4,4,5.0,0,tree-aware-greedy-oracle,24.995813333333338,32.41248000000001,32.41248000000001,177.88623046875,5790
balanced,4,4,5.0,0,sibling-aware-oracle,24.995813333333338,32.41248000000001,32.41248000000001,177.88623046875,5790
balanced,4,4,5.0,1,local-only,32.99258666666667,36.52849333333334,36.52849333333334,0.0,0
balanced,4,4,5.0,1,least-loaded,26.86182666666667,34.34524854166667,34.34524854166667,209.8486328125,0
balanced,4,4,5.0,1,KV-cost,26.86182666666667,34.34524854166667,34.34524854166667,209.8486328125,0
balanced,4,4,5.0,1,tree-aware-greedy-oracle,27.46182666666667,34.045248541666666,34.045248541666666,201.6025390625,0
balanced,4,4,5.0,1,sibling-aware-oracle,27.46182666666667,34.045248541666666,34.045248541666666,201.6025390625,0
balanced,4,4,5.0,2,local-only,31.022173333333335,41.39976000000001,41.39976000000001,0.0,0
balanced,4,4,5.0,2,least-loaded,28.216426666666663,33.869373333333336,33.869373333333336,157.55908203125,10098
balanced,4,4,5.0,2,KV-cost,28.216426666666663,33.869373333333336,33.869373333333336,157.55908203125,10098
balanced,4,4,5.0,2,tree-aware-greedy-oracle,29.13309333333333,34.00682479166667,34.00682479166667,171.14501953125,10098
balanced,4,4,5.0,2,sibling-aware-oracle,29.13309333333333,34.00682479166667,34.00682479166667,171.14501953125,10098
balanced,4,4,5.0,3,local-only,33.64321333333334,34.45413333333333,34.45413333333333,0.0,0
balanced,4,4,5.0,3,least-loaded,25.444866666666673,34.405480000000004,34.405480000000004,168.61376953125,2390
balanced,4,4,5.0,3,KV-cost,25.444866666666673,34.405480000000004,34.405480000000004,168.61376953125,2390
balanced,4,4,5.0,3,tree-aware-greedy-oracle,26.56153333333334,34.52820000000001,34.52820000000001,169.0625,2390
balanced,4,4,5.0,3,sibling-aware-oracle,26.56153333333334,34.52820000000001,34.52820000000001,169.0625,2390
balanced,4,4,5.0,4,local-only,32.00577333333332,34.190160000000006,34.190160000000006,0.0,0
balanced,4,4,5.0,4,least-loaded,28.30192,32.90577333333333,32.90577333333333,189.09375,11500
balanced,4,4,5.0,4,KV-cost,28.30192,32.90577333333333,32.90577333333333,189.09375,11500
balanced,4,4,5.0,4,tree-aware-greedy-oracle,26.005773333333334,32.78146666666667,32.78146666666667,206.66845703125,11500
balanced,4,4,5.0,4,sibling-aware-oracle,26.005773333333334,32.78146666666667,32.78146666666667,206.66845703125,11500
balanced,4,4,5.0,5,local-only,31.78572,33.79908,33.79908,0.0,0
balanced,4,4,5.0,5,least-loaded,25.052386666666663,33.002386666666666,33.002386666666666,203.2919921875,13692
balanced,4,4,5.0,5,KV-cost,25.052386666666663,33.002386666666666,33.002386666666666,203.2919921875,13692
balanced,4,4,5.0,5,tree-aware-greedy-oracle,24.895306666666666,32.58572,32.58572,208.16845703125,13692
balanced,4,4,5.0,5,sibling-aware-oracle,24.895306666666666,32.58572,32.58572,208.16845703125,13692
balanced,4,4,5.0,6,local-only,33.82473333333333,37.32983999999999,37.32983999999999,0.0,0
balanced,4,4,5.0,6,least-loaded,26.574453333333334,35.45778666666667,35.45778666666667,187.86767578125,17731
balanced,4,4,5.0,6,KV-cost,26.574453333333334,35.45778666666667,35.45778666666667,187.86767578125,17731
balanced,4,4,5.0,6,tree-aware-greedy-oracle,28.607786666666666,35.10778666666666,35.10778666666666,181.73193359375,17731
balanced,4,4,5.0,6,sibling-aware-oracle,28.607786666666666,35.10778666666666,35.10778666666666,181.73193359375,17731
balanced,4,4,5.0,7,local-only,33.59165333333333,35.04112,35.04112,0.0,0
balanced,4,4,5.0,7,least-loaded,27.694759999999995,33.937520000000006,33.937520000000006,155.0087890625,9556
balanced,4,4,5.0,7,KV-cost,27.694759999999995,33.937520000000006,33.937520000000006,155.0087890625,9556
balanced,4,4,5.0,7,tree-aware-greedy-oracle,25.33092,33.74758666666666,33.74758666666666,153.15283203125,9556
balanced,4,4,5.0,7,sibling-aware-oracle,25.33092,33.74758666666666,33.74758666666666,153.15283203125,9556
balanced,4,4,5.0,8,local-only,32.63865333333333,34.5562,34.5562,0.0,0
balanced,4,4,5.0,8,least-loaded,27.46133333333333,33.611333333333334,33.611333333333334,203.1337890625,14570
balanced,4,4,5.0,8,KV-cost,27.46133333333333,33.611333333333334,33.611333333333334,203.1337890625,14570
balanced,4,4,5.0,8,tree-aware-greedy-oracle,26.711333333333336,33.66704000000001,33.66704000000001,185.08349609375,14570
balanced,4,4,5.0,8,sibling-aware-oracle,26.711333333333336,33.66704000000001,33.66704000000001,185.08349609375,14570
balanced,4,4,5.0,9,local-only,30.934013333333333,32.66693333333333,32.66693333333333,0.0,0
balanced,4,4,5.0,9,least-loaded,24.87089333333334,32.23401333333333,32.23401333333333,182.1279296875,13617
balanced,4,4,5.0,9,KV-cost,24.87089333333334,32.23401333333333,32.23401333333333,182.1279296875,13617
balanced,4,4,5.0,9,tree-aware-greedy-oracle,23.957986666666667,32.10068,32.10068,191.7158203125,13617
balanced,4,4,5.0,9,sibling-aware-oracle,24.304226666666665,32.14132000000001,32.14132000000001,173.71923828125,13617
balanced,4,4,5.0,10,local-only,34.453066666666665,36.19256000000001,36.19256000000001,0.0,0
balanced,4,4,5.0,10,least-loaded,26.909226666666672,35.52654666666666,35.52654666666666,145.89306640625,0
balanced,4,4,5.0,10,KV-cost,26.909226666666672,35.52654666666666,35.52654666666666,145.89306640625,0
balanced,4,4,5.0,10,tree-aware-greedy-oracle,28.88639999999999,35.67654666666667,35.67654666666667,158.11474609375,0
balanced,4,4,5.0,10,sibling-aware-oracle,28.88639999999999,35.67654666666667,35.67654666666667,158.11474609375,0
balanced,4,4,5.0,11,local-only,31.615093333333338,32.30993333333333,32.30993333333333,0.0,0
balanced,4,4,5.0,11,least-loaded,27.227626666666673,32.3766,32.3766,230.9658203125,11591
balanced,4,4,5.0,11,KV-cost,27.227626666666673,32.3766,32.3766,230.9658203125,11591
balanced,4,4,5.0,11,tree-aware-greedy-oracle,26.393266666666676,32.22178994791667,32.22178994791667,214.42431640625,11591
balanced,4,4,5.0,11,sibling-aware-oracle,26.393266666666676,32.22178994791667,32.22178994791667,214.42431640625,11591
balanced,4,4,5.0,12,local-only,34.842826666666674,34.890319999999996,34.890319999999996,0.0,0
balanced,4,4,5.0,12,least-loaded,28.42365333333333,35.04032,35.04032,156.67138671875,2318
balanced,4,4,5.0,12,KV-cost,28.42365333333333,35.04032,35.04032,152.166015625,2318
balanced,4,4,5.0,12,tree-aware-greedy-oracle,26.813465416666666,34.576800000000006,34.576800000000006,163.13671875,2318
balanced,4,4,5.0,12,sibling-aware-oracle,26.813465416666666,34.576800000000006,34.576800000000006,163.13671875,2318
balanced,4,4,5.0,13,local-only,32.85009333333334,34.918040000000005,34.918040000000005,0.0,0
balanced,4,4,5.0,13,least-loaded,25.587707343750004,34.481627187499996,34.481627187499996,228.86181640625,0
balanced,4,4,5.0,13,KV-cost,25.587707343750004,34.481627187499996,34.481627187499996,228.86181640625,0
balanced,4,4,5.0,13,tree-aware-greedy-oracle,25.79829385416667,34.283680000000004,34.283680000000004,228.91357421875,0
balanced,4,4,5.0,13,sibling-aware-oracle,25.79829385416667,34.283680000000004,34.283680000000004,228.91357421875,0
balanced,4,4,5.0,14,local-only,32.850253333333335,36.85746666666667,36.85746666666667,0.0,0
balanced,4,4,5.0,14,least-loaded,25.474133333333334,34.44729333333333,34.44729333333333,180.18701171875,5685
balanced,4,4,5.0,14,KV-cost,25.474133333333334,34.44729333333333,34.44729333333333,180.18701171875,5685
balanced,4,4,5.0,14,tree-aware-greedy-oracle,25.0408,34.34432000000001,34.34432000000001,188.7490234375,5685
balanced,4,4,5.0,14,sibling-aware-oracle,25.0408,34.34432000000001,34.34432000000001,188.7490234375,5685
balanced,4,4,5.0,15,local-only,33.991173333333336,35.136199999999995,35.136199999999995,0.0,0
balanced,4,4,5.0,15,least-loaded,27.825188124999993,35.10036,35.10036,212.3046875,9546
balanced,4,4,5.0,15,KV-cost,27.825188124999993,35.10036,35.10036,212.3046875,9546
balanced,4,4,5.0,15,tree-aware-greedy-oracle,31.83158666666666,34.97584,34.97584,172.8427734375,11436
balanced,4,4,5.0,15,sibling-aware-oracle,31.83158666666666,34.97584,34.97584,172.8427734375,11436
balanced,4,4,5.0,16,local-only,34.283693333333325,34.64341333333334,34.64341333333334,0.0,0
balanced,4,4,5.0,16,least-loaded,24.401173749999998,33.61784041666666,33.61784041666666,168.529296875,2828
balanced,4,4,5.0,16,KV-cost,24.401173749999998,33.61784041666666,33.61784041666666,168.529296875,2828
balanced,4,4,5.0,16,tree-aware-greedy-oracle,24.483693333333328,33.612413333333336,33.612413333333336,172.81396484375,2828
balanced,4,4,5.0,16,sibling-aware-oracle,24.483693333333328,33.612413333333336,33.612413333333336,172.81396484375,2828
balanced,4,4,5.0,17,local-only,32.448479999999996,34.763999999999996,34.763999999999996,0.0,0
balanced,4,4,5.0,17,least-loaded,25.047331562499995,33.675453333333344,33.675453333333344,177.2578125,2538
balanced,4,4,5.0,17,KV-cost,25.047331562499995,33.675453333333344,33.675453333333344,177.2578125,2538
balanced,4,4,5.0,17,tree-aware-greedy-oracle,24.08066489583333,33.64848,33.64848,165.75732421875,2538
balanced,4,4,5.0,17,sibling-aware-oracle,24.058786666666663,33.58066489583333,33.58066489583333,195.35205078125,2538
balanced,4,4,5.0,18,local-only,33.54557333333334,35.987453333333335,35.987453333333335,0.0,0
balanced,4,4,5.0,18,least-loaded,27.324613333333332,35.10277333333334,35.10277333333334,169.43408203125,2883
balanced,4,4,5.0,18,KV-cost,27.324613333333332,35.10277333333334,35.10277333333334,169.43408203125,2883
balanced,4,4,5.0,18,tree-aware-greedy-oracle,26.89128,35.241279999999996,35.241279999999996,157.4638671875,2883
balanced,4,4,5.0,18,sibling-aware-oracle,26.89128,35.241279999999996,35.241279999999996,157.4638671875,2883
balanced,4,4,5.0,19,local-only,34.035346666666655,35.18776,35.18776,0.0,0
balanced,4,4,5.0,19,least-loaded,29.067173333333333,34.833839999999995,34.833839999999995,162.8662109375,0
balanced,4,4,5.0,19,KV-cost,29.067173333333333,34.833839999999995,34.833839999999995,162.8662109375,0
balanced,4,4,5.0,19,tree-aware-greedy-oracle,27.704426666666667,34.88383999999999,34.88383999999999,183.01806640625,0
balanced,4,4,5.0,19,sibling-aware-oracle,27.704426666666667,34.88383999999999,34.88383999999999,183.01806640625,0
balanced,4,4,20.0,0,local-only,32.176413333333336,34.55812,34.55812,0.0,0
balanced,4,4,20.0,0,least-loaded,26.174786666666662,32.12421333333334,32.12421333333334,183.59716796875,0
balanced,4,4,20.0,0,KV-cost,26.174786666666662,32.12421333333334,32.12421333333334,183.59716796875,0
balanced,4,4,20.0,0,tree-aware-greedy-oracle,24.95812,32.11248,32.11248,193.39111328125,0
balanced,4,4,20.0,0,sibling-aware-oracle,24.95812,32.11248,32.11248,193.39111328125,0
balanced,4,4,20.0,1,local-only,32.99258666666667,36.52849333333334,36.52849333333334,0.0,0
balanced,4,4,20.0,1,least-loaded,27.759253333333334,34.042586666666665,34.042586666666665,189.6630859375,0
balanced,4,4,20.0,1,KV-cost,27.759253333333334,34.042586666666665,34.042586666666665,189.6630859375,0
balanced,4,4,20.0,1,tree-aware-greedy-oracle,27.40222666666667,34.018893333333345,34.018893333333345,186.48486328125,0
balanced,4,4,20.0,1,sibling-aware-oracle,27.40222666666667,34.018893333333345,34.018893333333345,186.48486328125,0
balanced,4,4,20.0,2,local-only,31.022173333333335,41.39976000000001,41.39976000000001,0.0,0
balanced,4,4,20.0,2,least-loaded,28.250439999999994,34.10043999999999,34.10043999999999,172.8623046875,0
balanced,4,4,20.0,2,KV-cost,28.250439999999994,34.10043999999999,34.10043999999999,172.8623046875,0
balanced,4,4,20.0,2,tree-aware-greedy-oracle,27.855506666666663,33.600440000000006,33.600440000000006,171.92724609375,0
balanced,4,4,20.0,2,sibling-aware-oracle,27.855506666666663,33.600440000000006,33.600440000000006,171.92724609375,0
balanced,4,4,20.0,3,local-only,33.64321333333334,34.45413333333333,34.45413333333333,0.0,0
balanced,4,4,20.0,3,least-loaded,25.504133333333336,34.47080000000001,34.47080000000001,167.7587890625,0
balanced,4,4,20.0,3,KV-cost,25.504133333333336,34.47080000000001,34.47080000000001,167.7587890625,0
balanced,4,4,20.0,3,tree-aware-greedy-oracle,26.56153333333334,34.14486666666668,34.14486666666668,168.876953125,0
balanced,4,4,20.0,3,sibling-aware-oracle,26.56153333333334,34.14486666666668,34.14486666666668,168.876953125,0
balanced,4,4,20.0,4,local-only,32.00577333333332,34.190160000000006,34.190160000000006,0.0,0
balanced,4,4,20.0,4,least-loaded,28.113365130208333,32.66077333333333,32.66077333333333,191.84765625,0
balanced,4,4,20.0,4,KV-cost,28.113365130208333,32.66077333333333,32.66077333333333,191.84765625,0
balanced,4,4,20.0,4,tree-aware-greedy-oracle,25.830031796875005,32.51336513020834,32.51336513020834,186.71044921875,0
balanced,4,4,20.0,4,sibling-aware-oracle,25.830031796875005,32.51336513020834,32.51336513020834,186.71044921875,0
balanced,4,4,20.0,5,local-only,31.78572,33.79908,33.79908,0.0,0
balanced,4,4,20.0,5,least-loaded,24.968474557291668,32.91847455729167,32.91847455729167,217.23193359375,0
balanced,4,4,20.0,5,KV-cost,24.935720000000003,32.77668,32.77668,225.26806640625,0
balanced,4,4,20.0,5,tree-aware-greedy-oracle,25.320608059895832,32.57060805989583,32.57060805989583,206.87158203125,0
balanced,4,4,20.0,5,sibling-aware-oracle,25.320608059895832,32.57060805989583,32.57060805989583,206.87158203125,0
balanced,4,4,20.0,6,local-only,33.82473333333333,37.32983999999999,37.32983999999999,0.0,0
balanced,4,4,20.0,6,least-loaded,27.1414,35.296506666666666,35.296506666666666,200.8916015625,0
balanced,4,4,20.0,6,KV-cost,27.1414,35.296506666666666,35.296506666666666,200.8916015625,0
balanced,4,4,20.0,6,tree-aware-greedy-oracle,27.27498666666666,34.89014666666667,34.89014666666667,200.3037109375,0
balanced,4,4,20.0,6,sibling-aware-oracle,27.27498666666666,34.89014666666667,34.89014666666667,200.3037109375,0
balanced,4,4,20.0,7,local-only,33.59165333333333,35.04112,35.04112,0.0,0
balanced,4,4,20.0,7,least-loaded,27.791119999999996,33.82498666666667,33.82498666666667,168.06298828125,0
balanced,4,4,20.0,7,KV-cost,27.791119999999996,33.82498666666667,33.82498666666667,168.06298828125,0
balanced,4,4,20.0,7,tree-aware-greedy-oracle,25.024453333333334,33.52133333333334,33.52133333333334,164.59716796875,0
balanced,4,4,20.0,7,sibling-aware-oracle,25.024453333333334,33.52133333333334,33.52133333333334,164.59716796875,0
balanced,4,4,20.0,8,local-only,32.63865333333333,34.5562,34.5562,0.0,0
balanced,4,4,20.0,8,least-loaded,28.28953333333333,33.432946666666666,33.432946666666666,196.41455078125,0
balanced,4,4,20.0,8,KV-cost,28.28953333333333,33.432946666666666,33.432946666666666,196.41455078125,0
balanced,4,4,20.0,8,tree-aware-greedy-oracle,27.572866666666663,33.52198666666666,33.52198666666666,199.65380859375,0
balanced,4,4,20.0,8,sibling-aware-oracle,27.572866666666663,33.52198666666666,33.52198666666666,199.65380859375,0
balanced,4,4,20.0,9,local-only,30.934013333333333,32.66693333333333,32.66693333333333,0.0,0
balanced,4,4,20.0,9,least-loaded,24.654560000000004,32.03401333333333,32.03401333333333,182.89453125,0
balanced,4,4,20.0,9,KV-cost,24.654560000000004,32.03401333333333,32.03401333333333,182.89453125,0
balanced,4,4,20.0,9,tree-aware-greedy-oracle,23.81231639322917,32.01231639322916,32.01231639322916,178.970703125,0
balanced,4,4,20.0,9,sibling-aware-oracle,23.84577350260417,32.01231639322917,32.01231639322917,194.7109375,0
balanced,4,4,20.0,10,local-only,34.453066666666665,36.19256000000001,36.19256000000001,0.0,0
balanced,4,4,20.0,10,least-loaded,26.909226666666672,35.52654666666666,35.52654666666666,145.89306640625,0
balanced,4,4,20.0,10,KV-cost,26.909226666666672,35.52654666666666,35.52654666666666,145.89306640625,0
balanced,4,4,20.0,10,tree-aware-greedy-oracle,28.88639999999999,35.67654666666667,35.67654666666667,158.11474609375,0
balanced,4,4,20.0,10,sibling-aware-oracle,28.88639999999999,35.67654666666667,35.67654666666667,158.11474609375,0
balanced,4,4,20.0,11,local-only,31.615093333333338,32.30993333333333,32.30993333333333,0.0,0
balanced,4,4,20.0,11,least-loaded,27.23012,32.150825911458334,32.150825911458334,243.2353515625,0
balanced,4,4,20.0,11,KV-cost,27.23012,32.150825911458334,32.150825911458334,243.2353515625,0
balanced,4,4,20.0,11,tree-aware-greedy-oracle,27.18415924479167,31.963453333333334,31.963453333333334,230.31298828125,0
balanced,4,4,20.0,11,sibling-aware-oracle,27.18415924479167,31.963453333333334,31.963453333333334,230.31298828125,0
balanced,4,4,20.0,12,local-only,34.842826666666674,34.890319999999996,34.890319999999996,0.0,0
balanced,4,4,20.0,12,least-loaded,28.350746666666666,34.96741333333333,34.96741333333333,170.404296875,0
balanced,4,4,20.0,12,KV-cost,28.350746666666666,34.96741333333333,34.96741333333333,170.404296875,0
balanced,4,4,20.0,12,tree-aware-greedy-oracle,26.192826666666665,34.57073333333334,34.57073333333334,160.146484375,0
balanced,4,4,20.0,12,sibling-aware-oracle,26.192826666666665,34.57073333333334,34.57073333333334,160.146484375,0
balanced,4,4,20.0,13,local-only,32.85009333333334,34.918040000000005,34.918040000000005,0.0,0
balanced,4,4,20.0,13,least-loaded,25.75034666666667,34.16174666666667,34.16174666666667,235.47119140625,0
balanced,4,4,20.0,13,KV-cost,25.75034666666667,34.16174666666667,34.16174666666667,235.47119140625,0
balanced,4,4,20.0,13,tree-aware-greedy-oracle,25.66804000000001,34.27841333333333,34.27841333333333,205.47705078125,0
balanced,4,4,20.0,13,sibling-aware-oracle,25.66804000000001,34.27841333333333,34.27841333333333,205.47705078125,0
balanced,4,4,20.0,14,local-only,32.850253333333335,36.85746666666667,36.85746666666667,0.0,0
balanced,4,4,20.0,14,least-loaded,25.624133333333337,34.26692,34.26692,201.22509765625,0
balanced,4,4,20.0,14,KV-cost,25.624133333333337,34.26692,34.26692,201.22509765625,0
balanced,4,4,20.0,14,tree-aware-greedy-oracle,24.98358666666667,34.29230666666667,34.29230666666667,210.603515625,0
balanced,4,4,20.0,14,sibling-aware-oracle,24.98358666666667,34.29230666666667,34.29230666666667,210.603515625,0
balanced,4,4,20.0,15,local-only,33.991173333333336,35.136199999999995,35.136199999999995,0.0,0
balanced,4,4,20.0,15,least-loaded,27.45036,34.652866666666675,34.652866666666675,204.04931640625,0
balanced,4,4,20.0,15,KV-cost,27.45036,34.652866666666675,34.652866666666675,204.04931640625,0
balanced,4,4,20.0,15,tree-aware-greedy-oracle,31.816439609375,34.84117333333334,34.84117333333334,197.06640625,0
balanced,4,4,20.0,15,sibling-aware-oracle,31.816439609375,34.84117333333334,34.84117333333334,197.06640625,0
balanced,4,4,20.0,16,local-only,34.283693333333325,34.64341333333334,34.64341333333334,0.0,0
balanced,4,4,20.0,16,least-loaded,24.952933333333338,33.65293333333334,33.65293333333334,182.087890625,0
balanced,4,4,20.0,16,KV-cost,24.952933333333338,33.65293333333334,33.65293333333334,182.087890625,0
balanced,4,4,20.0,16,tree-aware-greedy-oracle,24.333693333333336,33.543413333333326,33.543413333333326,174.388671875,0
balanced,4,4,20.0,16,sibling-aware-oracle,24.333693333333336,33.543413333333326,33.543413333333326,174.388671875,0
balanced,4,4,20.0,17,local-only,32.448479999999996,34.763999999999996,34.763999999999996,0.0,0
balanced,4,4,20.0,17,least-loaded,25.097333333333335,33.73181333333334,33.73181333333334,204.513671875,0
balanced,4,4,20.0,17,KV-cost,25.097333333333335,33.73181333333334,33.73181333333334,204.513671875,0
balanced,4,4,20.0,17,tree-aware-greedy-oracle,25.794776223958333,33.528109557291664,33.528109557291664,185.25927734375,0
balanced,4,4,20.0,17,sibling-aware-oracle,26.947333333333333,33.55878666666667,33.55878666666667,178.333984375,0
balanced,4,4,20.0,18,local-only,33.54557333333334,35.987453333333335,35.987453333333335,0.0,0
balanced,4,4,20.0,18,least-loaded,28.062240000000003,34.90794666666667,34.90794666666667,177.76171875,0
balanced,4,4,20.0,18,KV-cost,28.062240000000003,34.90794666666667,34.90794666666667,177.76171875,0
balanced,4,4,20.0,18,tree-aware-greedy-oracle,26.816240000000008,35.17461333333334,35.17461333333334,161.07763671875,0
balanced,4,4,20.0,18,sibling-aware-oracle,26.816240000000008,35.17461333333334,35.17461333333334,161.07763671875,0
balanced,4,4,20.0,19,local-only,34.035346666666655,35.18776,35.18776,0.0,0
balanced,4,4,20.0,19,least-loaded,29.250506666666663,34.75201333333333,34.75201333333333,153.79931640625,0
balanced,4,4,20.0,19,KV-cost,29.250506666666663,34.75201333333333,34.75201333333333,153.79931640625,0
balanced,4,4,20.0,19,tree-aware-greedy-oracle,28.818679999999993,34.73534666666666,34.73534666666666,179.11474609375,0
balanced,4,4,20.0,19,sibling-aware-oracle,28.818679999999993,34.73534666666666,34.73534666666666,179.11474609375,0
balanced,4,4,80.0,0,local-only,32.176413333333336,34.55812,34.55812,0.0,0
balanced,4,4,80.0,0,least-loaded,26.174786666666662,32.12421333333334,32.12421333333334,183.59716796875,0
balanced,4,4,80.0,0,KV-cost,26.174786666666662,32.12421333333334,32.12421333333334,183.59716796875,0
balanced,4,4,80.0,0,tree-aware-greedy-oracle,24.95812,32.11248,32.11248,193.39111328125,0
balanced,4,4,80.0,0,sibling-aware-oracle,24.95812,32.11248,32.11248,193.39111328125,0
balanced,4,4,80.0,1,local-only,32.99258666666667,36.52849333333334,36.52849333333334,0.0,0
balanced,4,4,80.0,1,least-loaded,27.759253333333334,34.042586666666665,34.042586666666665,189.6630859375,0
balanced,4,4,80.0,1,KV-cost,27.759253333333334,34.042586666666665,34.042586666666665,189.6630859375,0
balanced,4,4,80.0,1,tree-aware-greedy-oracle,27.40222666666667,34.018893333333345,34.018893333333345,186.48486328125,0
balanced,4,4,80.0,1,sibling-aware-oracle,27.40222666666667,34.018893333333345,34.018893333333345,186.48486328125,0
balanced,4,4,80.0,2,local-only,31.022173333333335,41.39976000000001,41.39976000000001,0.0,0
balanced,4,4,80.0,2,least-loaded,29.505506666666662,33.80074666666667,33.80074666666667,176.58837890625,0
balanced,4,4,80.0,2,KV-cost,29.505506666666662,33.80074666666667,33.80074666666667,176.58837890625,0
balanced,4,4,80.0,2,tree-aware-greedy-oracle,28.733093333333336,33.699760000000005,33.699760000000005,185.49951171875,0
balanced,4,4,80.0,2,sibling-aware-oracle,28.733093333333336,33.699760000000005,33.699760000000005,185.49951171875,0
balanced,4,4,80.0,3,local-only,33.64321333333334,34.45413333333333,34.45413333333333,0.0,0
balanced,4,4,80.0,3,least-loaded,25.504133333333336,34.47080000000001,34.47080000000001,167.7587890625,0
balanced,4,4,80.0,3,KV-cost,25.504133333333336,34.47080000000001,34.47080000000001,167.7587890625,0
balanced,4,4,80.0,3,tree-aware-greedy-oracle,26.60988000000001,34.126973333333346,34.126973333333346,170.8271484375,0
balanced,4,4,80.0,3,sibling-aware-oracle,26.60988000000001,34.126973333333346,34.126973333333346,170.8271484375,0
balanced,4,4,80.0,4,local-only,32.00577333333332,34.190160000000006,34.190160000000006,0.0,0
balanced,4,4,80.0,4,least-loaded,28.10924,32.66077333333333,32.66077333333333,210.8427734375,0
balanced,4,4,80.0,4,KV-cost,28.10924,32.66077333333333,32.66077333333333,210.8427734375,0
balanced,4,4,80.0,4,tree-aware-greedy-oracle,27.389106666666663,32.53910666666666,32.53910666666666,199.80078125,0
balanced,4,4,80.0,4,sibling-aware-oracle,27.389106666666663,32.53910666666666,32.53910666666666,199.80078125,0
balanced,4,4,80.0,5,local-only,31.78572,33.79908,33.79908,0.0,0
balanced,4,4,80.0,5,least-loaded,25.049079999999996,32.715599999999995,32.715599999999995,221.0810546875,0
balanced,4,4,80.0,5,KV-cost,25.049079999999996,32.715599999999995,32.715599999999995,221.0810546875,0
balanced,4,4,80.0,5,tree-aware-greedy-oracle,24.65238666666667,32.43241333333333,32.43241333333333,202.09912109375,0
balanced,4,4,80.0,5,sibling-aware-oracle,24.65238666666667,32.43241333333333,32.43241333333333,202.09912109375,0
balanced,4,4,80.0,6,local-only,33.82473333333333,37.32983999999999,37.32983999999999,0.0,0
balanced,4,4,80.0,6,least-loaded,27.1414,35.296506666666666,35.296506666666666,200.8916015625,0
balanced,4,4,80.0,6,KV-cost,27.1414,35.296506666666666,35.296506666666666,200.8916015625,0
balanced,4,4,80.0,6,tree-aware-greedy-oracle,27.27498666666666,34.89014666666667,34.89014666666667,200.3037109375,0
balanced,4,4,80.0,6,sibling-aware-oracle,27.27498666666666,34.89014666666667,34.89014666666667,200.3037109375,0
balanced,4,4,80.0,7,local-only,33.59165333333333,35.04112,35.04112,0.0,0
balanced,4,4,80.0,7,least-loaded,27.791119999999996,33.82498666666667,33.82498666666667,168.06298828125,0
balanced,4,4,80.0,7,KV-cost,27.791119999999996,33.82498666666667,33.82498666666667,168.06298828125,0
balanced,4,4,80.0,7,tree-aware-greedy-oracle,25.024453333333334,33.52133333333334,33.52133333333334,164.59716796875,0
balanced,4,4,80.0,7,sibling-aware-oracle,25.024453333333334,33.52133333333334,33.52133333333334,164.59716796875,0
balanced,4,4,80.0,8,local-only,32.63865333333333,34.5562,34.5562,0.0,0
balanced,4,4,80.0,8,least-loaded,28.439533333333333,33.425186666666676,33.425186666666676,203.96728515625,0
balanced,4,4,80.0,8,KV-cost,28.439533333333333,33.425186666666676,33.425186666666676,203.96728515625,0
balanced,4,4,80.0,8,tree-aware-greedy-oracle,27.558519999999994,33.52198666666666,33.52198666666666,208.06005859375,0
balanced,4,4,80.0,8,sibling-aware-oracle,27.558519999999994,33.52198666666666,33.52198666666666,208.06005859375,0
balanced,4,4,80.0,9,local-only,30.934013333333333,32.66693333333333,32.66693333333333,0.0,0
balanced,4,4,80.0,9,least-loaded,24.62821333333334,32.07821333333334,32.07821333333334,202.3076171875,0
balanced,4,4,80.0,9,KV-cost,24.62821333333334,32.07821333333334,32.07821333333334,202.3076171875,0
balanced,4,4,80.0,9,tree-aware-greedy-oracle,26.01154666666667,31.88401333333333,31.88401333333333,190.75341796875,0
balanced,4,4,80.0,9,sibling-aware-oracle,25.94488,31.987893333333336,31.987893333333336,201.57421875,0
balanced,4,4,80.0,10,local-only,34.453066666666665,36.19256000000001,36.19256000000001,0.0,0
balanced,4,4,80.0,10,least-loaded,26.909226666666672,35.52654666666666,35.52654666666666,145.89306640625,0
balanced,4,4,80.0,10,KV-cost,26.909226666666672,35.52654666666666,35.52654666666666,145.89306640625,0
balanced,4,4,80.0,10,tree-aware-greedy-oracle,28.88639999999999,35.67654666666667,35.67654666666667,158.11474609375,0
balanced,4,4,80.0,10,sibling-aware-oracle,28.88639999999999,35.67654666666667,35.67654666666667,158.11474609375,0
balanced,4,4,80.0,11,local-only,31.615093333333338,32.30993333333333,32.30993333333333,0.0,0
balanced,4,4,80.0,11,least-loaded,27.581760000000003,32.04842666666667,32.04842666666667,243.71923828125,0
balanced,4,4,80.0,11,KV-cost,27.581760000000003,32.04842666666667,32.04842666666667,243.71923828125,0
balanced,4,4,80.0,11,tree-aware-greedy-oracle,27.19326666666667,31.92021333333334,31.92021333333334,225.125,0
balanced,4,4,80.0,11,sibling-aware-oracle,27.19326666666667,31.92021333333334,31.92021333333334,225.125,0
balanced,4,4,80.0,12,local-only,34.842826666666674,34.890319999999996,34.890319999999996,0.0,0
balanced,4,4,80.0,12,least-loaded,28.350746666666666,34.96741333333333,34.96741333333333,170.404296875,0
balanced,4,4,80.0,12,KV-cost,28.350746666666666,34.96741333333333,34.96741333333333,170.404296875,0
balanced,4,4,80.0,12,tree-aware-greedy-oracle,26.192826666666665,34.57073333333334,34.57073333333334,160.146484375,0
balanced,4,4,80.0,12,sibling-aware-oracle,26.192826666666665,34.57073333333334,34.57073333333334,160.146484375,0
balanced,4,4,80.0,13,local-only,32.85009333333334,34.918040000000005,34.918040000000005,0.0,0
balanced,4,4,80.0,13,least-loaded,25.75034666666667,34.16174666666667,34.16174666666667,235.47119140625,0
balanced,4,4,80.0,13,KV-cost,25.75034666666667,34.16174666666667,34.16174666666667,235.47119140625,0
balanced,4,4,80.0,13,tree-aware-greedy-oracle,25.66804000000001,34.27841333333333,34.27841333333333,205.47705078125,0
balanced,4,4,80.0,13,sibling-aware-oracle,25.66804000000001,34.27841333333333,34.27841333333333,205.47705078125,0
balanced,4,4,80.0,14,local-only,32.850253333333335,36.85746666666667,36.85746666666667,0.0,0
balanced,4,4,80.0,14,least-loaded,25.624133333333337,34.26692,34.26692,201.22509765625,0
balanced,4,4,80.0,14,KV-cost,25.624133333333337,34.26692,34.26692,201.22509765625,0
balanced,4,4,80.0,14,tree-aware-greedy-oracle,24.98358666666667,34.29230666666667,34.29230666666667,210.603515625,0
balanced,4,4,80.0,14,sibling-aware-oracle,24.98358666666667,34.29230666666667,34.29230666666667,210.603515625,0
balanced,4,4,80.0,15,local-only,33.991173333333336,35.136199999999995,35.136199999999995,0.0,0
balanced,4,4,80.0,15,least-loaded,27.45036,34.652866666666675,34.652866666666675,204.04931640625,0
balanced,4,4,80.0,15,KV-cost,27.45036,34.652866666666675,34.652866666666675,204.04931640625,0
balanced,4,4,80.0,15,tree-aware-greedy-oracle,29.857839999999996,34.6362,34.6362,205.61572265625,0
balanced,4,4,80.0,15,sibling-aware-oracle,29.857839999999996,34.6362,34.6362,205.61572265625,0
balanced,4,4,80.0,16,local-only,34.283693333333325,34.64341333333334,34.64341333333334,0.0,0
balanced,4,4,80.0,16,least-loaded,24.952933333333338,33.65293333333334,33.65293333333334,182.087890625,0
balanced,4,4,80.0,16,KV-cost,24.952933333333338,33.65293333333334,33.65293333333334,182.087890625,0
balanced,4,4,80.0,16,tree-aware-greedy-oracle,24.333693333333336,33.543413333333326,33.543413333333326,174.388671875,0
balanced,4,4,80.0,16,sibling-aware-oracle,24.333693333333336,33.543413333333326,33.543413333333326,174.388671875,0
balanced,4,4,80.0,17,local-only,32.448479999999996,34.763999999999996,34.763999999999996,0.0,0
balanced,4,4,80.0,17,least-loaded,25.125453333333333,33.76514666666668,33.76514666666668,192.35400390625,0
balanced,4,4,80.0,17,KV-cost,25.125453333333333,33.76514666666668,33.76514666666668,192.35400390625,0
balanced,4,4,80.0,17,tree-aware-greedy-oracle,25.750933333333332,33.508786666666666,33.508786666666666,185.25927734375,0
balanced,4,4,80.0,17,sibling-aware-oracle,26.931813333333338,33.548480000000005,33.548480000000005,175.1748046875,0
balanced,4,4,80.0,18,local-only,33.54557333333334,35.987453333333335,35.987453333333335,0.0,0
balanced,4,4,80.0,18,least-loaded,28.062240000000003,34.90794666666667,34.90794666666667,177.76171875,0
balanced,4,4,80.0,18,KV-cost,28.062240000000003,34.90794666666667,34.90794666666667,177.76171875,0
balanced,4,4,80.0,18,tree-aware-greedy-oracle,26.816240000000008,35.17461333333334,35.17461333333334,161.07763671875,0
balanced,4,4,80.0,18,sibling-aware-oracle,26.816240000000008,35.17461333333334,35.17461333333334,161.07763671875,0
balanced,4,4,80.0,19,local-only,34.035346666666655,35.18776,35.18776,0.0,0
balanced,4,4,80.0,19,least-loaded,29.250506666666663,34.75201333333333,34.75201333333333,153.79931640625,0
balanced,4,4,80.0,19,KV-cost,29.250506666666663,34.75201333333333,34.75201333333333,153.79931640625,0
balanced,4,4,80.0,19,tree-aware-greedy-oracle,28.818679999999993,34.73534666666666,34.73534666666666,179.11474609375,0
balanced,4,4,80.0,19,sibling-aware-oracle,28.818679999999993,34.73534666666666,34.73534666666666,179.11474609375,0
balanced,16,4,5.0,0,local-only,98.95037333333336,133.74825333333325,133.74825333333325,0.0,0
balanced,16,4,5.0,0,least-loaded,98.66399999999997,130.66703999999993,130.66703999999993,790.7255859375,0
balanced,16,4,5.0,0,KV-cost,98.66399999999997,130.66703999999993,130.66703999999993,790.7255859375,0
balanced,16,4,5.0,0,tree-aware-greedy-oracle,99.40170666666666,130.38503999999995,130.38503999999995,778.9443359375,0
balanced,16,4,5.0,0,sibling-aware-oracle,99.29646666666666,130.41313333333332,130.41313333333332,777.69677734375,0
balanced,16,4,5.0,1,local-only,104.33128,166.5576666666665,166.5576666666665,0.0,0
balanced,16,4,5.0,1,least-loaded,99.79137333333334,133.341,133.341,751.4677734375,0
balanced,16,4,5.0,1,KV-cost,99.79137333333334,133.341,133.341,751.4677734375,0
balanced,16,4,5.0,1,tree-aware-greedy-oracle,100.16638666666667,133.02718666666664,133.02718666666664,748.96435546875,0
balanced,16,4,5.0,1,sibling-aware-oracle,100.16638666666667,133.02718666666664,133.02718666666664,748.96435546875,0
balanced,16,4,5.0,2,local-only,106.04689333333329,143.29689333333332,143.29689333333332,0.0,0
balanced,16,4,5.0,2,least-loaded,101.48022666666661,135.7578266666666,135.7578266666666,705.216796875,0
balanced,16,4,5.0,2,KV-cost,101.48022666666661,135.7578266666666,135.7578266666666,705.216796875,0
balanced,16,4,5.0,2,tree-aware-greedy-oracle,103.28152000000001,135.73152000000002,135.73152000000002,692.42724609375,0
balanced,16,4,5.0,2,sibling-aware-oracle,103.28152000000001,135.73152000000002,135.73152000000002,692.42724609375,0
balanced,16,4,5.0,3,local-only,102.84587999999998,172.49046666666666,172.49046666666666,0.0,0
balanced,16,4,5.0,3,least-loaded,102.52626666666664,133.45959999999997,133.45959999999997,803.9462890625,0
balanced,16,4,5.0,3,KV-cost,102.52626666666664,133.45959999999997,133.45959999999997,803.9462890625,0
balanced,16,4,5.0,3,tree-aware-greedy-oracle,104.87498666666663,133.17451999999997,133.17451999999997,759.5263671875,0
balanced,16,4,5.0,3,sibling-aware-oracle,104.87498666666663,133.17451999999997,133.17451999999997,759.5263671875,0
balanced,16,4,5.0,4,local-only,101.48027999999998,167.44604000000004,167.44604000000004,0.0,0
balanced,16,4,5.0,4,least-loaded,98.99310666666665,132.0969466666667,132.0969466666667,771.095703125,0
balanced,16,4,5.0,4,KV-cost,98.99310666666665,132.0969466666667,132.0969466666667,771.095703125,0
balanced,16,4,5.0,4,tree-aware-greedy-oracle,99.07868000000002,131.87123999999994,131.87123999999994,798.21923828125,0
balanced,16,4,5.0,4,sibling-aware-oracle,99.07868000000002,131.87123999999994,131.87123999999994,798.21923828125,0
balanced,16,4,5.0,5,local-only,102.67014666666664,137.8025466666666,137.8025466666666,0.0,0
balanced,16,4,5.0,5,least-loaded,103.20347999999997,134.76921333333328,134.76921333333328,813.24658203125,0
balanced,16,4,5.0,5,KV-cost,103.20347999999997,134.76921333333328,134.76921333333328,813.24658203125,0
balanced,16,4,5.0,5,tree-aware-greedy-oracle,103.74650666666662,134.49887999999999,134.49887999999999,799.849609375,0
balanced,16,4,5.0,5,sibling-aware-oracle,103.74650666666662,134.49887999999999,134.49887999999999,799.849609375,0
balanced,16,4,5.0,6,local-only,101.66076,137.51076,137.51076,0.0,0
balanced,16,4,5.0,6,least-loaded,98.57742666666667,132.8440933333333,132.8440933333333,733.6669921875,0
balanced,16,4,5.0,6,KV-cost,98.57742666666667,132.8440933333333,132.8440933333333,733.6669921875,0
balanced,16,4,5.0,6,tree-aware-greedy-oracle,101.47579999999996,132.67579999999995,132.67579999999995,709.9208984375,0
balanced,16,4,5.0,6,sibling-aware-oracle,101.47579999999996,132.67579999999995,132.67579999999995,709.9208984375,0
balanced,16,4,5.0,7,local-only,102.00280000000002,166.0556933333333,166.0556933333333,0.0,0
balanced,16,4,5.0,7,least-loaded,100.13902666666668,131.63613333333333,131.63613333333333,759.63232421875,0
balanced,16,4,5.0,7,KV-cost,100.13902666666668,131.63613333333333,131.63613333333333,759.63232421875,0
balanced,16,4,5.0,7,tree-aware-greedy-oracle,100.63993333333333,131.6566,131.6566,734.68212890625,0
balanced,16,4,5.0,7,sibling-aware-oracle,100.95937333333335,131.66405333333327,131.66405333333327,761.783203125,0
balanced,16,4,5.0,8,local-only,103.10947999999999,139.2428133333333,139.2428133333333,0.0,0
balanced,16,4,5.0,8,least-loaded,100.55977333333334,135.04334666666665,135.04334666666665,735.64013671875,0
balanced,16,4,5.0,8,KV-cost,100.55977333333334,135.04334666666665,135.04334666666665,735.64013671875,0
balanced,16,4,5.0,8,tree-aware-greedy-oracle,103.96209333333334,135.09542666666664,135.09542666666664,758.298828125,0
balanced,16,4,5.0,8,sibling-aware-oracle,104.06209333333338,134.988,134.988,751.16064453125,0
balanced,16,4,5.0,9,local-only,100.08127999999999,162.26341333333332,162.26341333333332,0.0,0
balanced,16,4,5.0,9,least-loaded,95.41341333333335,129.21461333333326,129.21461333333326,770.76708984375,0
balanced,16,4,5.0,9,KV-cost,95.41341333333335,129.21461333333326,129.21461333333326,770.76708984375,0
balanced,16,4,5.0,9,tree-aware-greedy-oracle,102.77206666666665,129.35388,129.35388,794.26953125,0
balanced,16,4,5.0,9,sibling-aware-oracle,102.77206666666665,129.35388,129.35388,794.26953125,0
balanced,16,4,5.0,10,local-only,104.95160000000004,139.35160000000005,139.35160000000005,0.0,0
balanced,16,4,5.0,10,least-loaded,101.86202666666672,135.23222666666663,135.23222666666663,862.55859375,0
balanced,16,4,5.0,10,KV-cost,101.86202666666672,135.23222666666663,135.23222666666663,862.55859375,0
balanced,16,4,5.0,10,tree-aware-greedy-oracle,103.99242666666667,134.55470666666668,134.55470666666668,856.2900390625,0
balanced,16,4,5.0,10,sibling-aware-oracle,103.99242666666667,134.55470666666668,134.55470666666668,856.2900390625,0
balanced,16,4,5.0,11,local-only,102.91226666666667,162.85333333333338,162.85333333333338,0.0,0
balanced,16,4,5.0,11,least-loaded,99.88502666666666,130.96835999999996,130.96835999999996,797.04345703125,0
balanced,16,4,5.0,11,KV-cost,99.88502666666666,130.96835999999996,130.96835999999996,797.04345703125,0
balanced,16,4,5.0,11,tree-aware-greedy-oracle,98.36817333333335,131.23268000000002,131.23268000000002,736.18115234375,0
balanced,16,4,5.0,11,sibling-aware-oracle,98.36817333333335,131.23268000000002,131.23268000000002,736.18115234375,0
balanced,16,4,5.0,12,local-only,104.08149333333328,141.8981599999999,141.8981599999999,0.0,0
balanced,16,4,5.0,12,least-loaded,103.04658666666663,137.0148266666666,137.0148266666666,771.703125,0
balanced,16,4,5.0,12,KV-cost,103.04658666666663,137.0148266666666,137.0148266666666,771.703125,0
balanced,16,4,5.0,12,tree-aware-greedy-oracle,107.48737333333331,136.6009333333333,136.6009333333333,743.134765625,0
balanced,16,4,5.0,12,sibling-aware-oracle,107.48737333333331,136.6009333333333,136.6009333333333,743.134765625,0
balanced,16,4,5.0,13,local-only,101.26432000000001,165.09336000000005,165.09336000000005,0.0,0
balanced,16,4,5.0,13,least-loaded,100.19823999999994,132.1476533333333,132.1476533333333,775.18408203125,0
balanced,16,4,5.0,13,KV-cost,100.19823999999994,132.1476533333333,132.1476533333333,775.18408203125,0
balanced,16,4,5.0,13,tree-aware-greedy-oracle,99.74756000000001,132.09755999999996,132.09755999999996,769.47900390625,0
balanced,16,4,5.0,13,sibling-aware-oracle,99.74756000000001,132.09755999999996,132.09755999999996,769.47900390625,0
balanced,16,4,5.0,14,local-only,100.91545333333329,134.8830933333333,134.8830933333333,0.0,0
balanced,16,4,5.0,14,least-loaded,100.10083999999999,132.53309333333328,132.53309333333328,787.482421875,0
balanced,16,4,5.0,14,KV-cost,100.10083999999999,132.53309333333328,132.53309333333328,787.482421875,0
balanced,16,4,5.0,14,tree-aware-greedy-oracle,98.88787999999998,132.5244533333333,132.5244533333333,757.9345703125,0
balanced,16,4,5.0,14,sibling-aware-oracle,98.88787999999998,132.5244533333333,132.5244533333333,757.9345703125,0
balanced,16,4,5.0,15,local-only,105.41136000000002,169.7111066666666,169.7111066666666,0.0,0
balanced,16,4,5.0,15,least-loaded,103.92089333333338,136.11135999999988,136.11135999999988,754.57568359375,0
balanced,16,4,5.0,15,KV-cost,103.92089333333338,136.11135999999988,136.11135999999988,754.57568359375,0
balanced,16,4,5.0,15,tree-aware-greedy-oracle,104.06966666666662,136.05299999999988,136.05299999999988,739.95947265625,0
balanced,16,4,5.0,15,sibling-aware-oracle,104.06966666666662,136.05299999999988,136.05299999999988,739.95947265625,0
balanced,16,4,5.0,16,local-only,100.51031999999995,132.66031999999993,132.66031999999993,0.0,0
balanced,16,4,5.0,16,least-loaded,98.31898666666665,131.2934533333333,131.2934533333333,720.91943359375,0
balanced,16,4,5.0,16,KV-cost,98.31898666666665,131.2934533333333,131.2934533333333,720.91943359375,0
balanced,16,4,5.0,16,tree-aware-greedy-oracle,99.37315999999998,130.95201333333333,130.95201333333333,733.07421875,0
balanced,16,4,5.0,16,sibling-aware-oracle,99.37315999999998,130.95201333333333,130.95201333333333,733.07421875,0
balanced,16,4,5.0,17,local-only,104.91937333333331,136.3858,136.3858,0.0,0
balanced,16,4,5.0,17,least-loaded,101.13580000000003,135.59740000000002,135.59740000000002,702.814453125,0
balanced,16,4,5.0,17,KV-cost,101.13580000000003,135.59740000000002,135.59740000000002,702.814453125,0
balanced,16,4,5.0,17,tree-aware-greedy-oracle,102.97255999999997,135.09638666666666,135.09638666666666,733.31494140625,0
balanced,16,4,5.0,17,sibling-aware-oracle,102.96325333333331,135.14658666666665,135.14658666666665,701.61376953125,0
balanced,16,4,5.0,18,local-only,103.61818666666667,171.76818666666674,171.76818666666674,0.0,0
balanced,16,4,5.0,18,least-loaded,101.63485333333337,135.33677333333338,135.33677333333338,824.11376953125,0
balanced,16,4,5.0,18,KV-cost,101.63485333333337,135.33677333333338,135.33677333333338,824.11376953125,0
balanced,16,4,5.0,18,tree-aware-greedy-oracle,103.37064000000002,135.4373066666667,135.4373066666667,825.8916015625,0
balanced,16,4,5.0,18,sibling-aware-oracle,103.37064000000002,135.3873066666667,135.3873066666667,830.61328125,0
balanced,16,4,5.0,19,local-only,103.40674666666669,165.65193333333335,165.65193333333335,0.0,0
balanced,16,4,5.0,19,least-loaded,103.17686666666664,135.66860000000003,135.66860000000003,711.9501953125,0
balanced,16,4,5.0,19,KV-cost,103.17686666666664,135.66860000000003,135.66860000000003,711.9501953125,0
balanced,16,4,5.0,19,tree-aware-greedy-oracle,101.87404000000005,135.4495066666666,135.4495066666666,743.2021484375,0
balanced,16,4,5.0,19,sibling-aware-oracle,101.87404000000005,135.4495066666666,135.4495066666666,705.1982421875,0
balanced,16,4,20.0,0,local-only,98.95037333333336,133.74825333333325,133.74825333333325,0.0,0
balanced,16,4,20.0,0,least-loaded,98.66399999999997,130.66703999999993,130.66703999999993,790.7255859375,0
balanced,16,4,20.0,0,KV-cost,98.66399999999997,130.66703999999993,130.66703999999993,790.7255859375,0
balanced,16,4,20.0,0,tree-aware-greedy-oracle,99.40170666666666,130.38503999999995,130.38503999999995,778.9443359375,0
balanced,16,4,20.0,0,sibling-aware-oracle,99.29646666666666,130.41313333333332,130.41313333333332,777.69677734375,0
balanced,16,4,20.0,1,local-only,104.33128,166.5576666666665,166.5576666666665,0.0,0
balanced,16,4,20.0,1,least-loaded,99.79137333333334,133.341,133.341,751.4677734375,0
balanced,16,4,20.0,1,KV-cost,99.79137333333334,133.341,133.341,751.4677734375,0
balanced,16,4,20.0,1,tree-aware-greedy-oracle,100.16638666666667,133.02718666666664,133.02718666666664,748.96435546875,0
balanced,16,4,20.0,1,sibling-aware-oracle,100.16638666666667,133.02718666666664,133.02718666666664,748.96435546875,0
balanced,16,4,20.0,2,local-only,106.04689333333329,143.29689333333332,143.29689333333332,0.0,0
balanced,16,4,20.0,2,least-loaded,101.48022666666661,135.7578266666666,135.7578266666666,705.216796875,0
balanced,16,4,20.0,2,KV-cost,101.48022666666661,135.7578266666666,135.7578266666666,705.216796875,0
balanced,16,4,20.0,2,tree-aware-greedy-oracle,103.28152000000001,135.73152000000002,135.73152000000002,692.42724609375,0
balanced,16,4,20.0,2,sibling-aware-oracle,103.28152000000001,135.73152000000002,135.73152000000002,692.42724609375,0
balanced,16,4,20.0,3,local-only,102.84587999999998,172.49046666666666,172.49046666666666,0.0,0
balanced,16,4,20.0,3,least-loaded,102.52626666666664,133.45959999999997,133.45959999999997,803.9462890625,0
balanced,16,4,20.0,3,KV-cost,102.52626666666664,133.45959999999997,133.45959999999997,803.9462890625,0
balanced,16,4,20.0,3,tree-aware-greedy-oracle,104.87498666666663,133.17451999999997,133.17451999999997,759.5263671875,0
balanced,16,4,20.0,3,sibling-aware-oracle,104.87498666666663,133.17451999999997,133.17451999999997,759.5263671875,0
balanced,16,4,20.0,4,local-only,101.48027999999998,167.44604000000004,167.44604000000004,0.0,0
balanced,16,4,20.0,4,least-loaded,98.99310666666665,132.0969466666667,132.0969466666667,771.095703125,0
balanced,16,4,20.0,4,KV-cost,98.99310666666665,132.0969466666667,132.0969466666667,771.095703125,0
balanced,16,4,20.0,4,tree-aware-greedy-oracle,99.07868000000002,131.87123999999994,131.87123999999994,798.21923828125,0
balanced,16,4,20.0,4,sibling-aware-oracle,99.07868000000002,131.87123999999994,131.87123999999994,798.21923828125,0
balanced,16,4,20.0,5,local-only,102.67014666666664,137.8025466666666,137.8025466666666,0.0,0
balanced,16,4,20.0,5,least-loaded,103.20347999999997,134.76921333333328,134.76921333333328,813.24658203125,0
balanced,16,4,20.0,5,KV-cost,103.20347999999997,134.76921333333328,134.76921333333328,813.24658203125,0
balanced,16,4,20.0,5,tree-aware-greedy-oracle,103.74650666666662,134.49887999999999,134.49887999999999,799.849609375,0
balanced,16,4,20.0,5,sibling-aware-oracle,103.74650666666662,134.49887999999999,134.49887999999999,799.849609375,0
balanced,16,4,20.0,6,local-only,101.66076,137.51076,137.51076,0.0,0
balanced,16,4,20.0,6,least-loaded,98.57742666666667,132.8440933333333,132.8440933333333,733.6669921875,0
balanced,16,4,20.0,6,KV-cost,98.57742666666667,132.8440933333333,132.8440933333333,733.6669921875,0
balanced,16,4,20.0,6,tree-aware-greedy-oracle,101.47579999999996,132.67579999999995,132.67579999999995,709.9208984375,0
balanced,16,4,20.0,6,sibling-aware-oracle,101.47579999999996,132.67579999999995,132.67579999999995,709.9208984375,0
balanced,16,4,20.0,7,local-only,102.00280000000002,166.0556933333333,166.0556933333333,0.0,0
balanced,16,4,20.0,7,least-loaded,100.13902666666668,131.63613333333333,131.63613333333333,759.63232421875,0
balanced,16,4,20.0,7,KV-cost,100.13902666666668,131.63613333333333,131.63613333333333,759.63232421875,0
balanced,16,4,20.0,7,tree-aware-greedy-oracle,100.63993333333333,131.6566,131.6566,734.68212890625,0
balanced,16,4,20.0,7,sibling-aware-oracle,100.95937333333335,131.66405333333327,131.66405333333327,761.783203125,0
balanced,16,4,20.0,8,local-only,103.10947999999999,139.2428133333333,139.2428133333333,0.0,0
balanced,16,4,20.0,8,least-loaded,100.55977333333334,135.04334666666665,135.04334666666665,735.64013671875,0
balanced,16,4,20.0,8,KV-cost,100.55977333333334,135.04334666666665,135.04334666666665,735.64013671875,0
balanced,16,4,20.0,8,tree-aware-greedy-oracle,103.96209333333334,135.09542666666664,135.09542666666664,758.298828125,0
balanced,16,4,20.0,8,sibling-aware-oracle,104.06209333333338,134.988,134.988,751.16064453125,0
balanced,16,4,20.0,9,local-only,100.08127999999999,162.26341333333332,162.26341333333332,0.0,0
balanced,16,4,20.0,9,least-loaded,95.41341333333335,129.21461333333326,129.21461333333326,770.76708984375,0
balanced,16,4,20.0,9,KV-cost,95.41341333333335,129.21461333333326,129.21461333333326,770.76708984375,0
balanced,16,4,20.0,9,tree-aware-greedy-oracle,102.77206666666665,129.35388,129.35388,794.26953125,0
balanced,16,4,20.0,9,sibling-aware-oracle,102.77206666666665,129.35388,129.35388,794.26953125,0
balanced,16,4,20.0,10,local-only,104.95160000000004,139.35160000000005,139.35160000000005,0.0,0
balanced,16,4,20.0,10,least-loaded,101.86202666666672,135.23222666666663,135.23222666666663,862.55859375,0
balanced,16,4,20.0,10,KV-cost,101.86202666666672,135.23222666666663,135.23222666666663,862.55859375,0
balanced,16,4,20.0,10,tree-aware-greedy-oracle,103.99242666666667,134.55470666666668,134.55470666666668,856.2900390625,0
balanced,16,4,20.0,10,sibling-aware-oracle,103.99242666666667,134.55470666666668,134.55470666666668,856.2900390625,0
balanced,16,4,20.0,11,local-only,102.91226666666667,162.85333333333338,162.85333333333338,0.0,0
balanced,16,4,20.0,11,least-loaded,99.88502666666666,130.96835999999996,130.96835999999996,797.04345703125,0
balanced,16,4,20.0,11,KV-cost,99.88502666666666,130.96835999999996,130.96835999999996,797.04345703125,0
balanced,16,4,20.0,11,tree-aware-greedy-oracle,98.36817333333335,131.23268000000002,131.23268000000002,736.18115234375,0
balanced,16,4,20.0,11,sibling-aware-oracle,98.36817333333335,131.23268000000002,131.23268000000002,736.18115234375,0
balanced,16,4,20.0,12,local-only,104.08149333333328,141.8981599999999,141.8981599999999,0.0,0
balanced,16,4,20.0,12,least-loaded,103.04658666666663,137.0148266666666,137.0148266666666,771.703125,0
balanced,16,4,20.0,12,KV-cost,103.04658666666663,137.0148266666666,137.0148266666666,771.703125,0
balanced,16,4,20.0,12,tree-aware-greedy-oracle,107.48737333333331,136.6009333333333,136.6009333333333,743.134765625,0
balanced,16,4,20.0,12,sibling-aware-oracle,107.48737333333331,136.6009333333333,136.6009333333333,743.134765625,0
balanced,16,4,20.0,13,local-only,101.26432000000001,165.09336000000005,165.09336000000005,0.0,0
balanced,16,4,20.0,13,least-loaded,100.19823999999994,132.1476533333333,132.1476533333333,775.18408203125,0
balanced,16,4,20.0,13,KV-cost,100.19823999999994,132.1476533333333,132.1476533333333,775.18408203125,0
balanced,16,4,20.0,13,tree-aware-greedy-oracle,99.74756000000001,132.09755999999996,132.09755999999996,769.47900390625,0
balanced,16,4,20.0,13,sibling-aware-oracle,99.74756000000001,132.09755999999996,132.09755999999996,769.47900390625,0
balanced,16,4,20.0,14,local-only,100.91545333333329,134.8830933333333,134.8830933333333,0.0,0
balanced,16,4,20.0,14,least-loaded,100.10083999999999,132.53309333333328,132.53309333333328,787.482421875,0
balanced,16,4,20.0,14,KV-cost,100.10083999999999,132.53309333333328,132.53309333333328,787.482421875,0
balanced,16,4,20.0,14,tree-aware-greedy-oracle,98.88787999999998,132.5244533333333,132.5244533333333,757.9345703125,0
balanced,16,4,20.0,14,sibling-aware-oracle,98.88787999999998,132.5244533333333,132.5244533333333,757.9345703125,0
balanced,16,4,20.0,15,local-only,105.41136000000002,169.7111066666666,169.7111066666666,0.0,0
balanced,16,4,20.0,15,least-loaded,103.92089333333338,136.11135999999988,136.11135999999988,754.57568359375,0
balanced,16,4,20.0,15,KV-cost,103.92089333333338,136.11135999999988,136.11135999999988,754.57568359375,0
balanced,16,4,20.0,15,tree-aware-greedy-oracle,104.06966666666662,136.05299999999988,136.05299999999988,739.95947265625,0
balanced,16,4,20.0,15,sibling-aware-oracle,104.06966666666662,136.05299999999988,136.05299999999988,739.95947265625,0
balanced,16,4,20.0,16,local-only,100.51031999999995,132.66031999999993,132.66031999999993,0.0,0
balanced,16,4,20.0,16,least-loaded,98.31898666666665,131.2934533333333,131.2934533333333,720.91943359375,0
balanced,16,4,20.0,16,KV-cost,98.31898666666665,131.2934533333333,131.2934533333333,720.91943359375,0
balanced,16,4,20.0,16,tree-aware-greedy-oracle,99.37315999999998,130.95201333333333,130.95201333333333,733.07421875,0
balanced,16,4,20.0,16,sibling-aware-oracle,99.37315999999998,130.95201333333333,130.95201333333333,733.07421875,0
balanced,16,4,20.0,17,local-only,104.91937333333331,136.3858,136.3858,0.0,0
balanced,16,4,20.0,17,least-loaded,101.13580000000003,135.59740000000002,135.59740000000002,702.814453125,0
balanced,16,4,20.0,17,KV-cost,101.13580000000003,135.59740000000002,135.59740000000002,702.814453125,0
balanced,16,4,20.0,17,tree-aware-greedy-oracle,102.97255999999997,135.09638666666666,135.09638666666666,733.31494140625,0
balanced,16,4,20.0,17,sibling-aware-oracle,102.96325333333331,135.14658666666665,135.14658666666665,701.61376953125,0
balanced,16,4,20.0,18,local-only,103.61818666666667,171.76818666666674,171.76818666666674,0.0,0
balanced,16,4,20.0,18,least-loaded,101.63485333333337,135.33677333333338,135.33677333333338,824.11376953125,0
balanced,16,4,20.0,18,KV-cost,101.63485333333337,135.33677333333338,135.33677333333338,824.11376953125,0
balanced,16,4,20.0,18,tree-aware-greedy-oracle,103.37064000000002,135.4373066666667,135.4373066666667,825.8916015625,0
balanced,16,4,20.0,18,sibling-aware-oracle,103.37064000000002,135.3873066666667,135.3873066666667,830.61328125,0
balanced,16,4,20.0,19,local-only,103.40674666666669,165.65193333333335,165.65193333333335,0.0,0
balanced,16,4,20.0,19,least-loaded,103.17686666666664,135.66860000000003,135.66860000000003,711.9501953125,0
balanced,16,4,20.0,19,KV-cost,103.17686666666664,135.66860000000003,135.66860000000003,711.9501953125,0
balanced,16,4,20.0,19,tree-aware-greedy-oracle,101.87404000000005,135.4495066666666,135.4495066666666,743.2021484375,0
balanced,16,4,20.0,19,sibling-aware-oracle,101.87404000000005,135.4495066666666,135.4495066666666,705.1982421875,0
balanced,16,4,80.0,0,local-only,98.95037333333336,133.74825333333325,133.74825333333325,0.0,0
balanced,16,4,80.0,0,least-loaded,98.66399999999997,130.66703999999993,130.66703999999993,790.7255859375,0
balanced,16,4,80.0,0,KV-cost,98.66399999999997,130.66703999999993,130.66703999999993,790.7255859375,0
balanced,16,4,80.0,0,tree-aware-greedy-oracle,99.40170666666666,130.38503999999995,130.38503999999995,778.9443359375,0
balanced,16,4,80.0,0,sibling-aware-oracle,99.29646666666666,130.41313333333332,130.41313333333332,777.69677734375,0
balanced,16,4,80.0,1,local-only,104.33128,166.5576666666665,166.5576666666665,0.0,0
balanced,16,4,80.0,1,least-loaded,99.79137333333334,133.341,133.341,751.4677734375,0
balanced,16,4,80.0,1,KV-cost,99.79137333333334,133.341,133.341,751.4677734375,0
balanced,16,4,80.0,1,tree-aware-greedy-oracle,100.16638666666667,133.02718666666664,133.02718666666664,748.96435546875,0
balanced,16,4,80.0,1,sibling-aware-oracle,100.16638666666667,133.02718666666664,133.02718666666664,748.96435546875,0
balanced,16,4,80.0,2,local-only,106.04689333333329,143.29689333333332,143.29689333333332,0.0,0
balanced,16,4,80.0,2,least-loaded,101.48022666666661,135.7578266666666,135.7578266666666,705.216796875,0
balanced,16,4,80.0,2,KV-cost,101.48022666666661,135.7578266666666,135.7578266666666,705.216796875,0
balanced,16,4,80.0,2,tree-aware-greedy-oracle,103.28152000000001,135.73152000000002,135.73152000000002,692.42724609375,0
balanced,16,4,80.0,2,sibling-aware-oracle,103.28152000000001,135.73152000000002,135.73152000000002,692.42724609375,0
balanced,16,4,80.0,3,local-only,102.84587999999998,172.49046666666666,172.49046666666666,0.0,0
balanced,16,4,80.0,3,least-loaded,102.52626666666664,133.45959999999997,133.45959999999997,803.9462890625,0
balanced,16,4,80.0,3,KV-cost,102.52626666666664,133.45959999999997,133.45959999999997,803.9462890625,0
balanced,16,4,80.0,3,tree-aware-greedy-oracle,104.87498666666663,133.17451999999997,133.17451999999997,759.5263671875,0
balanced,16,4,80.0,3,sibling-aware-oracle,104.87498666666663,133.17451999999997,133.17451999999997,759.5263671875,0
balanced,16,4,80.0,4,local-only,101.48027999999998,167.44604000000004,167.44604000000004,0.0,0
balanced,16,4,80.0,4,least-loaded,98.99310666666665,132.0969466666667,132.0969466666667,771.095703125,0
balanced,16,4,80.0,4,KV-cost,98.99310666666665,132.0969466666667,132.0969466666667,771.095703125,0
balanced,16,4,80.0,4,tree-aware-greedy-oracle,99.07868000000002,131.87123999999994,131.87123999999994,798.21923828125,0
balanced,16,4,80.0,4,sibling-aware-oracle,99.07868000000002,131.87123999999994,131.87123999999994,798.21923828125,0
balanced,16,4,80.0,5,local-only,102.67014666666664,137.8025466666666,137.8025466666666,0.0,0
balanced,16,4,80.0,5,least-loaded,103.20347999999997,134.76921333333328,134.76921333333328,813.24658203125,0
balanced,16,4,80.0,5,KV-cost,103.20347999999997,134.76921333333328,134.76921333333328,813.24658203125,0
balanced,16,4,80.0,5,tree-aware-greedy-oracle,103.74650666666662,134.49887999999999,134.49887999999999,799.849609375,0
balanced,16,4,80.0,5,sibling-aware-oracle,103.74650666666662,134.49887999999999,134.49887999999999,799.849609375,0
balanced,16,4,80.0,6,local-only,101.66076,137.51076,137.51076,0.0,0
balanced,16,4,80.0,6,least-loaded,98.57742666666667,132.8440933333333,132.8440933333333,733.6669921875,0
balanced,16,4,80.0,6,KV-cost,98.57742666666667,132.8440933333333,132.8440933333333,733.6669921875,0
balanced,16,4,80.0,6,tree-aware-greedy-oracle,101.47579999999996,132.67579999999995,132.67579999999995,709.9208984375,0
balanced,16,4,80.0,6,sibling-aware-oracle,101.47579999999996,132.67579999999995,132.67579999999995,709.9208984375,0
balanced,16,4,80.0,7,local-only,102.00280000000002,166.0556933333333,166.0556933333333,0.0,0
balanced,16,4,80.0,7,least-loaded,100.13902666666668,131.63613333333333,131.63613333333333,759.63232421875,0
balanced,16,4,80.0,7,KV-cost,100.13902666666668,131.63613333333333,131.63613333333333,759.63232421875,0
balanced,16,4,80.0,7,tree-aware-greedy-oracle,100.63993333333333,131.6566,131.6566,734.68212890625,0
balanced,16,4,80.0,7,sibling-aware-oracle,100.95937333333335,131.66405333333327,131.66405333333327,761.783203125,0
balanced,16,4,80.0,8,local-only,103.10947999999999,139.2428133333333,139.2428133333333,0.0,0
balanced,16,4,80.0,8,least-loaded,100.55977333333334,135.04334666666665,135.04334666666665,735.64013671875,0
balanced,16,4,80.0,8,KV-cost,100.55977333333334,135.04334666666665,135.04334666666665,735.64013671875,0
balanced,16,4,80.0,8,tree-aware-greedy-oracle,103.96209333333334,135.09542666666664,135.09542666666664,758.298828125,0
balanced,16,4,80.0,8,sibling-aware-oracle,104.06209333333338,134.988,134.988,751.16064453125,0
balanced,16,4,80.0,9,local-only,100.08127999999999,162.26341333333332,162.26341333333332,0.0,0
balanced,16,4,80.0,9,least-loaded,95.41341333333335,129.21461333333326,129.21461333333326,770.76708984375,0
balanced,16,4,80.0,9,KV-cost,95.41341333333335,129.21461333333326,129.21461333333326,770.76708984375,0
balanced,16,4,80.0,9,tree-aware-greedy-oracle,102.77206666666665,129.35388,129.35388,794.26953125,0
balanced,16,4,80.0,9,sibling-aware-oracle,102.77206666666665,129.35388,129.35388,794.26953125,0
balanced,16,4,80.0,10,local-only,104.95160000000004,139.35160000000005,139.35160000000005,0.0,0
balanced,16,4,80.0,10,least-loaded,101.86202666666672,135.23222666666663,135.23222666666663,862.55859375,0
balanced,16,4,80.0,10,KV-cost,101.86202666666672,135.23222666666663,135.23222666666663,862.55859375,0
balanced,16,4,80.0,10,tree-aware-greedy-oracle,103.99242666666667,134.55470666666668,134.55470666666668,856.2900390625,0
balanced,16,4,80.0,10,sibling-aware-oracle,103.99242666666667,134.55470666666668,134.55470666666668,856.2900390625,0
balanced,16,4,80.0,11,local-only,102.91226666666667,162.85333333333338,162.85333333333338,0.0,0
balanced,16,4,80.0,11,least-loaded,99.88502666666666,130.96835999999996,130.96835999999996,797.04345703125,0
balanced,16,4,80.0,11,KV-cost,99.88502666666666,130.96835999999996,130.96835999999996,797.04345703125,0
balanced,16,4,80.0,11,tree-aware-greedy-oracle,98.36817333333335,131.23268000000002,131.23268000000002,736.18115234375,0
balanced,16,4,80.0,11,sibling-aware-oracle,98.36817333333335,131.23268000000002,131.23268000000002,736.18115234375,0
balanced,16,4,80.0,12,local-only,104.08149333333328,141.8981599999999,141.8981599999999,0.0,0
balanced,16,4,80.0,12,least-loaded,103.04658666666663,137.0148266666666,137.0148266666666,771.703125,0
balanced,16,4,80.0,12,KV-cost,103.04658666666663,137.0148266666666,137.0148266666666,771.703125,0
balanced,16,4,80.0,12,tree-aware-greedy-oracle,107.48737333333331,136.6009333333333,136.6009333333333,743.134765625,0
balanced,16,4,80.0,12,sibling-aware-oracle,107.48737333333331,136.6009333333333,136.6009333333333,743.134765625,0
balanced,16,4,80.0,13,local-only,101.26432000000001,165.09336000000005,165.09336000000005,0.0,0
balanced,16,4,80.0,13,least-loaded,100.19823999999994,132.1476533333333,132.1476533333333,775.18408203125,0
balanced,16,4,80.0,13,KV-cost,100.19823999999994,132.1476533333333,132.1476533333333,775.18408203125,0
balanced,16,4,80.0,13,tree-aware-greedy-oracle,99.74756000000001,132.09755999999996,132.09755999999996,769.47900390625,0
balanced,16,4,80.0,13,sibling-aware-oracle,99.74756000000001,132.09755999999996,132.09755999999996,769.47900390625,0
balanced,16,4,80.0,14,local-only,100.91545333333329,134.8830933333333,134.8830933333333,0.0,0
balanced,16,4,80.0,14,least-loaded,100.10083999999999,132.53309333333328,132.53309333333328,787.482421875,0
balanced,16,4,80.0,14,KV-cost,100.10083999999999,132.53309333333328,132.53309333333328,787.482421875,0
balanced,16,4,80.0,14,tree-aware-greedy-oracle,98.88787999999998,132.5244533333333,132.5244533333333,757.9345703125,0
balanced,16,4,80.0,14,sibling-aware-oracle,98.88787999999998,132.5244533333333,132.5244533333333,757.9345703125,0
balanced,16,4,80.0,15,local-only,105.41136000000002,169.7111066666666,169.7111066666666,0.0,0
balanced,16,4,80.0,15,least-loaded,103.92089333333338,136.11135999999988,136.11135999999988,754.57568359375,0
balanced,16,4,80.0,15,KV-cost,103.92089333333338,136.11135999999988,136.11135999999988,754.57568359375,0
balanced,16,4,80.0,15,tree-aware-greedy-oracle,104.06966666666662,136.05299999999988,136.05299999999988,739.95947265625,0
balanced,16,4,80.0,15,sibling-aware-oracle,104.06966666666662,136.05299999999988,136.05299999999988,739.95947265625,0
balanced,16,4,80.0,16,local-only,100.51031999999995,132.66031999999993,132.66031999999993,0.0,0
balanced,16,4,80.0,16,least-loaded,98.31898666666665,131.2934533333333,131.2934533333333,720.91943359375,0
balanced,16,4,80.0,16,KV-cost,98.31898666666665,131.2934533333333,131.2934533333333,720.91943359375,0
balanced,16,4,80.0,16,tree-aware-greedy-oracle,99.37315999999998,130.95201333333333,130.95201333333333,733.07421875,0
balanced,16,4,80.0,16,sibling-aware-oracle,99.37315999999998,130.95201333333333,130.95201333333333,733.07421875,0
balanced,16,4,80.0,17,local-only,104.91937333333331,136.3858,136.3858,0.0,0
balanced,16,4,80.0,17,least-loaded,101.13580000000003,135.59740000000002,135.59740000000002,702.814453125,0
balanced,16,4,80.0,17,KV-cost,101.13580000000003,135.59740000000002,135.59740000000002,702.814453125,0
balanced,16,4,80.0,17,tree-aware-greedy-oracle,102.97255999999997,135.09638666666666,135.09638666666666,733.31494140625,0
balanced,16,4,80.0,17,sibling-aware-oracle,102.96325333333331,135.14658666666665,135.14658666666665,701.61376953125,0
balanced,16,4,80.0,18,local-only,103.61818666666667,171.76818666666674,171.76818666666674,0.0,0
balanced,16,4,80.0,18,least-loaded,101.63485333333337,135.33677333333338,135.33677333333338,824.11376953125,0
balanced,16,4,80.0,18,KV-cost,101.63485333333337,135.33677333333338,135.33677333333338,824.11376953125,0
balanced,16,4,80.0,18,tree-aware-greedy-oracle,103.37064000000002,135.4373066666667,135.4373066666667,825.8916015625,0
balanced,16,4,80.0,18,sibling-aware-oracle,103.37064000000002,135.3873066666667,135.3873066666667,830.61328125,0
balanced,16,4,80.0,19,local-only,103.40674666666669,165.65193333333335,165.65193333333335,0.0,0
balanced,16,4,80.0,19,least-loaded,103.17686666666664,135.66860000000003,135.66860000000003,711.9501953125,0
balanced,16,4,80.0,19,KV-cost,103.17686666666664,135.66860000000003,135.66860000000003,711.9501953125,0
balanced,16,4,80.0,19,tree-aware-greedy-oracle,101.87404000000005,135.4495066666666,135.4495066666666,743.2021484375,0
balanced,16,4,80.0,19,sibling-aware-oracle,101.87404000000005,135.4495066666666,135.4495066666666,705.1982421875,0
balanced,64,4,5.0,0,local-only,399.0574533333335,522.6721733333337,536.7074533333335,0.0,0
balanced,64,4,5.0,0,least-loaded,396.9140933333336,521.0307600000003,530.1221733333336,2986.2255859375,0
balanced,64,4,5.0,0,KV-cost,396.9140933333336,521.0307600000003,530.1221733333336,2986.2255859375,0
balanced,64,4,5.0,0,tree-aware-greedy-oracle,400.775986666667,521.5093200000006,530.1093200000007,3021.76806640625,0
balanced,64,4,5.0,0,sibling-aware-oracle,400.76518666666686,521.5357733333336,530.1357733333338,2994.50146484375,0
balanced,64,4,5.0,1,local-only,402.3011733333333,541.5200933333334,593.7034266666669,0.0,0
balanced,64,4,5.0,1,least-loaded,398.98676000000006,523.7028800000003,532.2644800000003,3198.708984375,0
balanced,64,4,5.0,1,KV-cost,398.98676000000006,523.7028800000003,532.2644800000003,3198.708984375,0
balanced,64,4,5.0,1,tree-aware-greedy-oracle,401.87961333333345,520.669413333334,532.0962800000002,3068.685546875,0
balanced,64,4,5.0,1,sibling-aware-oracle,401.87961333333345,520.669413333334,532.0962800000002,3068.685546875,0
balanced,64,4,5.0,2,local-only,400.658626666667,527.8312666666673,551.2586266666672,0.0,0
balanced,64,4,5.0,2,least-loaded,396.01192000000054,520.1146000000006,531.7252933333338,2975.48828125,0
balanced,64,4,5.0,2,KV-cost,396.01192000000054,520.1146000000006,531.7252933333338,2975.48828125,0
balanced,64,4,5.0,2,tree-aware-greedy-oracle,403.1736533333337,521.1569866666674,531.5403200000006,2979.1591796875,0
balanced,64,4,5.0,2,sibling-aware-oracle,403.16366666666664,521.1559600000007,531.539293333334,2937.26025390625,0
balanced,64,4,5.0,3,local-only,408.70831999999984,532.51016,566.31016,0.0,0
balanced,64,4,5.0,3,least-loaded,401.61016,524.0416533333333,536.6089866666662,3091.525390625,0
balanced,64,4,5.0,3,KV-cost,401.61016,524.0416533333333,536.6089866666662,3091.525390625,0
balanced,64,4,5.0,3,tree-aware-greedy-oracle,405.38541333333313,527.3331466666667,536.1498133333336,3101.8798828125,0
balanced,64,4,5.0,3,sibling-aware-oracle,405.38541333333313,527.3331466666667,536.1498133333336,3101.8798828125,0
balanced,64,4,5.0,4,local-only,397.06814666666645,541.0709866666665,561.8661199999995,0.0,0
balanced,64,4,5.0,4,least-loaded,396.93278666666674,521.3209866666671,529.7543200000003,3127.37939453125,0
balanced,64,4,5.0,4,KV-cost,396.93278666666674,521.3209866666671,529.7543200000003,3127.37939453125,0
balanced,64,4,5.0,4,tree-aware-greedy-oracle,400.7236666666666,517.6456666666672,529.5426666666666,3119.23876953125,0
balanced,64,4,5.0,4,sibling-aware-oracle,400.6212266666666,517.6236666666666,529.5403333333333,3044.06787109375,0
balanced,64,4,5.0,5,local-only,402.5732800000002,526.6873066666669,543.9039733333339,0.0,0
balanced,64,4,5.0,5,least-loaded,397.59530666666683,523.4453066666669,533.8732800000004,3024.498046875,0
balanced,64,4,5.0,5,KV-cost,397.59530666666683,523.4453066666669,533.8732800000004,3024.498046875,0
balanced,64,4,5.0,5,tree-aware-greedy-oracle,402.96172,525.2045466666669,533.8179200000004,3025.00537109375,0
balanced,64,4,5.0,5,sibling-aware-oracle,403.0378800000003,525.2117200000001,533.7679200000003,3085.48974609375,0
balanced,64,4,5.0,6,local-only,396.52654666666666,530.2598800000003,552.1419066666671,0.0,0
balanced,64,4,5.0,6,least-loaded,394.02985333333345,514.8798533333335,526.8631866666667,2955.90869140625,0
balanced,64,4,5.0,6,KV-cost,394.02985333333345,514.8798533333335,526.8631866666667,2955.90869140625,0
balanced,64,4,5.0,6,tree-aware-greedy-oracle,397.6805066666667,516.3493866666665,526.91384,2904.28759765625,0
balanced,64,4,5.0,6,sibling-aware-oracle,397.6805066666667,516.3493866666665,526.91384,2904.28759765625,0
balanced,64,4,5.0,7,local-only,400.8588933333335,545.9711866666668,599.3378533333334,0.0,0
balanced,64,4,5.0,7,least-loaded,397.2071466666666,516.4755600000002,528.8711866666671,3002.21337890625,0
balanced,64,4,5.0,7,KV-cost,397.2071466666666,516.4755600000002,528.8711866666671,3002.21337890625,0
balanced,64,4,5.0,7,tree-aware-greedy-oracle,401.01159999999976,520.3394800000002,528.5915866666668,3069.68994140625,0
balanced,64,4,5.0,7,sibling-aware-oracle,400.5249199999999,520.2940666666667,528.5782666666664,2971.330078125,0
balanced,64,4,5.0,8,local-only,400.9068933333336,545.6598266666667,574.0902266666669,0.0,0
balanced,64,4,5.0,8,least-loaded,399.65982666666685,521.5735600000003,534.5764933333332,2971.4609375,0
balanced,64,4,5.0,8,KV-cost,399.65982666666685,521.5735600000003,534.5764933333332,2971.4609375,0
balanced,64,4,5.0,8,tree-aware-greedy-oracle,403.5593066666669,526.7690266666666,534.4180400000001,2888.81396484375,0
balanced,64,4,5.0,8,sibling-aware-oracle,403.54264000000006,526.7813333333329,534.4180400000004,2852.13232421875,0
balanced,64,4,5.0,9,local-only,401.11281333333335,555.9128133333331,590.6294799999997,0.0,0
balanced,64,4,5.0,9,least-loaded,393.9849733333336,517.3794800000001,528.8683066666673,3089.43408203125,0
balanced,64,4,5.0,9,KV-cost,393.9849733333336,517.3794800000001,528.8683066666673,3089.43408203125,0
balanced,64,4,5.0,9,tree-aware-greedy-oracle,401.3352,518.1851999999999,528.7685333333332,3065.4658203125,0
balanced,64,4,5.0,9,sibling-aware-oracle,401.34890666666684,518.5942000000006,528.5655733333335,2996.59423828125,0
balanced,64,4,5.0,10,local-only,405.4391466666664,531.9112,570.5583200000003,0.0,0
balanced,64,4,5.0,10,least-loaded,399.1945333333334,524.2225466666672,535.9225466666672,3036.50390625,0
balanced,64,4,5.0,10,KV-cost,399.1945333333334,524.2225466666672,535.9225466666672,3036.50390625,0
balanced,64,4,5.0,10,tree-aware-greedy-oracle,407.3556266666665,524.3218666666667,536.0738133333331,3130.9560546875,0
balanced,64,4,5.0,10,sibling-aware-oracle,407.3556266666665,524.3056266666666,536.0965733333328,3151.9111328125,0
balanced,64,4,5.0,11,local-only,401.1727866666668,528.7655333333341,564.8488666666675,0.0,0
balanced,64,4,5.0,11,least-loaded,397.10612000000015,520.6477200000003,533.0004133333332,3025.40771484375,0
balanced,64,4,5.0,11,KV-cost,397.10612000000015,520.6477200000003,533.0004133333332,3025.40771484375,0
balanced,64,4,5.0,11,tree-aware-greedy-oracle,401.8281333333334,522.1986266666669,533.0819600000002,2999.4091796875,0
balanced,64,4,5.0,11,sibling-aware-oracle,401.83196000000015,522.2096000000003,533.0929333333336,2996.60888671875,0
balanced,64,4,5.0,12,local-only,402.5138533333334,527.6305199999999,550.0700399999993,0.0,0
balanced,64,4,5.0,12,least-loaded,396.8323599999999,519.62004,532.0971866666663,3060.67529296875,0
balanced,64,4,5.0,12,KV-cost,396.8323599999999,519.62004,532.0971866666663,3060.67529296875,0
balanced,64,4,5.0,12,tree-aware-greedy-oracle,404.86385333333334,522.8942666666668,532.1916933333331,3092.55517578125,0
balanced,64,4,5.0,12,sibling-aware-oracle,404.3209999999998,522.8942666666666,532.2275999999999,3095.62451171875,0
balanced,64,4,5.0,13,local-only,401.41714666666655,531.9315066666666,558.8808000000004,0.0,0
balanced,64,4,5.0,13,least-loaded,397.36455999999987,526.3648399999998,533.0141333333338,2980.85888671875,0
balanced,64,4,5.0,13,KV-cost,397.36455999999987,526.3648399999998,533.0141333333338,2980.85888671875,0
balanced,64,4,5.0,13,tree-aware-greedy-oracle,399.18465333333313,521.9072400000002,532.55132,2891.9404296875,0
balanced,64,4,5.0,13,sibling-aware-oracle,399.1934800000002,522.3346533333337,532.55864,2884.77197265625,0
balanced,64,4,5.0,14,local-only,400.40132000000017,526.377213333334,536.1846533333338,0.0,0
balanced,64,4,5.0,14,least-loaded,398.4179866666668,521.5407866666669,531.7938800000002,2999.095703125,0
balanced,64,4,5.0,14,KV-cost,398.4179866666668,521.5407866666669,531.7938800000002,2999.095703125,0
balanced,64,4,5.0,14,tree-aware-greedy-oracle,405.8456133333334,520.8398666666668,531.6956133333332,2919.322265625,0
balanced,64,4,5.0,14,sibling-aware-oracle,405.84561333333346,520.8289466666669,531.6956133333338,2901.48291015625,0
balanced,64,4,5.0,15,local-only,403.4126799999997,542.329346666666,567.2709066666667,0.0,0
balanced,64,4,5.0,15,least-loaded,398.60424000000006,525.7126800000003,537.6214399999998,3096.0517578125,0
balanced,64,4,5.0,15,KV-cost,398.60424000000006,525.7126800000003,537.6214399999998,3096.0517578125,0
balanced,64,4,5.0,15,tree-aware-greedy-oracle,408.26291999999995,526.3125333333335,537.1637600000004,3134.34130859375,0
balanced,64,4,5.0,15,sibling-aware-oracle,408.10539999999946,526.4553999999999,537.0304266666676,3075.02783203125,0
balanced,64,4,5.0,16,local-only,403.94778666666696,529.8624933333342,564.0791600000009,0.0,0
balanced,64,4,5.0,16,least-loaded,396.57916000000023,518.4830000000005,530.7644533333334,2993.14599609375,0
balanced,64,4,5.0,16,KV-cost,396.57916000000023,518.4830000000005,530.7644533333334,2993.14599609375,0
balanced,64,4,5.0,16,tree-aware-greedy-oracle,402.81185333333383,519.4285200000006,530.7785200000006,3019.20068359375,0
balanced,64,4,5.0,16,sibling-aware-oracle,402.81185333333383,519.4285200000006,530.7785200000006,3019.20068359375,0
balanced,64,4,5.0,17,local-only,406.27459999999974,532.6746,565.3274533333337,0.0,0
balanced,64,4,5.0,17,least-loaded,398.307933333333,521.6176933333334,533.1579333333332,2959.72314453125,0
balanced,64,4,5.0,17,KV-cost,398.307933333333,521.6176933333334,533.1579333333332,2959.72314453125,0
balanced,64,4,5.0,17,tree-aware-greedy-oracle,406.59925333333337,522.2564133333327,533.21592,3007.9638671875,0
balanced,64,4,5.0,17,sibling-aware-oracle,406.60641333333336,522.26592,533.2064133333331,2981.5390625,0
balanced,64,4,5.0,18,local-only,400.98058666666674,564.4420933333332,602.7845733333334,0.0,0
balanced,64,4,5.0,18,least-loaded,397.7754266666668,525.7305866666665,534.7512399999997,3109.5341796875,0
balanced,64,4,5.0,18,KV-cost,397.7754266666668,525.7305866666665,534.7512399999997,3109.5341796875,0
balanced,64,4,5.0,18,tree-aware-greedy-oracle,404.7331466666666,523.050373333333,534.6684799999999,3076.697265625,0
balanced,64,4,5.0,18,sibling-aware-oracle,404.50181333333336,523.0331466666667,534.6518133333332,3107.26318359375,0
balanced,64,4,5.0,19,local-only,410.26211999999987,534.3732933333333,578.6287866666667,0.0,0
balanced,64,4,5.0,19,least-loaded,409.00662666666665,526.8787866666668,539.4232933333328,3061.04150390625,0
balanced,64,4,5.0,19,KV-cost,409.00662666666665,526.8787866666668,539.4232933333328,3061.04150390625,0
balanced,64,4,5.0,19,tree-aware-greedy-oracle,407.9316399999996,528.6030000000007,539.3458666666667,3081.26025390625,0
balanced,64,4,5.0,19,sibling-aware-oracle,407.8625333333334,528.669666666667,539.4082133333332,3066.02490234375,0
balanced,64,4,20.0,0,local-only,399.0574533333335,522.6721733333337,536.7074533333335,0.0,0
balanced,64,4,20.0,0,least-loaded,396.9140933333336,521.0307600000003,530.1221733333336,2986.2255859375,0
balanced,64,4,20.0,0,KV-cost,396.9140933333336,521.0307600000003,530.1221733333336,2986.2255859375,0
balanced,64,4,20.0,0,tree-aware-greedy-oracle,400.775986666667,521.5093200000006,530.1093200000007,3021.76806640625,0
balanced,64,4,20.0,0,sibling-aware-oracle,400.76518666666686,521.5357733333336,530.1357733333338,2994.50146484375,0
balanced,64,4,20.0,1,local-only,402.3011733333333,541.5200933333334,593.7034266666669,0.0,0
balanced,64,4,20.0,1,least-loaded,398.98676000000006,523.7028800000003,532.2644800000003,3198.708984375,0
balanced,64,4,20.0,1,KV-cost,398.98676000000006,523.7028800000003,532.2644800000003,3198.708984375,0
balanced,64,4,20.0,1,tree-aware-greedy-oracle,401.87961333333345,520.669413333334,532.0962800000002,3068.685546875,0
balanced,64,4,20.0,1,sibling-aware-oracle,401.87961333333345,520.669413333334,532.0962800000002,3068.685546875,0
balanced,64,4,20.0,2,local-only,400.658626666667,527.8312666666673,551.2586266666672,0.0,0
balanced,64,4,20.0,2,least-loaded,396.01192000000054,520.1146000000006,531.7252933333338,2975.48828125,0
balanced,64,4,20.0,2,KV-cost,396.01192000000054,520.1146000000006,531.7252933333338,2975.48828125,0
balanced,64,4,20.0,2,tree-aware-greedy-oracle,403.1736533333337,521.1569866666674,531.5403200000006,2979.1591796875,0
balanced,64,4,20.0,2,sibling-aware-oracle,403.16366666666664,521.1559600000007,531.539293333334,2937.26025390625,0
balanced,64,4,20.0,3,local-only,408.70831999999984,532.51016,566.31016,0.0,0
balanced,64,4,20.0,3,least-loaded,401.61016,524.0416533333333,536.6089866666662,3091.525390625,0
balanced,64,4,20.0,3,KV-cost,401.61016,524.0416533333333,536.6089866666662,3091.525390625,0
balanced,64,4,20.0,3,tree-aware-greedy-oracle,405.38541333333313,527.3331466666667,536.1498133333336,3101.8798828125,0
balanced,64,4,20.0,3,sibling-aware-oracle,405.38541333333313,527.3331466666667,536.1498133333336,3101.8798828125,0
balanced,64,4,20.0,4,local-only,397.06814666666645,541.0709866666665,561.8661199999995,0.0,0
balanced,64,4,20.0,4,least-loaded,396.93278666666674,521.3209866666671,529.7543200000003,3127.37939453125,0
balanced,64,4,20.0,4,KV-cost,396.93278666666674,521.3209866666671,529.7543200000003,3127.37939453125,0
balanced,64,4,20.0,4,tree-aware-greedy-oracle,400.7236666666666,517.6456666666672,529.5426666666666,3119.23876953125,0
balanced,64,4,20.0,4,sibling-aware-oracle,400.6212266666666,517.6236666666666,529.5403333333333,3044.06787109375,0
balanced,64,4,20.0,5,local-only,402.5732800000002,526.6873066666669,543.9039733333339,0.0,0
balanced,64,4,20.0,5,least-loaded,397.59530666666683,523.4453066666669,533.8732800000004,3024.498046875,0
balanced,64,4,20.0,5,KV-cost,397.59530666666683,523.4453066666669,533.8732800000004,3024.498046875,0
balanced,64,4,20.0,5,tree-aware-greedy-oracle,402.96172,525.2045466666669,533.8179200000004,3025.00537109375,0
balanced,64,4,20.0,5,sibling-aware-oracle,403.0378800000003,525.2117200000001,533.7679200000003,3085.48974609375,0
balanced,64,4,20.0,6,local-only,396.52654666666666,530.2598800000003,552.1419066666671,0.0,0
balanced,64,4,20.0,6,least-loaded,394.02985333333345,514.8798533333335,526.8631866666667,2955.90869140625,0
balanced,64,4,20.0,6,KV-cost,394.02985333333345,514.8798533333335,526.8631866666667,2955.90869140625,0
balanced,64,4,20.0,6,tree-aware-greedy-oracle,397.6805066666667,516.3493866666665,526.91384,2904.28759765625,0
balanced,64,4,20.0,6,sibling-aware-oracle,397.6805066666667,516.3493866666665,526.91384,2904.28759765625,0
balanced,64,4,20.0,7,local-only,400.8588933333335,545.9711866666668,599.3378533333334,0.0,0
balanced,64,4,20.0,7,least-loaded,397.2071466666666,516.4755600000002,528.8711866666671,3002.21337890625,0
balanced,64,4,20.0,7,KV-cost,397.2071466666666,516.4755600000002,528.8711866666671,3002.21337890625,0
balanced,64,4,20.0,7,tree-aware-greedy-oracle,401.01159999999976,520.3394800000002,528.5915866666668,3069.68994140625,0
balanced,64,4,20.0,7,sibling-aware-oracle,400.5249199999999,520.2940666666667,528.5782666666664,2971.330078125,0
balanced,64,4,20.0,8,local-only,400.9068933333336,545.6598266666667,574.0902266666669,0.0,0
balanced,64,4,20.0,8,least-loaded,399.65982666666685,521.5735600000003,534.5764933333332,2971.4609375,0
balanced,64,4,20.0,8,KV-cost,399.65982666666685,521.5735600000003,534.5764933333332,2971.4609375,0
balanced,64,4,20.0,8,tree-aware-greedy-oracle,403.5593066666669,526.7690266666666,534.4180400000001,2888.81396484375,0
balanced,64,4,20.0,8,sibling-aware-oracle,403.54264000000006,526.7813333333329,534.4180400000004,2852.13232421875,0
balanced,64,4,20.0,9,local-only,401.11281333333335,555.9128133333331,590.6294799999997,0.0,0
balanced,64,4,20.0,9,least-loaded,393.9849733333336,517.3794800000001,528.8683066666673,3089.43408203125,0
balanced,64,4,20.0,9,KV-cost,393.9849733333336,517.3794800000001,528.8683066666673,3089.43408203125,0
balanced,64,4,20.0,9,tree-aware-greedy-oracle,401.3352,518.1851999999999,528.7685333333332,3065.4658203125,0
balanced,64,4,20.0,9,sibling-aware-oracle,401.34890666666684,518.5942000000006,528.5655733333335,2996.59423828125,0
balanced,64,4,20.0,10,local-only,405.4391466666664,531.9112,570.5583200000003,0.0,0
balanced,64,4,20.0,10,least-loaded,399.1945333333334,524.2225466666672,535.9225466666672,3036.50390625,0
balanced,64,4,20.0,10,KV-cost,399.1945333333334,524.2225466666672,535.9225466666672,3036.50390625,0
balanced,64,4,20.0,10,tree-aware-greedy-oracle,407.3556266666665,524.3218666666667,536.0738133333331,3130.9560546875,0
balanced,64,4,20.0,10,sibling-aware-oracle,407.3556266666665,524.3056266666666,536.0965733333328,3151.9111328125,0
balanced,64,4,20.0,11,local-only,401.1727866666668,528.7655333333341,564.8488666666675,0.0,0
balanced,64,4,20.0,11,least-loaded,397.10612000000015,520.6477200000003,533.0004133333332,3025.40771484375,0
balanced,64,4,20.0,11,KV-cost,397.10612000000015,520.6477200000003,533.0004133333332,3025.40771484375,0
balanced,64,4,20.0,11,tree-aware-greedy-oracle,401.8281333333334,522.1986266666669,533.0819600000002,2999.4091796875,0
balanced,64,4,20.0,11,sibling-aware-oracle,401.83196000000015,522.2096000000003,533.0929333333336,2996.60888671875,0
balanced,64,4,20.0,12,local-only,402.5138533333334,527.6305199999999,550.0700399999993,0.0,0
balanced,64,4,20.0,12,least-loaded,396.8323599999999,519.62004,532.0971866666663,3060.67529296875,0
balanced,64,4,20.0,12,KV-cost,396.8323599999999,519.62004,532.0971866666663,3060.67529296875,0
balanced,64,4,20.0,12,tree-aware-greedy-oracle,404.86385333333334,522.8942666666668,532.1916933333331,3092.55517578125,0
balanced,64,4,20.0,12,sibling-aware-oracle,404.3209999999998,522.8942666666666,532.2275999999999,3095.62451171875,0
balanced,64,4,20.0,13,local-only,401.41714666666655,531.9315066666666,558.8808000000004,0.0,0
balanced,64,4,20.0,13,least-loaded,397.36455999999987,526.3648399999998,533.0141333333338,2980.85888671875,0
balanced,64,4,20.0,13,KV-cost,397.36455999999987,526.3648399999998,533.0141333333338,2980.85888671875,0
balanced,64,4,20.0,13,tree-aware-greedy-oracle,399.18465333333313,521.9072400000002,532.55132,2891.9404296875,0
balanced,64,4,20.0,13,sibling-aware-oracle,399.1934800000002,522.3346533333337,532.55864,2884.77197265625,0
balanced,64,4,20.0,14,local-only,400.40132000000017,526.377213333334,536.1846533333338,0.0,0
balanced,64,4,20.0,14,least-loaded,398.4179866666668,521.5407866666669,531.7938800000002,2999.095703125,0
balanced,64,4,20.0,14,KV-cost,398.4179866666668,521.5407866666669,531.7938800000002,2999.095703125,0
balanced,64,4,20.0,14,tree-aware-greedy-oracle,405.8456133333334,520.8398666666668,531.6956133333332,2919.322265625,0
balanced,64,4,20.0,14,sibling-aware-oracle,405.84561333333346,520.8289466666669,531.6956133333338,2901.48291015625,0
balanced,64,4,20.0,15,local-only,403.4126799999997,542.329346666666,567.2709066666667,0.0,0
balanced,64,4,20.0,15,least-loaded,398.60424000000006,525.7126800000003,537.6214399999998,3096.0517578125,0
balanced,64,4,20.0,15,KV-cost,398.60424000000006,525.7126800000003,537.6214399999998,3096.0517578125,0
balanced,64,4,20.0,15,tree-aware-greedy-oracle,408.26291999999995,526.3125333333335,537.1637600000004,3134.34130859375,0
balanced,64,4,20.0,15,sibling-aware-oracle,408.10539999999946,526.4553999999999,537.0304266666676,3075.02783203125,0
balanced,64,4,20.0,16,local-only,403.94778666666696,529.8624933333342,564.0791600000009,0.0,0
balanced,64,4,20.0,16,least-loaded,396.57916000000023,518.4830000000005,530.7644533333334,2993.14599609375,0
balanced,64,4,20.0,16,KV-cost,396.57916000000023,518.4830000000005,530.7644533333334,2993.14599609375,0
balanced,64,4,20.0,16,tree-aware-greedy-oracle,402.81185333333383,519.4285200000006,530.7785200000006,3019.20068359375,0
balanced,64,4,20.0,16,sibling-aware-oracle,402.81185333333383,519.4285200000006,530.7785200000006,3019.20068359375,0
balanced,64,4,20.0,17,local-only,406.27459999999974,532.6746,565.3274533333337,0.0,0
balanced,64,4,20.0,17,least-loaded,398.307933333333,521.6176933333334,533.1579333333332,2959.72314453125,0
balanced,64,4,20.0,17,KV-cost,398.307933333333,521.6176933333334,533.1579333333332,2959.72314453125,0
balanced,64,4,20.0,17,tree-aware-greedy-oracle,406.59925333333337,522.2564133333327,533.21592,3007.9638671875,0
balanced,64,4,20.0,17,sibling-aware-oracle,406.60641333333336,522.26592,533.2064133333331,2981.5390625,0
balanced,64,4,20.0,18,local-only,400.98058666666674,564.4420933333332,602.7845733333334,0.0,0
balanced,64,4,20.0,18,least-loaded,397.7754266666668,525.7305866666665,534.7512399999997,3109.5341796875,0
balanced,64,4,20.0,18,KV-cost,397.7754266666668,525.7305866666665,534.7512399999997,3109.5341796875,0
balanced,64,4,20.0,18,tree-aware-greedy-oracle,404.7331466666666,523.050373333333,534.6684799999999,3076.697265625,0
balanced,64,4,20.0,18,sibling-aware-oracle,404.50181333333336,523.0331466666667,534.6518133333332,3107.26318359375,0
balanced,64,4,20.0,19,local-only,410.26211999999987,534.3732933333333,578.6287866666667,0.0,0
balanced,64,4,20.0,19,least-loaded,409.00662666666665,526.8787866666668,539.4232933333328,3061.04150390625,0
balanced,64,4,20.0,19,KV-cost,409.00662666666665,526.8787866666668,539.4232933333328,3061.04150390625,0
balanced,64,4,20.0,19,tree-aware-greedy-oracle,407.9316399999996,528.6030000000007,539.3458666666667,3081.26025390625,0
balanced,64,4,20.0,19,sibling-aware-oracle,407.8625333333334,528.669666666667,539.4082133333332,3066.02490234375,0
balanced,64,4,80.0,0,local-only,399.0574533333335,522.6721733333337,536.7074533333335,0.0,0
balanced,64,4,80.0,0,least-loaded,396.9140933333336,521.0307600000003,530.1221733333336,2986.2255859375,0
balanced,64,4,80.0,0,KV-cost,396.9140933333336,521.0307600000003,530.1221733333336,2986.2255859375,0
balanced,64,4,80.0,0,tree-aware-greedy-oracle,400.775986666667,521.5093200000006,530.1093200000007,3021.76806640625,0
balanced,64,4,80.0,0,sibling-aware-oracle,400.76518666666686,521.5357733333336,530.1357733333338,2994.50146484375,0
balanced,64,4,80.0,1,local-only,402.3011733333333,541.5200933333334,593.7034266666669,0.0,0
balanced,64,4,80.0,1,least-loaded,398.98676000000006,523.7028800000003,532.2644800000003,3198.708984375,0
balanced,64,4,80.0,1,KV-cost,398.98676000000006,523.7028800000003,532.2644800000003,3198.708984375,0
balanced,64,4,80.0,1,tree-aware-greedy-oracle,401.87961333333345,520.669413333334,532.0962800000002,3068.685546875,0
balanced,64,4,80.0,1,sibling-aware-oracle,401.87961333333345,520.669413333334,532.0962800000002,3068.685546875,0
balanced,64,4,80.0,2,local-only,400.658626666667,527.8312666666673,551.2586266666672,0.0,0
balanced,64,4,80.0,2,least-loaded,396.01192000000054,520.1146000000006,531.7252933333338,2975.48828125,0
balanced,64,4,80.0,2,KV-cost,396.01192000000054,520.1146000000006,531.7252933333338,2975.48828125,0
balanced,64,4,80.0,2,tree-aware-greedy-oracle,403.1736533333337,521.1569866666674,531.5403200000006,2979.1591796875,0
balanced,64,4,80.0,2,sibling-aware-oracle,403.16366666666664,521.1559600000007,531.539293333334,2937.26025390625,0
balanced,64,4,80.0,3,local-only,408.70831999999984,532.51016,566.31016,0.0,0
balanced,64,4,80.0,3,least-loaded,401.61016,524.0416533333333,536.6089866666662,3091.525390625,0
balanced,64,4,80.0,3,KV-cost,401.61016,524.0416533333333,536.6089866666662,3091.525390625,0
balanced,64,4,80.0,3,tree-aware-greedy-oracle,405.38541333333313,527.3331466666667,536.1498133333336,3101.8798828125,0
balanced,64,4,80.0,3,sibling-aware-oracle,405.38541333333313,527.3331466666667,536.1498133333336,3101.8798828125,0
balanced,64,4,80.0,4,local-only,397.06814666666645,541.0709866666665,561.8661199999995,0.0,0
balanced,64,4,80.0,4,least-loaded,396.93278666666674,521.3209866666671,529.7543200000003,3127.37939453125,0
balanced,64,4,80.0,4,KV-cost,396.93278666666674,521.3209866666671,529.7543200000003,3127.37939453125,0
balanced,64,4,80.0,4,tree-aware-greedy-oracle,400.7236666666666,517.6456666666672,529.5426666666666,3119.23876953125,0
balanced,64,4,80.0,4,sibling-aware-oracle,400.6212266666666,517.6236666666666,529.5403333333333,3044.06787109375,0
balanced,64,4,80.0,5,local-only,402.5732800000002,526.6873066666669,543.9039733333339,0.0,0
balanced,64,4,80.0,5,least-loaded,397.59530666666683,523.4453066666669,533.8732800000004,3024.498046875,0
balanced,64,4,80.0,5,KV-cost,397.59530666666683,523.4453066666669,533.8732800000004,3024.498046875,0
balanced,64,4,80.0,5,tree-aware-greedy-oracle,402.96172,525.2045466666669,533.8179200000004,3025.00537109375,0
balanced,64,4,80.0,5,sibling-aware-oracle,403.0378800000003,525.2117200000001,533.7679200000003,3085.48974609375,0
balanced,64,4,80.0,6,local-only,396.52654666666666,530.2598800000003,552.1419066666671,0.0,0
balanced,64,4,80.0,6,least-loaded,394.02985333333345,514.8798533333335,526.8631866666667,2955.90869140625,0
balanced,64,4,80.0,6,KV-cost,394.02985333333345,514.8798533333335,526.8631866666667,2955.90869140625,0
balanced,64,4,80.0,6,tree-aware-greedy-oracle,397.6805066666667,516.3493866666665,526.91384,2904.28759765625,0
balanced,64,4,80.0,6,sibling-aware-oracle,397.6805066666667,516.3493866666665,526.91384,2904.28759765625,0
balanced,64,4,80.0,7,local-only,400.8588933333335,545.9711866666668,599.3378533333334,0.0,0
balanced,64,4,80.0,7,least-loaded,397.2071466666666,516.4755600000002,528.8711866666671,3002.21337890625,0
balanced,64,4,80.0,7,KV-cost,397.2071466666666,516.4755600000002,528.8711866666671,3002.21337890625,0
balanced,64,4,80.0,7,tree-aware-greedy-oracle,401.01159999999976,520.3394800000002,528.5915866666668,3069.68994140625,0
balanced,64,4,80.0,7,sibling-aware-oracle,400.5249199999999,520.2940666666667,528.5782666666664,2971.330078125,0
balanced,64,4,80.0,8,local-only,400.9068933333336,545.6598266666667,574.0902266666669,0.0,0
balanced,64,4,80.0,8,least-loaded,399.65982666666685,521.5735600000003,534.5764933333332,2971.4609375,0
balanced,64,4,80.0,8,KV-cost,399.65982666666685,521.5735600000003,534.5764933333332,2971.4609375,0
balanced,64,4,80.0,8,tree-aware-greedy-oracle,403.5593066666669,526.7690266666666,534.4180400000001,2888.81396484375,0
balanced,64,4,80.0,8,sibling-aware-oracle,403.54264000000006,526.7813333333329,534.4180400000004,2852.13232421875,0
balanced,64,4,80.0,9,local-only,401.11281333333335,555.9128133333331,590.6294799999997,0.0,0
balanced,64,4,80.0,9,least-loaded,393.9849733333336,517.3794800000001,528.8683066666673,3089.43408203125,0
balanced,64,4,80.0,9,KV-cost,393.9849733333336,517.3794800000001,528.8683066666673,3089.43408203125,0
balanced,64,4,80.0,9,tree-aware-greedy-oracle,401.3352,518.1851999999999,528.7685333333332,3065.4658203125,0
balanced,64,4,80.0,9,sibling-aware-oracle,401.34890666666684,518.5942000000006,528.5655733333335,2996.59423828125,0
balanced,64,4,80.0,10,local-only,405.4391466666664,531.9112,570.5583200000003,0.0,0
balanced,64,4,80.0,10,least-loaded,399.1945333333334,524.2225466666672,535.9225466666672,3036.50390625,0
balanced,64,4,80.0,10,KV-cost,399.1945333333334,524.2225466666672,535.9225466666672,3036.50390625,0
balanced,64,4,80.0,10,tree-aware-greedy-oracle,407.3556266666665,524.3218666666667,536.0738133333331,3130.9560546875,0
balanced,64,4,80.0,10,sibling-aware-oracle,407.3556266666665,524.3056266666666,536.0965733333328,3151.9111328125,0
balanced,64,4,80.0,11,local-only,401.1727866666668,528.7655333333341,564.8488666666675,0.0,0
balanced,64,4,80.0,11,least-loaded,397.10612000000015,520.6477200000003,533.0004133333332,3025.40771484375,0
balanced,64,4,80.0,11,KV-cost,397.10612000000015,520.6477200000003,533.0004133333332,3025.40771484375,0
balanced,64,4,80.0,11,tree-aware-greedy-oracle,401.8281333333334,522.1986266666669,533.0819600000002,2999.4091796875,0
balanced,64,4,80.0,11,sibling-aware-oracle,401.83196000000015,522.2096000000003,533.0929333333336,2996.60888671875,0
balanced,64,4,80.0,12,local-only,402.5138533333334,527.6305199999999,550.0700399999993,0.0,0
balanced,64,4,80.0,12,least-loaded,396.8323599999999,519.62004,532.0971866666663,3060.67529296875,0
balanced,64,4,80.0,12,KV-cost,396.8323599999999,519.62004,532.0971866666663,3060.67529296875,0
balanced,64,4,80.0,12,tree-aware-greedy-oracle,404.86385333333334,522.8942666666668,532.1916933333331,3092.55517578125,0
balanced,64,4,80.0,12,sibling-aware-oracle,404.3209999999998,522.8942666666666,532.2275999999999,3095.62451171875,0
balanced,64,4,80.0,13,local-only,401.41714666666655,531.9315066666666,558.8808000000004,0.0,0
balanced,64,4,80.0,13,least-loaded,397.36455999999987,526.3648399999998,533.0141333333338,2980.85888671875,0
balanced,64,4,80.0,13,KV-cost,397.36455999999987,526.3648399999998,533.0141333333338,2980.85888671875,0
balanced,64,4,80.0,13,tree-aware-greedy-oracle,399.18465333333313,521.9072400000002,532.55132,2891.9404296875,0
balanced,64,4,80.0,13,sibling-aware-oracle,399.1934800000002,522.3346533333337,532.55864,2884.77197265625,0
balanced,64,4,80.0,14,local-only,400.40132000000017,526.377213333334,536.1846533333338,0.0,0
balanced,64,4,80.0,14,least-loaded,398.4179866666668,521.5407866666669,531.7938800000002,2999.095703125,0
balanced,64,4,80.0,14,KV-cost,398.4179866666668,521.5407866666669,531.7938800000002,2999.095703125,0
balanced,64,4,80.0,14,tree-aware-greedy-oracle,405.8456133333334,520.8398666666668,531.6956133333332,2919.322265625,0
balanced,64,4,80.0,14,sibling-aware-oracle,405.84561333333346,520.8289466666669,531.6956133333338,2901.48291015625,0
balanced,64,4,80.0,15,local-only,403.4126799999997,542.329346666666,567.2709066666667,0.0,0
balanced,64,4,80.0,15,least-loaded,398.60424000000006,525.7126800000003,537.6214399999998,3096.0517578125,0
balanced,64,4,80.0,15,KV-cost,398.60424000000006,525.7126800000003,537.6214399999998,3096.0517578125,0
balanced,64,4,80.0,15,tree-aware-greedy-oracle,408.26291999999995,526.3125333333335,537.1637600000004,3134.34130859375,0
balanced,64,4,80.0,15,sibling-aware-oracle,408.10539999999946,526.4553999999999,537.0304266666676,3075.02783203125,0
balanced,64,4,80.0,16,local-only,403.94778666666696,529.8624933333342,564.0791600000009,0.0,0
balanced,64,4,80.0,16,least-loaded,396.57916000000023,518.4830000000005,530.7644533333334,2993.14599609375,0
balanced,64,4,80.0,16,KV-cost,396.57916000000023,518.4830000000005,530.7644533333334,2993.14599609375,0
balanced,64,4,80.0,16,tree-aware-greedy-oracle,402.81185333333383,519.4285200000006,530.7785200000006,3019.20068359375,0
balanced,64,4,80.0,16,sibling-aware-oracle,402.81185333333383,519.4285200000006,530.7785200000006,3019.20068359375,0
balanced,64,4,80.0,17,local-only,406.27459999999974,532.6746,565.3274533333337,0.0,0
balanced,64,4,80.0,17,least-loaded,398.307933333333,521.6176933333334,533.1579333333332,2959.72314453125,0
balanced,64,4,80.0,17,KV-cost,398.307933333333,521.6176933333334,533.1579333333332,2959.72314453125,0
balanced,64,4,80.0,17,tree-aware-greedy-oracle,406.59925333333337,522.2564133333327,533.21592,3007.9638671875,0
balanced,64,4,80.0,17,sibling-aware-oracle,406.60641333333336,522.26592,533.2064133333331,2981.5390625,0
balanced,64,4,80.0,18,local-only,400.98058666666674,564.4420933333332,602.7845733333334,0.0,0
balanced,64,4,80.0,18,least-loaded,397.7754266666668,525.7305866666665,534.7512399999997,3109.5341796875,0
balanced,64,4,80.0,18,KV-cost,397.7754266666668,525.7305866666665,534.7512399999997,3109.5341796875,0
balanced,64,4,80.0,18,tree-aware-greedy-oracle,404.7331466666666,523.050373333333,534.6684799999999,3076.697265625,0
balanced,64,4,80.0,18,sibling-aware-oracle,404.50181333333336,523.0331466666667,534.6518133333332,3107.26318359375,0
balanced,64,4,80.0,19,local-only,410.26211999999987,534.3732933333333,578.6287866666667,0.0,0
balanced,64,4,80.0,19,least-loaded,409.00662666666665,526.8787866666668,539.4232933333328,3061.04150390625,0
balanced,64,4,80.0,19,KV-cost,409.00662666666665,526.8787866666668,539.4232933333328,3061.04150390625,0
balanced,64,4,80.0,19,tree-aware-greedy-oracle,407.9316399999996,528.6030000000007,539.3458666666667,3081.26025390625,0
balanced,64,4,80.0,19,sibling-aware-oracle,407.8625333333334,528.669666666667,539.4082133333332,3066.02490234375,0
uneven,4,4,5.0,0,local-only,32.765613333333334,34.95812,34.95812,0.0,0
uneven,4,4,5.0,0,least-loaded,32.64264,34.89817333333334,34.89817333333334,132.841796875,41058
uneven,4,4,5.0,0,KV-cost,32.446200000000005,34.41041333333334,34.41041333333334,132.841796875,21110
uneven,4,4,5.0,0,tree-aware-greedy-oracle,32.64145333333334,34.26041333333333,34.26041333333333,150.3916015625,16408
uneven,4,4,5.0,0,sibling-aware-oracle,32.64145333333334,34.26041333333333,34.26041333333333,150.3916015625,16408
uneven,4,4,5.0,1,local-only,33.42592,36.87026666666667,36.87026666666667,0.0,0
uneven,4,4,5.0,1,least-loaded,34.030306666666675,36.27285942708333,36.27285942708333,179.2236328125,31135
uneven,4,4,5.0,1,KV-cost,34.030306666666675,35.90197942708333,35.90197942708333,179.2236328125,15037
uneven,4,4,5.0,1,tree-aware-greedy-oracle,34.00321333333334,35.623733333333334,35.623733333333334,186.341796875,9786
uneven,4,4,5.0,1,sibling-aware-oracle,34.00321333333334,35.623733333333334,35.623733333333334,186.341796875,9786
uneven,4,4,5.0,2,local-only,30.88234666666667,41.17792,41.17792,0.0,0
uneven,4,4,5.0,2,least-loaded,33.55722666666667,35.30283999999999,35.30283999999999,173.447265625,37537
uneven,4,4,5.0,2,KV-cost,33.23418739583334,34.777919999999995,34.777919999999995,173.447265625,6131
uneven,4,4,5.0,2,tree-aware-greedy-oracle,32.46234666666667,35.61268593749999,35.61268593749999,186.021484375,17123
uneven,4,4,5.0,2,sibling-aware-oracle,32.46234666666667,35.61268593749999,35.61268593749999,186.021484375,17123
uneven,4,4,5.0,3,local-only,33.05421333333334,35.39310666666667,35.39310666666667,0.0,0
uneven,4,4,5.0,3,least-loaded,33.88727713541667,34.55396833333333,34.55396833333333,144.4248046875,7825
uneven,4,4,5.0,3,KV-cost,33.88727713541667,34.228318802083336,34.228318802083336,142.4404296875,0
uneven,4,4,5.0,3,tree-aware-greedy-oracle,33.55439953125,34.82061046875,34.82061046875,130.63671875,8132
uneven,4,4,5.0,3,sibling-aware-oracle,33.55439953125,34.82061046875,34.82061046875,130.63671875,8132
uneven,4,4,5.0,4,local-only,31.84142666666666,34.64629333333334,34.64629333333334,0.0,0
uneven,4,4,5.0,4,least-loaded,32.14152,33.81617333333333,33.81617333333333,158.15283203125,20336
uneven,4,4,5.0,4,KV-cost,32.14152,33.620133333333335,33.620133333333335,158.15283203125,15435
uneven,4,4,5.0,4,tree-aware-greedy-oracle,32.50818666666666,33.39257333333333,33.39257333333333,177.3671875,15435
uneven,4,4,5.0,4,sibling-aware-oracle,32.50818666666666,33.39257333333333,33.39257333333333,177.3671875,15435
uneven,4,4,5.0,5,local-only,32.46557333333333,33.631026666666656,33.631026666666656,0.0,0
uneven,4,4,5.0,5,least-loaded,32.250101979166665,33.990621875,33.990621875,177.0390625,15715
uneven,4,4,5.0,5,KV-cost,32.250101979166665,33.781381875,33.781381875,181.2900390625,5393
uneven,4,4,5.0,5,tree-aware-greedy-oracle,32.28392,33.91676864583333,33.91676864583333,173.70458984375,21077
uneven,4,4,5.0,5,sibling-aware-oracle,32.28392,33.91676864583333,33.91676864583333,173.70458984375,21077
uneven,4,4,5.0,6,local-only,33.59536000000001,36.516439999999996,36.516439999999996,0.0,0
uneven,4,4,5.0,6,least-loaded,34.53188,36.08602666666667,36.08602666666667,188.095703125,27198
uneven,4,4,5.0,6,KV-cost,34.53188,35.94482666666667,35.94482666666667,188.095703125,23668
uneven,4,4,5.0,6,tree-aware-greedy-oracle,34.56044130208333,35.59977333333333,35.59977333333333,164.89990234375,10992
uneven,4,4,5.0,6,sibling-aware-oracle,34.56044130208333,35.59977333333333,35.59977333333333,164.89990234375,10992
uneven,4,4,5.0,7,local-only,33.75629333333334,34.715680000000006,34.715680000000006,0.0,0
uneven,4,4,5.0,7,least-loaded,33.831521718750004,34.57395213541667,34.57395213541667,145.89404296875,36976
uneven,4,4,5.0,7,KV-cost,33.684121718750006,34.35119213541667,34.35119213541667,145.89404296875,22642
uneven,4,4,5.0,7,tree-aware-greedy-oracle,33.40572,34.20296484375,34.20296484375,161.3408203125,14455
uneven,4,4,5.0,7,sibling-aware-oracle,33.41292,34.18629817708334,34.18629817708334,175.4716796875,9124
uneven,4,4,5.0,8,local-only,33.32062666666666,34.57286666666667,34.57286666666667,0.0,0
uneven,4,4,5.0,8,least-loaded,33.1005040625,34.63304567708334,34.63304567708334,169.1962890625,11439
uneven,4,4,5.0,8,KV-cost,33.1005040625,34.39600567708334,34.39600567708334,169.1962890625,5513
uneven,4,4,5.0,8,tree-aware-greedy-oracle,33.38826078125,34.07232567708333,34.07232567708333,179.23486328125,17117
uneven,4,4,5.0,8,sibling-aware-oracle,33.38826078125,34.07232567708333,34.07232567708333,179.23486328125,17117
uneven,4,4,5.0,9,local-only,30.999226666666658,33.083600000000004,33.083600000000004,0.0,0
uneven,4,4,5.0,9,least-loaded,31.27424,32.898999999999994,32.898999999999994,165.3203125,34495
uneven,4,4,5.0,9,KV-cost,31.27424,32.63256,32.63256,165.3203125,22782
uneven,4,4,5.0,9,tree-aware-greedy-oracle,31.43090666666667,32.835546666666666,32.835546666666666,166.78466796875,18813
uneven,4,4,5.0,9,sibling-aware-oracle,31.43090666666667,32.835546666666666,32.835546666666666,166.78466796875,18813
uneven,4,4,5.0,10,local-only,34.97388,35.962386666666674,35.962386666666674,0.0,0
uneven,4,4,5.0,10,least-loaded,34.980560000000004,36.18710666666666,36.18710666666666,131.3251953125,15479
uneven,4,4,5.0,10,KV-cost,34.980560000000004,36.05922666666666,36.05922666666666,131.3251953125,12282
uneven,4,4,5.0,10,tree-aware-greedy-oracle,34.974520000000005,36.27594666666667,36.27594666666667,150.7880859375,15200
uneven,4,4,5.0,10,sibling-aware-oracle,34.974520000000005,36.27594666666667,36.27594666666667,150.7880859375,15200
uneven,4,4,5.0,11,local-only,31.249613333333343,31.963453333333334,31.963453333333334,0.0,0
uneven,4,4,5.0,11,least-loaded,31.689303697916664,33.15407755208333,33.15407755208333,196.89306640625,44521
uneven,4,4,5.0,11,KV-cost,31.689303697916664,32.74363755208333,32.74363755208333,202.43115234375,27728
uneven,4,4,5.0,11,tree-aware-greedy-oracle,31.909257187500007,32.89861333333334,32.89861333333334,199.26220703125,26624
uneven,4,4,5.0,11,sibling-aware-oracle,31.909257187500007,32.89861333333334,32.89861333333334,199.26220703125,26624
uneven,4,4,5.0,12,local-only,33.99032,34.842826666666674,34.842826666666674,0.0,0
uneven,4,4,5.0,12,least-loaded,33.85817333333333,35.36102666666666,35.36102666666666,152.27099609375,21283
uneven,4,4,5.0,12,KV-cost,33.85817333333333,35.11550666666666,35.11550666666666,152.27099609375,10169
uneven,4,4,5.0,12,tree-aware-greedy-oracle,34.14282666666667,35.342439999999996,35.342439999999996,150.6318359375,6452
uneven,4,4,5.0,12,sibling-aware-oracle,34.14282666666667,35.342439999999996,35.342439999999996,150.6318359375,6452
uneven,4,4,5.0,13,local-only,32.850093333333334,34.93838666666666,34.93838666666666,0.0,0
uneven,4,4,5.0,13,least-loaded,33.76837932291667,34.293119999999995,34.293119999999995,165.78173828125,7365
uneven,4,4,5.0,13,KV-cost,33.76837932291667,34.293119999999995,34.293119999999995,165.78173828125,7365
uneven,4,4,5.0,13,tree-aware-greedy-oracle,33.99312000000001,34.29085333333333,34.29085333333333,180.82666015625,18785
uneven,4,4,5.0,13,sibling-aware-oracle,33.99312000000001,34.29085333333333,34.29085333333333,180.82666015625,18785
uneven,4,4,5.0,14,local-only,33.828293333333335,35.26589333333333,35.26589333333333,0.0,0
uneven,4,4,5.0,14,least-loaded,33.94922666666666,36.12162666666666,36.12162666666666,142.646484375,22750
uneven,4,4,5.0,14,KV-cost,33.94922666666666,35.58818666666666,35.58818666666666,142.646484375,9414
uneven,4,4,5.0,14,tree-aware-greedy-oracle,33.52950666666667,35.36691999999999,35.36691999999999,165.0546875,2986
uneven,4,4,5.0,14,sibling-aware-oracle,33.52950666666667,35.36691999999999,35.36691999999999,165.0546875,2986
uneven,4,4,5.0,15,local-only,34.16241333333333,34.61953333333333,34.61953333333333,0.0,0
uneven,4,4,5.0,15,least-loaded,34.576213333333335,35.64872145833334,35.64872145833334,195.20751953125,41743
uneven,4,4,5.0,15,KV-cost,34.315333333333335,35.20852145833334,35.20852145833334,195.20751953125,17752
uneven,4,4,5.0,15,tree-aware-greedy-oracle,34.240813333333335,34.80117333333333,34.80117333333333,178.0791015625,17300
uneven,4,4,5.0,15,sibling-aware-oracle,34.240813333333335,34.80117333333333,34.80117333333333,178.0791015625,17300
uneven,4,4,5.0,16,local-only,33.58369333333333,34.977893333333334,34.977893333333334,0.0,0
uneven,4,4,5.0,16,least-loaded,32.72954666666667,34.428373333333326,34.428373333333326,157.51904296875,26065
uneven,4,4,5.0,16,KV-cost,32.72954666666667,34.19537333333333,34.19537333333333,157.51904296875,13355
uneven,4,4,5.0,16,tree-aware-greedy-oracle,33.012879999999996,34.18518666666667,34.18518666666667,186.7255859375,13355
uneven,4,4,5.0,16,sibling-aware-oracle,33.012879999999996,34.18518666666667,34.18518666666667,186.7255859375,13355
uneven,4,4,5.0,17,local-only,33.50486666666667,34.28981333333333,34.28981333333333,0.0,0
uneven,4,4,5.0,17,least-loaded,33.641933333333334,33.73426666666666,33.73426666666666,128.09033203125,13761
uneven,4,4,5.0,17,KV-cost,33.641933333333334,33.73426666666666,33.73426666666666,128.09033203125,13761
uneven,4,4,5.0,17,tree-aware-greedy-oracle,33.45816000000001,33.82526666666667,33.82526666666667,130.63037109375,11020
uneven,4,4,5.0,17,sibling-aware-oracle,33.45816000000001,33.82526666666667,33.82526666666667,130.63037109375,11020
uneven,4,4,5.0,18,local-only,33.41406666666668,35.381586666666664,35.381586666666664,0.0,0
uneven,4,4,5.0,18,least-loaded,33.589504166666664,35.39512723958334,35.39512723958334,179.78515625,10554
uneven,4,4,5.0,18,KV-cost,33.589504166666664,35.14836723958334,35.14836723958334,179.78515625,0
uneven,4,4,5.0,18,tree-aware-greedy-oracle,34.08599765625,34.90766822916667,34.90766822916667,160.595703125,5490
uneven,4,4,5.0,18,sibling-aware-oracle,34.08599765625,34.90766822916667,34.90766822916667,160.595703125,5490
uneven,4,4,5.0,19,local-only,33.37082666666666,35.16717333333334,35.16717333333334,0.0,0
uneven,4,4,5.0,19,least-loaded,33.87874666666668,35.36410666666666,35.36410666666666,131.88720703125,13450
uneven,4,4,5.0,19,KV-cost,33.87874666666668,35.227146666666656,35.227146666666656,131.88720703125,10026
uneven,4,4,5.0,19,tree-aware-greedy-oracle,33.96869458333334,35.37941333333333,35.37941333333333,129.48681640625,6860
uneven,4,4,5.0,19,sibling-aware-oracle,33.96869458333334,35.37941333333333,35.37941333333333,129.48681640625,6860
uneven,4,4,20.0,0,local-only,32.765613333333334,34.95812,34.95812,0.0,0
uneven,4,4,20.0,0,least-loaded,32.1665323828125,34.38454122395833,34.38454122395833,152.7587890625,0
uneven,4,4,20.0,0,KV-cost,32.045634921875,34.084836145833336,34.084836145833336,143.0185546875,0
uneven,4,4,20.0,0,tree-aware-greedy-oracle,32.13734981770834,34.42155489583334,34.42155489583334,164.59423828125,0
uneven,4,4,20.0,0,sibling-aware-oracle,32.13734981770834,34.42155489583334,34.42155489583334,164.59423828125,0
uneven,4,4,20.0,1,local-only,33.42592,36.87026666666667,36.87026666666667,0.0,0
uneven,4,4,20.0,1,least-loaded,34.20488483072918,35.622202408854164,35.622202408854164,178.982421875,0
uneven,4,4,20.0,1,KV-cost,34.070266666666676,35.50706666666667,35.50706666666667,170.6943359375,0
uneven,4,4,20.0,1,tree-aware-greedy-oracle,33.80925333333333,34.973733333333335,34.973733333333335,192.9912109375,0
uneven,4,4,20.0,1,sibling-aware-oracle,33.80925333333333,34.973733333333335,34.973733333333335,192.9912109375,0
uneven,4,4,20.0,2,local-only,30.88234666666667,41.17792,41.17792,0.0,0
uneven,4,4,20.0,2,least-loaded,32.265679999999996,35.38507768229166,35.38507768229166,200.55810546875,0
uneven,4,4,20.0,2,KV-cost,32.265679999999996,35.06269194010416,35.06269194010416,191.771484375,0
uneven,4,4,20.0,2,tree-aware-greedy-oracle,32.933773333333335,34.82545333333333,34.82545333333333,202.37939453125,0
uneven,4,4,20.0,2,sibling-aware-oracle,32.933773333333335,34.82545333333333,34.82545333333333,202.37939453125,0
uneven,4,4,20.0,3,local-only,33.05421333333334,35.39310666666667,35.39310666666667,0.0,0
uneven,4,4,20.0,3,least-loaded,33.826546666666665,34.38613337239584,34.38613337239584,146.05419921875,0
uneven,4,4,20.0,3,KV-cost,33.826546666666665,34.28589020833334,34.28589020833334,144.0693359375,0
uneven,4,4,20.0,3,tree-aware-greedy-oracle,33.854213333333334,34.17644,34.17644,163.92626953125,0
uneven,4,4,20.0,3,sibling-aware-oracle,33.854213333333334,34.17644,34.17644,163.92626953125,0
uneven,4,4,20.0,4,local-only,31.84142666666666,34.64629333333334,34.64629333333334,0.0,0
uneven,4,4,20.0,4,least-loaded,32.709239999999994,33.53797321614583,33.53797321614583,191.81689453125,0
uneven,4,4,20.0,4,KV-cost,32.709239999999994,33.298058177083334,33.298058177083334,183.95849609375,0
uneven,4,4,20.0,4,tree-aware-greedy-oracle,32.041986236979156,33.712959999999995,33.712959999999995,183.57861328125,0
uneven,4,4,20.0,4,sibling-aware-oracle,32.041986236979156,33.712959999999995,33.712959999999995,183.57861328125,0
uneven,4,4,20.0,5,local-only,32.46557333333333,33.631026666666656,33.631026666666656,0.0,0
uneven,4,4,20.0,5,least-loaded,32.29890666666667,33.681342096354165,33.681342096354165,180.1552734375,0
uneven,4,4,20.0,5,KV-cost,32.29890666666667,33.552632135416665,33.552632135416665,177.60107421875,0
uneven,4,4,20.0,5,tree-aware-greedy-oracle,31.98102666666666,33.38224,33.38224,150.859375,0
uneven,4,4,20.0,5,sibling-aware-oracle,31.98102666666666,33.38224,33.38224,150.859375,0
uneven,4,4,20.0,6,local-only,33.59536000000001,36.516439999999996,36.516439999999996,0.0,0
uneven,4,4,20.0,6,least-loaded,34.399773333333336,35.62213466145833,35.62213466145833,190.41015625,0
uneven,4,4,20.0,6,KV-cost,34.399773333333336,35.534953020833335,35.534953020833335,188.6865234375,0
uneven,4,4,20.0,6,tree-aware-greedy-oracle,34.568286354166666,35.43495302083333,35.43495302083333,192.85302734375,0
uneven,4,4,20.0,6,sibling-aware-oracle,34.568286354166666,35.43495302083333,35.43495302083333,192.85302734375,0
uneven,4,4,20.0,7,local-only,33.75629333333334,34.715680000000006,34.715680000000006,0.0,0
uneven,4,4,20.0,7,least-loaded,33.45410837239583,34.54907907552083,34.54907907552083,190.10107421875,0
uneven,4,4,20.0,7,KV-cost,33.36314255208333,34.27669333333333,34.27669333333333,180.41357421875,0
uneven,4,4,20.0,7,tree-aware-greedy-oracle,33.489626666666666,34.038000000000004,34.038000000000004,170.1689453125,0
uneven,4,4,20.0,7,sibling-aware-oracle,33.489626666666666,34.038000000000004,34.038000000000004,170.1689453125,0
uneven,4,4,20.0,8,local-only,33.32062666666666,34.57286666666667,34.57286666666667,0.0,0
uneven,4,4,20.0,8,least-loaded,32.9062,34.5910125,34.5910125,205.2734375,0
uneven,4,4,20.0,8,KV-cost,32.9062,34.445334765625,34.445334765625,202.3798828125,0
uneven,4,4,20.0,8,tree-aware-greedy-oracle,33.172866666666664,33.86884,33.86884,191.7900390625,0
uneven,4,4,20.0,8,sibling-aware-oracle,33.172866666666664,33.86884,33.86884,191.7900390625,0
uneven,4,4,20.0,9,local-only,30.999226666666658,33.083600000000004,33.083600000000004,0.0,0
uneven,4,4,20.0,9,least-loaded,31.349226666666656,32.12997927083333,32.12997927083333,194.85888671875,0
uneven,4,4,20.0,9,KV-cost,31.349226666666656,32.12997927083333,32.12997927083333,194.85888671875,0
uneven,4,4,20.0,9,tree-aware-greedy-oracle,31.16693333333333,32.69922666666667,32.69922666666667,175.34326171875,0
uneven,4,4,20.0,9,sibling-aware-oracle,31.16693333333333,32.69922666666667,32.69922666666667,175.34326171875,0
uneven,4,4,20.0,10,local-only,34.97388,35.962386666666674,35.962386666666674,0.0,0
uneven,4,4,20.0,10,least-loaded,34.70922666666667,36.01229175781249,36.01229175781249,160.8134765625,0
uneven,4,4,20.0,10,KV-cost,34.70922666666667,35.93323999999999,35.93323999999999,159.25244140625,0
uneven,4,4,20.0,10,tree-aware-greedy-oracle,34.69990666666668,35.97589333333332,35.97589333333332,158.5107421875,0
uneven,4,4,20.0,10,sibling-aware-oracle,34.69990666666668,35.97589333333332,35.97589333333332,158.5107421875,0
uneven,4,4,20.0,11,local-only,31.249613333333343,31.963453333333334,31.963453333333334,0.0,0
uneven,4,4,20.0,11,least-loaded,31.751205455729163,32.50212602864583,32.50212602864583,202.6220703125,0
uneven,4,4,20.0,11,KV-cost,31.590732799479163,32.249613333333336,32.249613333333336,191.76123046875,0
uneven,4,4,20.0,11,tree-aware-greedy-oracle,31.694692044270827,32.194026979166665,32.194026979166665,216.494140625,0
uneven,4,4,20.0,11,sibling-aware-oracle,31.694692044270827,32.194026979166665,32.194026979166665,216.494140625,0
uneven,4,4,20.0,12,local-only,33.99032,34.842826666666674,34.842826666666674,0.0,0
uneven,4,4,20.0,12,least-loaded,33.8698,35.428013515625,35.428013515625,151.8935546875,0
uneven,4,4,20.0,12,KV-cost,33.8698,35.27616,35.27616,148.896484375,0
uneven,4,4,20.0,12,tree-aware-greedy-oracle,33.89032,35.392826666666664,35.392826666666664,156.18359375,0
uneven,4,4,20.0,12,sibling-aware-oracle,33.89032,35.392826666666664,35.392826666666664,156.18359375,0
uneven,4,4,20.0,13,local-only,32.850093333333334,34.93838666666666,34.93838666666666,0.0,0
uneven,4,4,20.0,13,least-loaded,33.39508,34.28342666666667,34.28342666666667,160.87646484375,0
uneven,4,4,20.0,13,KV-cost,33.39508,34.28342666666667,34.28342666666667,160.87646484375,0
uneven,4,4,20.0,13,tree-aware-greedy-oracle,33.60505333333333,34.416760000000004,34.416760000000004,171.466796875,0
uneven,4,4,20.0,13,sibling-aware-oracle,33.60505333333333,34.416760000000004,34.416760000000004,171.466796875,0
uneven,4,4,20.0,14,local-only,33.828293333333335,35.26589333333333,35.26589333333333,0.0,0
uneven,4,4,20.0,14,least-loaded,33.58256,35.92254593749999,35.92254593749999,160.30908203125,0
uneven,4,4,20.0,14,KV-cost,33.58256,35.59495999999999,35.59495999999999,153.79736328125,0
uneven,4,4,20.0,14,tree-aware-greedy-oracle,33.98256,35.128293333333325,35.128293333333325,154.22021484375,0
uneven,4,4,20.0,14,sibling-aware-oracle,33.98256,35.128293333333325,35.128293333333325,154.22021484375,0
uneven,4,4,20.0,15,local-only,34.16241333333333,34.61953333333333,34.61953333333333,0.0,0
uneven,4,4,20.0,15,least-loaded,33.8214618359375,34.856031380208336,34.856031380208336,194.96923828125,0
uneven,4,4,20.0,15,KV-cost,33.8214618359375,34.71953333333334,34.71953333333334,192.25927734375,0
uneven,4,4,20.0,15,tree-aware-greedy-oracle,34.202866666666665,34.5714618359375,34.5714618359375,183.4443359375,0
uneven,4,4,20.0,15,sibling-aware-oracle,34.202866666666665,34.5714618359375,34.5714618359375,183.4443359375,0
uneven,4,4,20.0,16,local-only,33.58369333333333,34.977893333333334,34.977893333333334,0.0,0
uneven,4,4,20.0,16,least-loaded,32.95613942708333,34.17690524739583,34.17690524739583,213.8388671875,0
uneven,4,4,20.0,16,KV-cost,32.877893333333326,34.03369333333333,34.03369333333333,206.087890625,0
uneven,4,4,20.0,16,tree-aware-greedy-oracle,32.571967877604166,34.14388,34.14388,181.01806640625,0
uneven,4,4,20.0,16,sibling-aware-oracle,32.571967877604166,34.14388,34.14388,181.01806640625,0
uneven,4,4,20.0,17,local-only,33.50486666666667,34.28981333333333,34.28981333333333,0.0,0
uneven,4,4,20.0,17,least-loaded,33.47314666666667,33.7176,33.7176,128.93017578125,0
uneven,4,4,20.0,17,KV-cost,33.47314666666667,33.7176,33.7176,128.93017578125,0
uneven,4,4,20.0,17,tree-aware-greedy-oracle,33.12109333333333,34.25093333333334,34.25093333333334,138.98095703125,0
uneven,4,4,20.0,17,sibling-aware-oracle,33.12109333333333,34.25093333333334,34.25093333333334,138.98095703125,0
uneven,4,4,20.0,18,local-only,33.41406666666668,35.381586666666664,35.381586666666664,0.0,0
uneven,4,4,20.0,18,least-loaded,34.18410149739583,34.83319701822918,34.83319701822918,188.7294921875,0
uneven,4,4,20.0,18,KV-cost,34.03073333333333,34.681586666666675,34.681586666666675,180.52880859375,0
uneven,4,4,20.0,18,tree-aware-greedy-oracle,33.88158666666667,34.51406666666667,34.51406666666667,179.33349609375,0
uneven,4,4,20.0,18,sibling-aware-oracle,33.88158666666667,34.51406666666667,34.51406666666667,179.33349609375,0
uneven,4,4,20.0,19,local-only,33.37082666666666,35.16717333333334,35.16717333333334,0.0,0
uneven,4,4,20.0,19,least-loaded,33.729413333333326,35.443498294270825,35.443498294270825,135.798828125,0
uneven,4,4,20.0,19,KV-cost,33.729413333333326,35.35890454427082,35.35890454427082,134.126953125,0
uneven,4,4,20.0,19,tree-aware-greedy-oracle,33.81717333333333,35.24607999999999,35.24607999999999,131.2939453125,0
uneven,4,4,20.0,19,sibling-aware-oracle,33.81717333333333,35.24607999999999,35.24607999999999,131.2939453125,0
uneven,4,4,80.0,0,local-only,32.765613333333334,34.95812,34.95812,0.0,0
uneven,4,4,80.0,0,least-loaded,32.21879309570312,33.860212936197925,33.860212936197925,178.13525390625,0
uneven,4,4,80.0,0,KV-cost,32.18781873046875,33.78378666666667,33.78378666666667,168.39501953125,0
uneven,4,4,80.0,0,tree-aware-greedy-oracle,32.10448539713542,34.04976903645833,34.04976903645833,162.75439453125,0
uneven,4,4,80.0,0,sibling-aware-oracle,32.10448539713542,34.04976903645833,34.04976903645833,162.75439453125,0
uneven,4,4,80.0,1,local-only,33.42592,36.87026666666667,36.87026666666667,0.0,0
uneven,4,4,80.0,1,least-loaded,33.72569333333334,35.48660060221354,35.48660060221354,182.0986328125,0
uneven,4,4,80.0,1,KV-cost,33.72569333333334,35.45706666666667,35.45706666666667,179.81591796875,0
uneven,4,4,80.0,1,tree-aware-greedy-oracle,33.8536,35.142360000000004,35.142360000000004,201.88037109375,0
uneven,4,4,80.0,1,sibling-aware-oracle,33.8536,35.142360000000004,35.142360000000004,201.88037109375,0
uneven,4,4,80.0,2,local-only,30.88234666666667,41.17792,41.17792,0.0,0
uneven,4,4,80.0,2,least-loaded,32.265679999999996,35.065869768880205,35.065869768880205,200.55810546875,0
uneven,4,4,80.0,2,KV-cost,32.265679999999996,34.98377333333333,34.98377333333333,191.771484375,0
uneven,4,4,80.0,2,tree-aware-greedy-oracle,32.933773333333335,34.82545333333333,34.82545333333333,202.37939453125,0
uneven,4,4,80.0,2,sibling-aware-oracle,32.933773333333335,34.82545333333333,34.82545333333333,202.37939453125,0
uneven,4,4,80.0,3,local-only,33.05421333333334,35.39310666666667,35.39310666666667,0.0,0
uneven,4,4,80.0,3,least-loaded,33.826546666666665,34.242853343098965,34.242853343098965,146.05419921875,0
uneven,4,4,80.0,3,KV-cost,33.826546666666665,34.21704255208334,34.21704255208334,144.0693359375,0
uneven,4,4,80.0,3,tree-aware-greedy-oracle,33.854213333333334,34.17644,34.17644,163.92626953125,0
uneven,4,4,80.0,3,sibling-aware-oracle,33.854213333333334,34.17644,34.17644,163.92626953125,0
uneven,4,4,80.0,4,local-only,31.84142666666666,34.64629333333334,34.64629333333334,0.0,0
uneven,4,4,80.0,4,least-loaded,32.46384,33.460539996744785,33.460539996744785,164.58203125,0
uneven,4,4,80.0,4,KV-cost,32.46384,33.42962666666666,33.42962666666666,159.1826171875,0
uneven,4,4,80.0,4,tree-aware-greedy-oracle,32.68050666666666,33.40809333333333,33.40809333333333,193.1767578125,0
uneven,4,4,80.0,4,sibling-aware-oracle,32.68050666666666,33.40809333333333,33.40809333333333,193.1767578125,0
uneven,4,4,80.0,5,local-only,32.46557333333333,33.631026666666656,33.631026666666656,0.0,0
uneven,4,4,80.0,5,least-loaded,32.29890666666667,33.53186082356771,33.53186082356771,180.1552734375,0
uneven,4,4,80.0,5,KV-cost,32.29890666666667,33.49893333333334,33.49893333333334,177.60107421875,0
uneven,4,4,80.0,5,tree-aware-greedy-oracle,31.98102666666666,33.38224,33.38224,150.859375,0
uneven,4,4,80.0,5,sibling-aware-oracle,31.98102666666666,33.38224,33.38224,150.859375,0
uneven,4,4,80.0,6,local-only,33.59536000000001,36.516439999999996,36.516439999999996,0.0,0
uneven,4,4,80.0,6,least-loaded,34.24977333333333,35.54791874348958,35.54791874348958,182.12744140625,0
uneven,4,4,80.0,6,KV-cost,34.24977333333333,35.525373333333334,35.525373333333334,180.40380859375,0
uneven,4,4,80.0,6,tree-aware-greedy-oracle,34.36202666666667,35.44977333333333,35.44977333333333,173.19677734375,0
uneven,4,4,80.0,6,sibling-aware-oracle,34.36202666666667,35.44977333333333,35.44977333333333,173.19677734375,0
uneven,4,4,80.0,7,local-only,33.75629333333334,34.715680000000006,34.715680000000006,0.0,0
uneven,4,4,80.0,7,least-loaded,33.28466446940105,33.974617145182286,33.974617145182286,168.40380859375,0
uneven,4,4,80.0,7,KV-cost,33.28466446940105,33.93962666666666,33.93962666666666,165.6845703125,0
uneven,4,4,80.0,7,tree-aware-greedy-oracle,33.37133333333334,33.80629333333334,33.80629333333334,174.060546875,0
uneven,4,4,80.0,7,sibling-aware-oracle,33.37133333333334,33.80629333333334,33.80629333333334,174.060546875,0
uneven,4,4,80.0,8,local-only,33.32062666666666,34.57286666666667,34.57286666666667,0.0,0
uneven,4,4,80.0,8,least-loaded,33.188853333333334,33.991129433593755,33.991129433593755,204.54638671875,0
uneven,4,4,80.0,8,KV-cost,33.188853333333334,33.95396,33.95396,201.65283203125,0
uneven,4,4,80.0,8,tree-aware-greedy-oracle,32.91884,34.53949369140625,34.53949369140625,185.06982421875,0
uneven,4,4,80.0,8,sibling-aware-oracle,32.91884,34.53949369140625,34.53949369140625,185.06982421875,0
uneven,4,4,80.0,9,local-only,30.999226666666658,33.083600000000004,33.083600000000004,0.0,0
uneven,4,4,80.0,9,least-loaded,31.349226666666656,32.16569551757812,32.16569551757812,198.111328125,0
uneven,4,4,80.0,9,KV-cost,31.349226666666656,32.12404,32.12404,194.85888671875,0
uneven,4,4,80.0,9,tree-aware-greedy-oracle,31.16693333333333,32.69922666666667,32.69922666666667,175.34326171875,0
uneven,4,4,80.0,9,sibling-aware-oracle,31.16693333333333,32.69922666666667,32.69922666666667,175.34326171875,0
uneven,4,4,80.0,10,local-only,34.97388,35.962386666666674,35.962386666666674,0.0,0
uneven,4,4,80.0,10,least-loaded,34.70922666666667,35.95375293945312,35.95375293945312,160.8134765625,0
uneven,4,4,80.0,10,KV-cost,34.70922666666667,35.93323999999999,35.93323999999999,159.25244140625,0
uneven,4,4,80.0,10,tree-aware-greedy-oracle,34.69990666666668,35.97589333333332,35.97589333333332,158.5107421875,0
uneven,4,4,80.0,10,sibling-aware-oracle,34.69990666666668,35.97589333333332,35.97589333333332,158.5107421875,0
uneven,4,4,80.0,11,local-only,31.249613333333343,31.963453333333334,31.963453333333334,0.0,0
uneven,4,4,80.0,11,least-loaded,31.5139081640625,32.31424150716146,32.31424150716146,202.6220703125,0
uneven,4,4,80.0,11,KV-cost,31.47304,32.249613333333336,32.249613333333336,191.76123046875,0
uneven,4,4,80.0,11,tree-aware-greedy-oracle,31.604183011067704,32.09678666666666,32.09678666666666,216.494140625,0
uneven,4,4,80.0,11,sibling-aware-oracle,31.604183011067704,32.09678666666666,32.09678666666666,216.494140625,0
uneven,4,4,80.0,12,local-only,33.99032,34.842826666666674,34.842826666666674,0.0,0
uneven,4,4,80.0,12,least-loaded,33.559493333333336,35.14645004557291,35.14645004557291,178.79541015625,0
uneven,4,4,80.0,12,KV-cost,33.559493333333336,35.106986666666664,35.106986666666664,170.95703125,0
uneven,4,4,80.0,12,tree-aware-greedy-oracle,33.869800000000005,35.356986666666664,35.356986666666664,162.04296875,0
uneven,4,4,80.0,12,sibling-aware-oracle,33.869800000000005,35.356986666666664,35.356986666666664,162.04296875,0
uneven,4,4,80.0,13,local-only,32.850093333333334,34.93838666666666,34.93838666666666,0.0,0
uneven,4,4,80.0,13,least-loaded,33.39508,34.28342666666667,34.28342666666667,160.87646484375,0
uneven,4,4,80.0,13,KV-cost,33.39508,34.28342666666667,34.28342666666667,160.87646484375,0
uneven,4,4,80.0,13,tree-aware-greedy-oracle,33.60505333333333,34.416760000000004,34.416760000000004,171.466796875,0
uneven,4,4,80.0,13,sibling-aware-oracle,33.60505333333333,34.416760000000004,34.416760000000004,171.466796875,0
uneven,4,4,80.0,14,local-only,33.828293333333335,35.26589333333333,35.26589333333333,0.0,0
uneven,4,4,80.0,14,least-loaded,33.58256,35.678356484374994,35.678356484374994,160.30908203125,0
uneven,4,4,80.0,14,KV-cost,33.58256,35.59495999999999,35.59495999999999,153.79736328125,0
uneven,4,4,80.0,14,tree-aware-greedy-oracle,33.98256,35.128293333333325,35.128293333333325,154.22021484375,0
uneven,4,4,80.0,14,sibling-aware-oracle,33.98256,35.128293333333325,35.128293333333325,154.22021484375,0
uneven,4,4,80.0,15,local-only,34.16241333333333,34.61953333333333,34.61953333333333,0.0,0
uneven,4,4,80.0,15,least-loaded,33.829080000000005,34.64250666666667,34.64250666666667,194.9677734375,0
uneven,4,4,80.0,15,KV-cost,33.829080000000005,34.64250666666667,34.64250666666667,192.2578125,0
uneven,4,4,80.0,15,tree-aware-greedy-oracle,34.025839999999995,34.52908000000001,34.52908000000001,173.75927734375,0
uneven,4,4,80.0,15,sibling-aware-oracle,34.025839999999995,34.52908000000001,34.52908000000001,173.75927734375,0
uneven,4,4,80.0,16,local-only,33.58369333333333,34.977893333333334,34.977893333333334,0.0,0
uneven,4,4,80.0,16,least-loaded,32.89752485677083,34.07468937174479,34.07468937174479,210.85791015625,0
uneven,4,4,80.0,16,KV-cost,32.87721333333333,34.031666666666666,34.031666666666666,203.10693359375,0
uneven,4,4,80.0,16,tree-aware-greedy-oracle,32.65036,34.060546666666674,34.060546666666674,182.2626953125,0
uneven,4,4,80.0,16,sibling-aware-oracle,32.65036,34.060546666666674,34.060546666666674,182.2626953125,0
uneven,4,4,80.0,17,local-only,33.50486666666667,34.28981333333333,34.28981333333333,0.0,0
uneven,4,4,80.0,17,least-loaded,33.47314666666667,33.7176,33.7176,128.93017578125,0
uneven,4,4,80.0,17,KV-cost,33.47314666666667,33.7176,33.7176,128.93017578125,0
uneven,4,4,80.0,17,tree-aware-greedy-oracle,33.12109333333333,34.25093333333334,34.25093333333334,138.98095703125,0
uneven,4,4,80.0,17,sibling-aware-oracle,33.12109333333333,34.25093333333334,34.25093333333334,138.98095703125,0
uneven,4,4,80.0,18,local-only,33.41406666666668,35.381586666666664,35.381586666666664,0.0,0
uneven,4,4,80.0,18,least-loaded,34.06982537434896,34.7202392545573,34.7202392545573,188.7294921875,0
uneven,4,4,80.0,18,KV-cost,34.03073333333333,34.681586666666675,34.681586666666675,180.52880859375,0
uneven,4,4,80.0,18,tree-aware-greedy-oracle,33.88158666666667,34.51406666666667,34.51406666666667,179.33349609375,0
uneven,4,4,80.0,18,sibling-aware-oracle,33.88158666666667,34.51406666666667,34.51406666666667,179.33349609375,0
uneven,4,4,80.0,19,local-only,33.37082666666666,35.16717333333334,35.16717333333334,0.0,0
uneven,4,4,80.0,19,least-loaded,33.68910839192707,35.363445104166665,35.363445104166665,133.57861328125,0
uneven,4,4,80.0,19,KV-cost,33.68910839192707,35.341546666666666,35.341546666666666,131.90673828125,0
uneven,4,4,80.0,19,tree-aware-greedy-oracle,33.696079999999995,35.65821333333333,35.65821333333333,133.509765625,0
uneven,4,4,80.0,19,sibling-aware-oracle,33.696079999999995,35.65821333333333,35.65821333333333,133.509765625,0
uneven,16,4,5.0,0,local-only,129.5946266666666,159.64520000000005,159.64520000000005,0.0,0
uneven,16,4,5.0,0,least-loaded,129.0612933333333,131.05066666666664,131.05066666666664,762.55859375,0
uneven,16,4,5.0,0,KV-cost,129.0612933333333,131.05066666666664,131.05066666666664,762.55859375,0
uneven,16,4,5.0,0,tree-aware-greedy-oracle,129.21282666666667,131.10445333333334,131.10445333333334,774.736328125,0
uneven,16,4,5.0,0,sibling-aware-oracle,129.21282666666667,131.10445333333334,131.10445333333334,774.736328125,0
uneven,16,4,5.0,1,local-only,129.76389333333333,170.47763999999998,170.47763999999998,0.0,0
uneven,16,4,5.0,1,least-loaded,130.91097333333332,133.7363733333333,133.7363733333333,747.2802734375,0
uneven,16,4,5.0,1,KV-cost,130.91097333333332,133.7363733333333,133.7363733333333,747.2802734375,0
uneven,16,4,5.0,1,tree-aware-greedy-oracle,131.0024133333333,133.92131999999998,133.92131999999998,768.787109375,0
uneven,16,4,5.0,1,sibling-aware-oracle,131.0024133333333,133.92131999999998,133.92131999999998,768.787109375,0
uneven,16,4,5.0,2,local-only,129.71574666666666,146.4509866666667,146.4509866666667,0.0,0
uneven,16,4,5.0,2,least-loaded,132.86574666666664,135.1824133333333,135.1824133333333,926.5087890625,0
uneven,16,4,5.0,2,KV-cost,132.86574666666664,135.1824133333333,135.1824133333333,926.5087890625,0
uneven,16,4,5.0,2,tree-aware-greedy-oracle,133.11998666666662,135.26661333333337,135.26661333333337,875.58935546875,0
uneven,16,4,5.0,2,sibling-aware-oracle,133.11998666666662,135.26661333333337,135.26661333333337,875.58935546875,0
uneven,16,4,5.0,3,local-only,130.59019999999995,136.0862,136.0862,0.0,0
uneven,16,4,5.0,3,least-loaded,130.95686666666663,133.06602666666663,133.06602666666663,734.53076171875,0
uneven,16,4,5.0,3,KV-cost,130.95686666666663,133.06602666666663,133.06602666666663,734.53076171875,0
uneven,16,4,5.0,3,tree-aware-greedy-oracle,130.85602666666657,133.04970666666662,133.04970666666662,730.091796875,0
uneven,16,4,5.0,3,sibling-aware-oracle,130.85602666666657,133.04970666666662,133.04970666666662,730.091796875,0
uneven,16,4,5.0,4,local-only,129.92738666666662,135.5219866666667,135.5219866666667,0.0,0
uneven,16,4,5.0,4,least-loaded,129.69377333333335,132.07198666666667,132.07198666666667,794.7373046875,0
uneven,16,4,5.0,4,KV-cost,129.69377333333335,132.07198666666667,132.07198666666667,794.7373046875,0
uneven,16,4,5.0,4,tree-aware-greedy-oracle,129.86443999999997,132.12889333333337,132.12889333333337,833.1875,0
uneven,16,4,5.0,4,sibling-aware-oracle,130.02585333333334,132.07945333333328,132.07945333333328,785.99951171875,0
uneven,16,4,5.0,5,local-only,133.23243999999994,137.51574666666667,137.51574666666667,0.0,0
uneven,16,4,5.0,5,least-loaded,133.02962666666667,134.8157733333333,134.8157733333333,786.8515625,0
uneven,16,4,5.0,5,KV-cost,133.02962666666667,134.8157733333333,134.8157733333333,786.8515625,0
uneven,16,4,5.0,5,tree-aware-greedy-oracle,132.50616,134.53949333333333,134.53949333333333,791.7705078125,0
uneven,16,4,5.0,5,sibling-aware-oracle,132.50616,134.53949333333333,134.53949333333333,791.7705078125,0
uneven,16,4,5.0,6,local-only,132.9117999999999,162.60576000000003,162.60576000000003,0.0,0
uneven,16,4,5.0,6,least-loaded,130.98037333333332,132.69704,132.69704,680.73291015625,0
uneven,16,4,5.0,6,KV-cost,130.98037333333332,132.69704,132.69704,680.73291015625,0
uneven,16,4,5.0,6,tree-aware-greedy-oracle,130.50379999999993,132.48218666666665,132.48218666666665,733.84375,0
uneven,16,4,5.0,6,sibling-aware-oracle,130.50379999999993,132.48218666666665,132.48218666666665,733.84375,0
uneven,16,4,5.0,7,local-only,129.84826666666663,162.51791999999983,162.51791999999983,0.0,0
uneven,16,4,5.0,7,least-loaded,129.85125333333335,131.8482666666667,131.8482666666667,818.46875,0
uneven,16,4,5.0,7,KV-cost,129.85125333333335,131.8482666666667,131.8482666666667,818.46875,0
uneven,16,4,5.0,7,tree-aware-greedy-oracle,129.56863999999993,132.0954266666666,132.0954266666666,827.236328125,0
uneven,16,4,5.0,7,sibling-aware-oracle,129.56863999999993,132.0954266666666,132.0954266666666,827.236328125,0
uneven,16,4,5.0,8,local-only,131.48776000000007,138.20207999999997,138.20207999999997,0.0,0
uneven,16,4,5.0,8,least-loaded,132.10442666666663,134.31874666666664,134.31874666666664,847.9208984375,0
uneven,16,4,5.0,8,KV-cost,132.10442666666663,134.31874666666664,134.31874666666664,847.9208984375,0
uneven,16,4,5.0,8,tree-aware-greedy-oracle,132.53982666666664,134.27316,134.27316,884.6904296875,0
uneven,16,4,5.0,8,sibling-aware-oracle,132.53982666666664,134.27316,134.27316,884.6904296875,0
uneven,16,4,5.0,9,local-only,127.74917333333333,166.06537333333333,166.06537333333333,0.0,0
uneven,16,4,5.0,9,least-loaded,127.59870666666666,129.50601333333336,129.50601333333336,911.74609375,0
uneven,16,4,5.0,9,KV-cost,127.59870666666666,129.50601333333336,129.50601333333336,911.74609375,0
uneven,16,4,5.0,9,tree-aware-greedy-oracle,127.8848933333333,129.90933333333334,129.90933333333334,889.720703125,0
uneven,16,4,5.0,9,sibling-aware-oracle,127.8848933333333,129.90933333333334,129.90933333333334,889.720703125,0
uneven,16,4,5.0,10,local-only,133.00847999999996,137.04255999999995,137.04255999999995,0.0,0
uneven,16,4,5.0,10,least-loaded,132.2639466666667,134.34728,134.34728,807.1396484375,0
uneven,16,4,5.0,10,KV-cost,132.2639466666667,134.34728,134.34728,807.1396484375,0
uneven,16,4,5.0,10,tree-aware-greedy-oracle,132.33093333333335,134.5603599999999,134.5603599999999,756.60595703125,0
uneven,16,4,5.0,10,sibling-aware-oracle,132.33093333333335,134.5603599999999,134.5603599999999,756.60595703125,0
uneven,16,4,5.0,11,local-only,130.90226666666666,159.01340000000002,159.01340000000002,0.0,0
uneven,16,4,5.0,11,least-loaded,128.28394666666662,130.67830666666666,130.67830666666666,828.13916015625,0
uneven,16,4,5.0,11,KV-cost,128.28394666666662,130.67830666666666,130.67830666666666,828.13916015625,0
uneven,16,4,5.0,11,tree-aware-greedy-oracle,128.32497333333333,130.40830666666665,130.40830666666665,769.52783203125,0
uneven,16,4,5.0,11,sibling-aware-oracle,128.32497333333333,130.40830666666665,130.40830666666665,769.52783203125,0
uneven,16,4,5.0,12,local-only,136.43836000000005,165.03991999999994,165.03991999999994,0.0,0
uneven,16,4,5.0,12,least-loaded,134.51304,136.58836,136.58836,757.697265625,0
uneven,16,4,5.0,12,KV-cost,134.51304,136.58836,136.58836,757.697265625,0
uneven,16,4,5.0,12,tree-aware-greedy-oracle,134.5101866666666,136.82685333333328,136.82685333333328,789.8173828125,0
uneven,16,4,5.0,12,sibling-aware-oracle,134.5101866666666,136.82685333333328,136.82685333333328,789.8173828125,0
uneven,16,4,5.0,13,local-only,129.39127999999997,134.25027999999998,134.25027999999998,0.0,0
uneven,16,4,5.0,13,least-loaded,129.94633333333326,131.60794666666666,131.60794666666666,788.69921875,0
uneven,16,4,5.0,13,KV-cost,129.94633333333326,131.60794666666666,131.60794666666666,788.69921875,0
uneven,16,4,5.0,13,tree-aware-greedy-oracle,130.0141866666667,131.71418666666668,131.71418666666668,792.17431640625,0
uneven,16,4,5.0,13,sibling-aware-oracle,130.0141866666667,131.71418666666668,131.71418666666668,792.17431640625,0
uneven,16,4,5.0,14,local-only,131.1880666666667,136.11684,136.11684,0.0,0
uneven,16,4,5.0,14,least-loaded,130.55473333333336,132.8335066666667,132.8335066666667,812.50732421875,0
uneven,16,4,5.0,14,KV-cost,130.55473333333336,132.8335066666667,132.8335066666667,812.50732421875,0
uneven,16,4,5.0,14,tree-aware-greedy-oracle,130.39170666666666,133.09553333333335,133.09553333333335,798.1064453125,0
uneven,16,4,5.0,14,sibling-aware-oracle,130.39170666666666,133.09553333333335,133.09553333333335,798.1064453125,0
uneven,16,4,5.0,15,local-only,133.84378666666663,139.82014666666663,139.82014666666663,0.0,0
uneven,16,4,5.0,15,least-loaded,133.82712000000004,135.79731999999998,135.79731999999998,832.34326171875,0
uneven,16,4,5.0,15,KV-cost,133.82712000000004,135.79731999999998,135.79731999999998,832.34326171875,0
uneven,16,4,5.0,15,tree-aware-greedy-oracle,133.8311066666666,135.75625333333338,135.75625333333338,801.013671875,0
uneven,16,4,5.0,15,sibling-aware-oracle,133.8311066666666,135.75625333333338,135.75625333333338,801.013671875,0
uneven,16,4,5.0,16,local-only,128.04417333333328,135.01154666666665,135.01154666666665,0.0,0
uneven,16,4,5.0,16,least-loaded,128.61862666666664,130.96154666666664,130.96154666666664,801.810546875,0
uneven,16,4,5.0,16,KV-cost,128.61862666666664,130.96154666666664,130.96154666666664,801.810546875,0
uneven,16,4,5.0,16,tree-aware-greedy-oracle,128.29771999999988,130.98105333333322,130.98105333333322,788.47412109375,0
uneven,16,4,5.0,16,sibling-aware-oracle,128.29771999999988,130.98105333333322,130.98105333333322,788.47412109375,0
uneven,16,4,5.0,17,local-only,132.50769333333338,136.77498666666662,136.77498666666662,0.0,0
uneven,16,4,5.0,17,least-loaded,132.31910666666664,134.89384,134.89384,732.2939453125,0
uneven,16,4,5.0,17,KV-cost,132.31910666666664,134.89384,134.89384,732.2939453125,0
uneven,16,4,5.0,17,tree-aware-greedy-oracle,132.34072000000003,134.51525333333336,134.51525333333336,761.8095703125,0
uneven,16,4,5.0,17,sibling-aware-oracle,132.34072000000003,134.51525333333336,134.51525333333336,761.8095703125,0
uneven,16,4,5.0,18,local-only,133.98934666666668,139.43528000000006,139.43528000000006,0.0,0
uneven,16,4,5.0,18,least-loaded,133.38934666666668,135.81493333333333,135.81493333333333,806.0205078125,0
uneven,16,4,5.0,18,KV-cost,133.38934666666668,135.81493333333333,135.81493333333333,806.0205078125,0
uneven,16,4,5.0,18,tree-aware-greedy-oracle,133.30786666666665,135.45987999999994,135.45987999999994,808.4375,0
uneven,16,4,5.0,18,sibling-aware-oracle,133.30786666666665,135.45987999999994,135.45987999999994,808.4375,0
uneven,16,4,5.0,19,local-only,133.66299999999998,138.51494666666667,138.51494666666667,0.0,0
uneven,16,4,5.0,19,least-loaded,133.62106666666665,136.38773333333333,136.38773333333333,693.99072265625,0
uneven,16,4,5.0,19,KV-cost,133.62106666666665,136.38773333333333,136.38773333333333,693.99072265625,0
uneven,16,4,5.0,19,tree-aware-greedy-oracle,134.01224,136.35613333333333,136.35613333333333,707.79931640625,0
uneven,16,4,5.0,19,sibling-aware-oracle,134.01224,136.35613333333333,136.35613333333333,707.79931640625,0
uneven,16,4,20.0,0,local-only,129.5946266666666,159.64520000000005,159.64520000000005,0.0,0
uneven,16,4,20.0,0,least-loaded,129.0612933333333,131.05066666666664,131.05066666666664,762.55859375,0
uneven,16,4,20.0,0,KV-cost,129.0612933333333,131.05066666666664,131.05066666666664,762.55859375,0
uneven,16,4,20.0,0,tree-aware-greedy-oracle,129.21282666666667,131.10445333333334,131.10445333333334,774.736328125,0
uneven,16,4,20.0,0,sibling-aware-oracle,129.21282666666667,131.10445333333334,131.10445333333334,774.736328125,0
uneven,16,4,20.0,1,local-only,129.76389333333333,170.47763999999998,170.47763999999998,0.0,0
uneven,16,4,20.0,1,least-loaded,130.91097333333332,133.7363733333333,133.7363733333333,747.2802734375,0
uneven,16,4,20.0,1,KV-cost,130.91097333333332,133.7363733333333,133.7363733333333,747.2802734375,0
uneven,16,4,20.0,1,tree-aware-greedy-oracle,131.0024133333333,133.92131999999998,133.92131999999998,768.787109375,0
uneven,16,4,20.0,1,sibling-aware-oracle,131.0024133333333,133.92131999999998,133.92131999999998,768.787109375,0
uneven,16,4,20.0,2,local-only,129.71574666666666,146.4509866666667,146.4509866666667,0.0,0
uneven,16,4,20.0,2,least-loaded,132.86574666666664,135.1824133333333,135.1824133333333,926.5087890625,0
uneven,16,4,20.0,2,KV-cost,132.86574666666664,135.1824133333333,135.1824133333333,926.5087890625,0
uneven,16,4,20.0,2,tree-aware-greedy-oracle,133.11998666666662,135.26661333333337,135.26661333333337,875.58935546875,0
uneven,16,4,20.0,2,sibling-aware-oracle,133.11998666666662,135.26661333333337,135.26661333333337,875.58935546875,0
uneven,16,4,20.0,3,local-only,130.59019999999995,136.0862,136.0862,0.0,0
uneven,16,4,20.0,3,least-loaded,130.95686666666663,133.06602666666663,133.06602666666663,734.53076171875,0
uneven,16,4,20.0,3,KV-cost,130.95686666666663,133.06602666666663,133.06602666666663,734.53076171875,0
uneven,16,4,20.0,3,tree-aware-greedy-oracle,130.85602666666657,133.04970666666662,133.04970666666662,730.091796875,0
uneven,16,4,20.0,3,sibling-aware-oracle,130.85602666666657,133.04970666666662,133.04970666666662,730.091796875,0
uneven,16,4,20.0,4,local-only,129.92738666666662,135.5219866666667,135.5219866666667,0.0,0
uneven,16,4,20.0,4,least-loaded,129.69377333333335,132.07198666666667,132.07198666666667,794.7373046875,0
uneven,16,4,20.0,4,KV-cost,129.69377333333335,132.07198666666667,132.07198666666667,794.7373046875,0
uneven,16,4,20.0,4,tree-aware-greedy-oracle,129.86443999999997,132.12889333333337,132.12889333333337,833.1875,0
uneven,16,4,20.0,4,sibling-aware-oracle,130.02585333333334,132.07945333333328,132.07945333333328,785.99951171875,0
uneven,16,4,20.0,5,local-only,133.23243999999994,137.51574666666667,137.51574666666667,0.0,0
uneven,16,4,20.0,5,least-loaded,133.02962666666667,134.8157733333333,134.8157733333333,786.8515625,0
uneven,16,4,20.0,5,KV-cost,133.02962666666667,134.8157733333333,134.8157733333333,786.8515625,0
uneven,16,4,20.0,5,tree-aware-greedy-oracle,132.50616,134.53949333333333,134.53949333333333,791.7705078125,0
uneven,16,4,20.0,5,sibling-aware-oracle,132.50616,134.53949333333333,134.53949333333333,791.7705078125,0
uneven,16,4,20.0,6,local-only,132.9117999999999,162.60576000000003,162.60576000000003,0.0,0
uneven,16,4,20.0,6,least-loaded,130.98037333333332,132.69704,132.69704,680.73291015625,0
uneven,16,4,20.0,6,KV-cost,130.98037333333332,132.69704,132.69704,680.73291015625,0
uneven,16,4,20.0,6,tree-aware-greedy-oracle,130.50379999999993,132.48218666666665,132.48218666666665,733.84375,0
uneven,16,4,20.0,6,sibling-aware-oracle,130.50379999999993,132.48218666666665,132.48218666666665,733.84375,0
uneven,16,4,20.0,7,local-only,129.84826666666663,162.51791999999983,162.51791999999983,0.0,0
uneven,16,4,20.0,7,least-loaded,129.85125333333335,131.8482666666667,131.8482666666667,818.46875,0
uneven,16,4,20.0,7,KV-cost,129.85125333333335,131.8482666666667,131.8482666666667,818.46875,0
uneven,16,4,20.0,7,tree-aware-greedy-oracle,129.56863999999993,132.0954266666666,132.0954266666666,827.236328125,0
uneven,16,4,20.0,7,sibling-aware-oracle,129.56863999999993,132.0954266666666,132.0954266666666,827.236328125,0
uneven,16,4,20.0,8,local-only,131.48776000000007,138.20207999999997,138.20207999999997,0.0,0
uneven,16,4,20.0,8,least-loaded,132.10442666666663,134.31874666666664,134.31874666666664,847.9208984375,0
uneven,16,4,20.0,8,KV-cost,132.10442666666663,134.31874666666664,134.31874666666664,847.9208984375,0
uneven,16,4,20.0,8,tree-aware-greedy-oracle,132.53982666666664,134.27316,134.27316,884.6904296875,0
uneven,16,4,20.0,8,sibling-aware-oracle,132.53982666666664,134.27316,134.27316,884.6904296875,0
uneven,16,4,20.0,9,local-only,127.74917333333333,166.06537333333333,166.06537333333333,0.0,0
uneven,16,4,20.0,9,least-loaded,127.59870666666666,129.50601333333336,129.50601333333336,911.74609375,0
uneven,16,4,20.0,9,KV-cost,127.59870666666666,129.50601333333336,129.50601333333336,911.74609375,0
uneven,16,4,20.0,9,tree-aware-greedy-oracle,127.8848933333333,129.90933333333334,129.90933333333334,889.720703125,0
uneven,16,4,20.0,9,sibling-aware-oracle,127.8848933333333,129.90933333333334,129.90933333333334,889.720703125,0
uneven,16,4,20.0,10,local-only,133.00847999999996,137.04255999999995,137.04255999999995,0.0,0
uneven,16,4,20.0,10,least-loaded,132.2639466666667,134.34728,134.34728,807.1396484375,0
uneven,16,4,20.0,10,KV-cost,132.2639466666667,134.34728,134.34728,807.1396484375,0
uneven,16,4,20.0,10,tree-aware-greedy-oracle,132.33093333333335,134.5603599999999,134.5603599999999,756.60595703125,0
uneven,16,4,20.0,10,sibling-aware-oracle,132.33093333333335,134.5603599999999,134.5603599999999,756.60595703125,0
uneven,16,4,20.0,11,local-only,130.90226666666666,159.01340000000002,159.01340000000002,0.0,0
uneven,16,4,20.0,11,least-loaded,128.28394666666662,130.67830666666666,130.67830666666666,828.13916015625,0
uneven,16,4,20.0,11,KV-cost,128.28394666666662,130.67830666666666,130.67830666666666,828.13916015625,0
uneven,16,4,20.0,11,tree-aware-greedy-oracle,128.32497333333333,130.40830666666665,130.40830666666665,769.52783203125,0
uneven,16,4,20.0,11,sibling-aware-oracle,128.32497333333333,130.40830666666665,130.40830666666665,769.52783203125,0
uneven,16,4,20.0,12,local-only,136.43836000000005,165.03991999999994,165.03991999999994,0.0,0
uneven,16,4,20.0,12,least-loaded,134.51304,136.58836,136.58836,757.697265625,0
uneven,16,4,20.0,12,KV-cost,134.51304,136.58836,136.58836,757.697265625,0
uneven,16,4,20.0,12,tree-aware-greedy-oracle,134.5101866666666,136.82685333333328,136.82685333333328,789.8173828125,0
uneven,16,4,20.0,12,sibling-aware-oracle,134.5101866666666,136.82685333333328,136.82685333333328,789.8173828125,0
uneven,16,4,20.0,13,local-only,129.39127999999997,134.25027999999998,134.25027999999998,0.0,0
uneven,16,4,20.0,13,least-loaded,129.94633333333326,131.60794666666666,131.60794666666666,788.69921875,0
uneven,16,4,20.0,13,KV-cost,129.94633333333326,131.60794666666666,131.60794666666666,788.69921875,0
uneven,16,4,20.0,13,tree-aware-greedy-oracle,130.0141866666667,131.71418666666668,131.71418666666668,792.17431640625,0
uneven,16,4,20.0,13,sibling-aware-oracle,130.0141866666667,131.71418666666668,131.71418666666668,792.17431640625,0
uneven,16,4,20.0,14,local-only,131.1880666666667,136.11684,136.11684,0.0,0
uneven,16,4,20.0,14,least-loaded,130.55473333333336,132.8335066666667,132.8335066666667,812.50732421875,0
uneven,16,4,20.0,14,KV-cost,130.55473333333336,132.8335066666667,132.8335066666667,812.50732421875,0
uneven,16,4,20.0,14,tree-aware-greedy-oracle,130.39170666666666,133.09553333333335,133.09553333333335,798.1064453125,0
uneven,16,4,20.0,14,sibling-aware-oracle,130.39170666666666,133.09553333333335,133.09553333333335,798.1064453125,0
uneven,16,4,20.0,15,local-only,133.84378666666663,139.82014666666663,139.82014666666663,0.0,0
uneven,16,4,20.0,15,least-loaded,133.82712000000004,135.79731999999998,135.79731999999998,832.34326171875,0
uneven,16,4,20.0,15,KV-cost,133.82712000000004,135.79731999999998,135.79731999999998,832.34326171875,0
uneven,16,4,20.0,15,tree-aware-greedy-oracle,133.8311066666666,135.75625333333338,135.75625333333338,801.013671875,0
uneven,16,4,20.0,15,sibling-aware-oracle,133.8311066666666,135.75625333333338,135.75625333333338,801.013671875,0
uneven,16,4,20.0,16,local-only,128.04417333333328,135.01154666666665,135.01154666666665,0.0,0
uneven,16,4,20.0,16,least-loaded,128.61862666666664,130.96154666666664,130.96154666666664,801.810546875,0
uneven,16,4,20.0,16,KV-cost,128.61862666666664,130.96154666666664,130.96154666666664,801.810546875,0
uneven,16,4,20.0,16,tree-aware-greedy-oracle,128.29771999999988,130.98105333333322,130.98105333333322,788.47412109375,0
uneven,16,4,20.0,16,sibling-aware-oracle,128.29771999999988,130.98105333333322,130.98105333333322,788.47412109375,0
uneven,16,4,20.0,17,local-only,132.50769333333338,136.77498666666662,136.77498666666662,0.0,0
uneven,16,4,20.0,17,least-loaded,132.31910666666664,134.89384,134.89384,732.2939453125,0
uneven,16,4,20.0,17,KV-cost,132.31910666666664,134.89384,134.89384,732.2939453125,0
uneven,16,4,20.0,17,tree-aware-greedy-oracle,132.34072000000003,134.51525333333336,134.51525333333336,761.8095703125,0
uneven,16,4,20.0,17,sibling-aware-oracle,132.34072000000003,134.51525333333336,134.51525333333336,761.8095703125,0
uneven,16,4,20.0,18,local-only,133.98934666666668,139.43528000000006,139.43528000000006,0.0,0
uneven,16,4,20.0,18,least-loaded,133.38934666666668,135.81493333333333,135.81493333333333,806.0205078125,0
uneven,16,4,20.0,18,KV-cost,133.38934666666668,135.81493333333333,135.81493333333333,806.0205078125,0
uneven,16,4,20.0,18,tree-aware-greedy-oracle,133.30786666666665,135.45987999999994,135.45987999999994,808.4375,0
uneven,16,4,20.0,18,sibling-aware-oracle,133.30786666666665,135.45987999999994,135.45987999999994,808.4375,0
uneven,16,4,20.0,19,local-only,133.66299999999998,138.51494666666667,138.51494666666667,0.0,0
uneven,16,4,20.0,19,least-loaded,133.62106666666665,136.38773333333333,136.38773333333333,693.99072265625,0
uneven,16,4,20.0,19,KV-cost,133.62106666666665,136.38773333333333,136.38773333333333,693.99072265625,0
uneven,16,4,20.0,19,tree-aware-greedy-oracle,134.01224,136.35613333333333,136.35613333333333,707.79931640625,0
uneven,16,4,20.0,19,sibling-aware-oracle,134.01224,136.35613333333333,136.35613333333333,707.79931640625,0
uneven,16,4,80.0,0,local-only,129.5946266666666,159.64520000000005,159.64520000000005,0.0,0
uneven,16,4,80.0,0,least-loaded,129.0612933333333,131.05066666666664,131.05066666666664,762.55859375,0
uneven,16,4,80.0,0,KV-cost,129.0612933333333,131.05066666666664,131.05066666666664,762.55859375,0
uneven,16,4,80.0,0,tree-aware-greedy-oracle,129.21282666666667,131.10445333333334,131.10445333333334,774.736328125,0
uneven,16,4,80.0,0,sibling-aware-oracle,129.21282666666667,131.10445333333334,131.10445333333334,774.736328125,0
uneven,16,4,80.0,1,local-only,129.76389333333333,170.47763999999998,170.47763999999998,0.0,0
uneven,16,4,80.0,1,least-loaded,130.91097333333332,133.7363733333333,133.7363733333333,747.2802734375,0
uneven,16,4,80.0,1,KV-cost,130.91097333333332,133.7363733333333,133.7363733333333,747.2802734375,0
uneven,16,4,80.0,1,tree-aware-greedy-oracle,131.0024133333333,133.92131999999998,133.92131999999998,768.787109375,0
uneven,16,4,80.0,1,sibling-aware-oracle,131.0024133333333,133.92131999999998,133.92131999999998,768.787109375,0
uneven,16,4,80.0,2,local-only,129.71574666666666,146.4509866666667,146.4509866666667,0.0,0
uneven,16,4,80.0,2,least-loaded,132.86574666666664,135.1824133333333,135.1824133333333,926.5087890625,0
uneven,16,4,80.0,2,KV-cost,132.86574666666664,135.1824133333333,135.1824133333333,926.5087890625,0
uneven,16,4,80.0,2,tree-aware-greedy-oracle,133.11998666666662,135.26661333333337,135.26661333333337,875.58935546875,0
uneven,16,4,80.0,2,sibling-aware-oracle,133.11998666666662,135.26661333333337,135.26661333333337,875.58935546875,0
uneven,16,4,80.0,3,local-only,130.59019999999995,136.0862,136.0862,0.0,0
uneven,16,4,80.0,3,least-loaded,130.95686666666663,133.06602666666663,133.06602666666663,734.53076171875,0
uneven,16,4,80.0,3,KV-cost,130.95686666666663,133.06602666666663,133.06602666666663,734.53076171875,0
uneven,16,4,80.0,3,tree-aware-greedy-oracle,130.85602666666657,133.04970666666662,133.04970666666662,730.091796875,0
uneven,16,4,80.0,3,sibling-aware-oracle,130.85602666666657,133.04970666666662,133.04970666666662,730.091796875,0
uneven,16,4,80.0,4,local-only,129.92738666666662,135.5219866666667,135.5219866666667,0.0,0
uneven,16,4,80.0,4,least-loaded,129.69377333333335,132.07198666666667,132.07198666666667,794.7373046875,0
uneven,16,4,80.0,4,KV-cost,129.69377333333335,132.07198666666667,132.07198666666667,794.7373046875,0
uneven,16,4,80.0,4,tree-aware-greedy-oracle,129.86443999999997,132.12889333333337,132.12889333333337,833.1875,0
uneven,16,4,80.0,4,sibling-aware-oracle,130.02585333333334,132.07945333333328,132.07945333333328,785.99951171875,0
uneven,16,4,80.0,5,local-only,133.23243999999994,137.51574666666667,137.51574666666667,0.0,0
uneven,16,4,80.0,5,least-loaded,133.02962666666667,134.8157733333333,134.8157733333333,786.8515625,0
uneven,16,4,80.0,5,KV-cost,133.02962666666667,134.8157733333333,134.8157733333333,786.8515625,0
uneven,16,4,80.0,5,tree-aware-greedy-oracle,132.50616,134.53949333333333,134.53949333333333,791.7705078125,0
uneven,16,4,80.0,5,sibling-aware-oracle,132.50616,134.53949333333333,134.53949333333333,791.7705078125,0
uneven,16,4,80.0,6,local-only,132.9117999999999,162.60576000000003,162.60576000000003,0.0,0
uneven,16,4,80.0,6,least-loaded,130.98037333333332,132.69704,132.69704,680.73291015625,0
uneven,16,4,80.0,6,KV-cost,130.98037333333332,132.69704,132.69704,680.73291015625,0
uneven,16,4,80.0,6,tree-aware-greedy-oracle,130.50379999999993,132.48218666666665,132.48218666666665,733.84375,0
uneven,16,4,80.0,6,sibling-aware-oracle,130.50379999999993,132.48218666666665,132.48218666666665,733.84375,0
uneven,16,4,80.0,7,local-only,129.84826666666663,162.51791999999983,162.51791999999983,0.0,0
uneven,16,4,80.0,7,least-loaded,129.85125333333335,131.8482666666667,131.8482666666667,818.46875,0
uneven,16,4,80.0,7,KV-cost,129.85125333333335,131.8482666666667,131.8482666666667,818.46875,0
uneven,16,4,80.0,7,tree-aware-greedy-oracle,129.56863999999993,132.0954266666666,132.0954266666666,827.236328125,0
uneven,16,4,80.0,7,sibling-aware-oracle,129.56863999999993,132.0954266666666,132.0954266666666,827.236328125,0
uneven,16,4,80.0,8,local-only,131.48776000000007,138.20207999999997,138.20207999999997,0.0,0
uneven,16,4,80.0,8,least-loaded,132.10442666666663,134.31874666666664,134.31874666666664,847.9208984375,0
uneven,16,4,80.0,8,KV-cost,132.10442666666663,134.31874666666664,134.31874666666664,847.9208984375,0
uneven,16,4,80.0,8,tree-aware-greedy-oracle,132.53982666666664,134.27316,134.27316,884.6904296875,0
uneven,16,4,80.0,8,sibling-aware-oracle,132.53982666666664,134.27316,134.27316,884.6904296875,0
uneven,16,4,80.0,9,local-only,127.74917333333333,166.06537333333333,166.06537333333333,0.0,0
uneven,16,4,80.0,9,least-loaded,127.59870666666666,129.50601333333336,129.50601333333336,911.74609375,0
uneven,16,4,80.0,9,KV-cost,127.59870666666666,129.50601333333336,129.50601333333336,911.74609375,0
uneven,16,4,80.0,9,tree-aware-greedy-oracle,127.8848933333333,129.90933333333334,129.90933333333334,889.720703125,0
uneven,16,4,80.0,9,sibling-aware-oracle,127.8848933333333,129.90933333333334,129.90933333333334,889.720703125,0
uneven,16,4,80.0,10,local-only,133.00847999999996,137.04255999999995,137.04255999999995,0.0,0
uneven,16,4,80.0,10,least-loaded,132.2639466666667,134.34728,134.34728,807.1396484375,0
uneven,16,4,80.0,10,KV-cost,132.2639466666667,134.34728,134.34728,807.1396484375,0
uneven,16,4,80.0,10,tree-aware-greedy-oracle,132.33093333333335,134.5603599999999,134.5603599999999,756.60595703125,0
uneven,16,4,80.0,10,sibling-aware-oracle,132.33093333333335,134.5603599999999,134.5603599999999,756.60595703125,0
uneven,16,4,80.0,11,local-only,130.90226666666666,159.01340000000002,159.01340000000002,0.0,0
uneven,16,4,80.0,11,least-loaded,128.28394666666662,130.67830666666666,130.67830666666666,828.13916015625,0
uneven,16,4,80.0,11,KV-cost,128.28394666666662,130.67830666666666,130.67830666666666,828.13916015625,0
uneven,16,4,80.0,11,tree-aware-greedy-oracle,128.32497333333333,130.40830666666665,130.40830666666665,769.52783203125,0
uneven,16,4,80.0,11,sibling-aware-oracle,128.32497333333333,130.40830666666665,130.40830666666665,769.52783203125,0
uneven,16,4,80.0,12,local-only,136.43836000000005,165.03991999999994,165.03991999999994,0.0,0
uneven,16,4,80.0,12,least-loaded,134.51304,136.58836,136.58836,757.697265625,0
uneven,16,4,80.0,12,KV-cost,134.51304,136.58836,136.58836,757.697265625,0
uneven,16,4,80.0,12,tree-aware-greedy-oracle,134.5101866666666,136.82685333333328,136.82685333333328,789.8173828125,0
uneven,16,4,80.0,12,sibling-aware-oracle,134.5101866666666,136.82685333333328,136.82685333333328,789.8173828125,0
uneven,16,4,80.0,13,local-only,129.39127999999997,134.25027999999998,134.25027999999998,0.0,0
uneven,16,4,80.0,13,least-loaded,129.94633333333326,131.60794666666666,131.60794666666666,788.69921875,0
uneven,16,4,80.0,13,KV-cost,129.94633333333326,131.60794666666666,131.60794666666666,788.69921875,0
uneven,16,4,80.0,13,tree-aware-greedy-oracle,130.0141866666667,131.71418666666668,131.71418666666668,792.17431640625,0
uneven,16,4,80.0,13,sibling-aware-oracle,130.0141866666667,131.71418666666668,131.71418666666668,792.17431640625,0
uneven,16,4,80.0,14,local-only,131.1880666666667,136.11684,136.11684,0.0,0
uneven,16,4,80.0,14,least-loaded,130.55473333333336,132.8335066666667,132.8335066666667,812.50732421875,0
uneven,16,4,80.0,14,KV-cost,130.55473333333336,132.8335066666667,132.8335066666667,812.50732421875,0
uneven,16,4,80.0,14,tree-aware-greedy-oracle,130.39170666666666,133.09553333333335,133.09553333333335,798.1064453125,0
uneven,16,4,80.0,14,sibling-aware-oracle,130.39170666666666,133.09553333333335,133.09553333333335,798.1064453125,0
uneven,16,4,80.0,15,local-only,133.84378666666663,139.82014666666663,139.82014666666663,0.0,0
uneven,16,4,80.0,15,least-loaded,133.82712000000004,135.79731999999998,135.79731999999998,832.34326171875,0
uneven,16,4,80.0,15,KV-cost,133.82712000000004,135.79731999999998,135.79731999999998,832.34326171875,0
uneven,16,4,80.0,15,tree-aware-greedy-oracle,133.8311066666666,135.75625333333338,135.75625333333338,801.013671875,0
uneven,16,4,80.0,15,sibling-aware-oracle,133.8311066666666,135.75625333333338,135.75625333333338,801.013671875,0
uneven,16,4,80.0,16,local-only,128.04417333333328,135.01154666666665,135.01154666666665,0.0,0
uneven,16,4,80.0,16,least-loaded,128.61862666666664,130.96154666666664,130.96154666666664,801.810546875,0
uneven,16,4,80.0,16,KV-cost,128.61862666666664,130.96154666666664,130.96154666666664,801.810546875,0
uneven,16,4,80.0,16,tree-aware-greedy-oracle,128.29771999999988,130.98105333333322,130.98105333333322,788.47412109375,0
uneven,16,4,80.0,16,sibling-aware-oracle,128.29771999999988,130.98105333333322,130.98105333333322,788.47412109375,0
uneven,16,4,80.0,17,local-only,132.50769333333338,136.77498666666662,136.77498666666662,0.0,0
uneven,16,4,80.0,17,least-loaded,132.31910666666664,134.89384,134.89384,732.2939453125,0
uneven,16,4,80.0,17,KV-cost,132.31910666666664,134.89384,134.89384,732.2939453125,0
uneven,16,4,80.0,17,tree-aware-greedy-oracle,132.34072000000003,134.51525333333336,134.51525333333336,761.8095703125,0
uneven,16,4,80.0,17,sibling-aware-oracle,132.34072000000003,134.51525333333336,134.51525333333336,761.8095703125,0
uneven,16,4,80.0,18,local-only,133.98934666666668,139.43528000000006,139.43528000000006,0.0,0
uneven,16,4,80.0,18,least-loaded,133.38934666666668,135.81493333333333,135.81493333333333,806.0205078125,0
uneven,16,4,80.0,18,KV-cost,133.38934666666668,135.81493333333333,135.81493333333333,806.0205078125,0
uneven,16,4,80.0,18,tree-aware-greedy-oracle,133.30786666666665,135.45987999999994,135.45987999999994,808.4375,0
uneven,16,4,80.0,18,sibling-aware-oracle,133.30786666666665,135.45987999999994,135.45987999999994,808.4375,0
uneven,16,4,80.0,19,local-only,133.66299999999998,138.51494666666667,138.51494666666667,0.0,0
uneven,16,4,80.0,19,least-loaded,133.62106666666665,136.38773333333333,136.38773333333333,693.99072265625,0
uneven,16,4,80.0,19,KV-cost,133.62106666666665,136.38773333333333,136.38773333333333,693.99072265625,0
uneven,16,4,80.0,19,tree-aware-greedy-oracle,134.01224,136.35613333333333,136.35613333333333,707.79931640625,0
uneven,16,4,80.0,19,sibling-aware-oracle,134.01224,136.35613333333333,136.35613333333333,707.79931640625,0
uneven,64,4,5.0,0,local-only,546.3346533333336,559.8784800000006,561.9951466666673,0.0,0
uneven,64,4,5.0,0,least-loaded,520.5689866666668,527.7023200000002,528.8118133333339,3201.7275390625,0
uneven,64,4,5.0,0,KV-cost,520.5689866666668,527.7023200000002,528.8118133333339,3201.7275390625,0
uneven,64,4,5.0,0,tree-aware-greedy-oracle,520.8307200000005,528.0547866666666,528.6152666666669,3285.90673828125,0
uneven,64,4,5.0,0,sibling-aware-oracle,520.5169066666672,527.9319333333334,529.0140533333335,3205.31884765625,0
uneven,64,4,5.0,1,local-only,528.4290266666673,559.7490533333332,563.2490533333332,0.0,0
uneven,64,4,5.0,1,least-loaded,524.9109866666668,533.0943200000002,534.4823866666673,3076.0244140625,0
uneven,64,4,5.0,1,KV-cost,524.9109866666668,533.0943200000002,534.4823866666673,3076.0244140625,0
uneven,64,4,5.0,1,tree-aware-greedy-oracle,525.8827866666671,532.97764,533.9161200000005,3100.63525390625,0
uneven,64,4,5.0,1,sibling-aware-oracle,525.8827866666671,532.97764,533.9161200000005,3100.63525390625,0
uneven,64,4,5.0,2,local-only,540.5430533333341,562.2668000000008,565.8501333333342,0.0,0
uneven,64,4,5.0,2,least-loaded,522.5203733333341,529.9370400000007,530.6263866666669,3202.0068359375,0
uneven,64,4,5.0,2,KV-cost,522.5203733333341,529.9370400000007,530.6263866666669,3202.0068359375,0
uneven,64,4,5.0,2,tree-aware-greedy-oracle,522.7889200000011,530.031173333334,530.7158266666669,3314.72607421875,0
uneven,64,4,5.0,2,sibling-aware-oracle,522.7889200000011,530.031173333334,530.7158266666669,3314.72607421875,0
uneven,64,4,5.0,3,local-only,548.0507466666667,564.6709600000002,567.4542933333335,0.0,0
uneven,64,4,5.0,3,least-loaded,529.4030266666664,537.4007466666666,538.0030266666664,2876.189453125,0
uneven,64,4,5.0,3,KV-cost,529.4030266666664,537.4007466666666,538.0030266666664,2876.189453125,0
uneven,64,4,5.0,3,tree-aware-greedy-oracle,529.2239066666672,537.4650666666662,537.720826666667,2979.79345703125,0
uneven,64,4,5.0,3,sibling-aware-oracle,529.2239066666672,537.4650666666662,537.720826666667,2979.79345703125,0
uneven,64,4,5.0,4,local-only,523.2512666666671,566.1734666666667,569.8568,0.0,0
uneven,64,4,5.0,4,least-loaded,521.0343999999999,528.6512666666665,529.8510666666665,3003.4384765625,0
uneven,64,4,5.0,4,KV-cost,521.0343999999999,528.6512666666665,529.8510666666665,3003.4384765625,0
uneven,64,4,5.0,4,tree-aware-greedy-oracle,521.7224533333336,529.0891200000002,529.292866666666,3050.34228515625,0
uneven,64,4,5.0,4,sibling-aware-oracle,521.5909733333336,529.122453333333,529.2980933333331,3035.75244140625,0
uneven,64,4,5.0,5,local-only,522.5409333333334,557.9532666666669,560.6532666666669,0.0,0
uneven,64,4,5.0,5,least-loaded,524.2699333333328,532.2330933333337,533.5409333333334,3107.95458984375,0
uneven,64,4,5.0,5,KV-cost,524.2699333333328,532.2330933333337,533.5409333333334,3107.95458984375,0
uneven,64,4,5.0,5,tree-aware-greedy-oracle,524.2160666666671,532.1276266666666,533.3094800000006,3129.8740234375,0
uneven,64,4,5.0,5,sibling-aware-oracle,524.2160666666671,532.1276266666666,533.3094800000006,3129.8740234375,0
uneven,64,4,5.0,6,local-only,548.6898666666667,598.7369466666669,601.8869466666669,0.0,0
uneven,64,4,5.0,6,least-loaded,519.7436666666671,526.8436666666671,527.5565333333341,3011.5595703125,0
uneven,64,4,5.0,6,KV-cost,519.7436666666671,526.8436666666671,527.5565333333341,3011.5595703125,0
uneven,64,4,5.0,6,tree-aware-greedy-oracle,519.4088266666673,527.038493333334,527.5831066666664,3054.6337890625,0
uneven,64,4,5.0,6,sibling-aware-oracle,519.4088266666673,527.038493333334,527.5831066666664,3054.6337890625,0
uneven,64,4,5.0,7,local-only,519.9934133333339,556.5182800000002,559.3016133333335,0.0,0
uneven,64,4,5.0,7,least-loaded,520.9849466666669,528.3767466666668,529.4062533333336,3092.205078125,0
uneven,64,4,5.0,7,KV-cost,520.9849466666669,528.3767466666668,529.4062533333336,3092.205078125,0
uneven,64,4,5.0,7,tree-aware-greedy-oracle,521.1918666666667,528.6585333333334,529.1611866666668,3016.51220703125,0
uneven,64,4,5.0,7,sibling-aware-oracle,521.1918666666667,528.6585333333334,529.1611866666668,3016.51220703125,0
uneven,64,4,5.0,8,local-only,523.8656533333335,561.5036000000001,565.2036000000002,0.0,0
uneven,64,4,5.0,8,least-loaded,524.3557866666666,531.9869333333332,533.0557866666668,3261.919921875,0
uneven,64,4,5.0,8,KV-cost,524.3557866666666,531.9869333333332,533.0557866666668,3261.919921875,0
uneven,64,4,5.0,8,tree-aware-greedy-oracle,524.5944933333336,531.9848266666664,532.7627466666667,3289.83251953125,0
uneven,64,4,5.0,8,sibling-aware-oracle,524.5944933333336,531.9848266666664,532.7627466666667,3289.83251953125,0
uneven,64,4,5.0,9,local-only,533.50044,597.8334133333328,601.7667466666661,0.0,0
uneven,64,4,5.0,9,least-loaded,521.0643866666667,528.8581200000002,530.0171066666669,3247.42333984375,0
uneven,64,4,5.0,9,KV-cost,521.0643866666667,528.8581200000002,530.0171066666669,3247.42333984375,0
uneven,64,4,5.0,9,tree-aware-greedy-oracle,521.8124266666667,528.9568666666664,529.8150933333336,3187.73193359375,0
uneven,64,4,5.0,9,sibling-aware-oracle,521.8124266666667,528.9568666666664,529.8150933333336,3187.73193359375,0
uneven,64,4,5.0,10,local-only,522.8338666666668,569.3231600000008,572.8064933333342,0.0,0
uneven,64,4,5.0,10,least-loaded,528.6174399999999,537.0005333333332,537.5398266666668,2970.27880859375,0
uneven,64,4,5.0,10,KV-cost,528.6174399999999,537.0005333333332,537.5398266666668,2970.27880859375,0
uneven,64,4,5.0,10,tree-aware-greedy-oracle,528.8476933333335,536.6976933333335,537.7764533333332,2861.4619140625,0
uneven,64,4,5.0,10,sibling-aware-oracle,528.8476933333335,536.6976933333335,537.7764533333332,2861.4619140625,0
uneven,64,4,5.0,11,local-only,511.2879466666671,596.4224666666672,599.7558000000007,0.0,0
uneven,64,4,5.0,11,least-loaded,524.9391333333336,532.5546133333338,533.3923066666677,3124.0341796875,0
uneven,64,4,5.0,11,KV-cost,524.9391333333336,532.5546133333338,533.3923066666677,3124.0341796875,0
uneven,64,4,5.0,11,tree-aware-greedy-oracle,525.6813600000011,532.8842933333336,533.4667066666669,3161.39599609375,0
uneven,64,4,5.0,11,sibling-aware-oracle,525.8646933333339,532.6934400000006,533.5167066666673,3205.49072265625,0
uneven,64,4,5.0,12,local-only,521.6483066666664,564.8556666666664,566.9223333333331,0.0,0
uneven,64,4,5.0,12,least-loaded,523.8723333333335,531.3012399999999,532.4649733333331,3206.3134765625,0
uneven,64,4,5.0,12,KV-cost,523.8723333333335,531.3012399999999,532.4649733333331,3206.3134765625,0
uneven,64,4,5.0,12,tree-aware-greedy-oracle,524.2727199999998,531.1491066666666,532.34072,3192.60107421875,0
uneven,64,4,5.0,12,sibling-aware-oracle,524.2727199999998,531.1491066666666,532.34072,3192.60107421875,0
uneven,64,4,5.0,13,local-only,524.942546666667,557.9329866666671,560.7996533333338,0.0,0
uneven,64,4,5.0,13,least-loaded,522.5496533333337,530.2425466666666,530.8845200000001,3107.3515625,0
uneven,64,4,5.0,13,KV-cost,522.5496533333337,530.2425466666666,530.8845200000001,3107.3515625,0
uneven,64,4,5.0,13,tree-aware-greedy-oracle,523.0348666666667,530.3348666666668,531.105906666667,3157.2890625,0
uneven,64,4,5.0,13,sibling-aware-oracle,523.0348666666667,530.3348666666668,531.105906666667,3157.2890625,0
uneven,64,4,5.0,14,local-only,536.7596933333336,571.3345999999997,573.8012666666664,0.0,0
uneven,64,4,5.0,14,least-loaded,523.9763600000002,531.7593333333331,532.543026666667,3108.15673828125,0
uneven,64,4,5.0,14,KV-cost,523.9763600000002,531.7593333333331,532.543026666667,3108.15673828125,0
uneven,64,4,5.0,14,tree-aware-greedy-oracle,523.6580533333332,531.4505599999997,532.8191066666668,3086.29541015625,0
uneven,64,4,5.0,14,sibling-aware-oracle,523.6580533333332,531.4505599999997,532.8191066666668,3086.29541015625,0
uneven,64,4,5.0,15,local-only,530.3566400000001,541.20664,543.9243866666669,0.0,0
uneven,64,4,5.0,15,least-loaded,529.3243866666667,537.1410533333334,538.1570533333338,3154.4736328125,0
uneven,64,4,5.0,15,KV-cost,529.3243866666667,537.1410533333334,538.1570533333338,3154.4736328125,0
uneven,64,4,5.0,15,tree-aware-greedy-oracle,530.4590533333339,537.4438533333338,538.2352666666665,3153.41064453125,0
uneven,64,4,5.0,15,sibling-aware-oracle,530.0965333333335,537.0938533333333,538.4465333333335,3156.27783203125,0
uneven,64,4,5.0,16,local-only,519.1653466666666,558.6007466666667,562.2507466666667,0.0,0
uneven,64,4,5.0,16,least-loaded,519.9436533333335,527.9018400000003,529.2840800000001,3226.45654296875,0
uneven,64,4,5.0,16,KV-cost,519.9436533333335,527.9018400000003,529.2840800000001,3226.45654296875,0
uneven,64,4,5.0,16,tree-aware-greedy-oracle,520.5031466666671,528.2108800000001,529.2031466666673,3200.0791015625,0
uneven,64,4,5.0,16,sibling-aware-oracle,520.5031466666671,528.2108800000001,529.2031466666673,3200.0791015625,0
uneven,64,4,5.0,17,local-only,522.6724266666672,562.250546666666,564.650546666666,0.0,0
uneven,64,4,5.0,17,least-loaded,523.6610266666669,530.7005466666668,531.7890933333333,3221.53955078125,0
uneven,64,4,5.0,17,KV-cost,523.6610266666669,530.7005466666668,531.7890933333333,3221.53955078125,0
uneven,64,4,5.0,17,tree-aware-greedy-oracle,524.0575466666669,530.7263333333333,531.4387866666667,3056.61181640625,0
uneven,64,4,5.0,17,sibling-aware-oracle,523.9387866666669,530.8790400000004,531.4742133333331,3197.64453125,0
uneven,64,4,5.0,18,local-only,527.0257466666666,535.7924133333332,538.4736533333336,0.0,0
uneven,64,4,5.0,18,least-loaded,526.78152,534.7648533333333,535.7257466666666,3004.75830078125,0
uneven,64,4,5.0,18,KV-cost,526.78152,534.7648533333333,535.7257466666666,3004.75830078125,0
uneven,64,4,5.0,18,tree-aware-greedy-oracle,527.2990400000001,534.6161333333331,535.5490400000001,2972.01904296875,0
uneven,64,4,5.0,18,sibling-aware-oracle,527.2990400000001,534.6161333333331,535.5490400000001,2972.01904296875,0
uneven,64,4,5.0,19,local-only,530.7341200000004,562.3395599999998,564.9895599999998,0.0,0
uneven,64,4,5.0,19,least-loaded,529.6036400000007,537.7507866666668,538.4273199999993,3143.4111328125,0
uneven,64,4,5.0,19,KV-cost,529.6036400000007,537.7507866666668,538.4273199999993,3143.4111328125,0
uneven,64,4,5.0,19,tree-aware-greedy-oracle,529.8993733333334,537.6395733333328,538.526426666667,3075.89794921875,0
uneven,64,4,5.0,19,sibling-aware-oracle,529.8993733333334,537.6395733333328,538.526426666667,3075.89794921875,0
uneven,64,4,20.0,0,local-only,546.3346533333336,559.8784800000006,561.9951466666673,0.0,0
uneven,64,4,20.0,0,least-loaded,520.5689866666668,527.7023200000002,528.8118133333339,3201.7275390625,0
uneven,64,4,20.0,0,KV-cost,520.5689866666668,527.7023200000002,528.8118133333339,3201.7275390625,0
uneven,64,4,20.0,0,tree-aware-greedy-oracle,520.8307200000005,528.0547866666666,528.6152666666669,3285.90673828125,0
uneven,64,4,20.0,0,sibling-aware-oracle,520.5169066666672,527.9319333333334,529.0140533333335,3205.31884765625,0
uneven,64,4,20.0,1,local-only,528.4290266666673,559.7490533333332,563.2490533333332,0.0,0
uneven,64,4,20.0,1,least-loaded,524.9109866666668,533.0943200000002,534.4823866666673,3076.0244140625,0
uneven,64,4,20.0,1,KV-cost,524.9109866666668,533.0943200000002,534.4823866666673,3076.0244140625,0
uneven,64,4,20.0,1,tree-aware-greedy-oracle,525.8827866666671,532.97764,533.9161200000005,3100.63525390625,0
uneven,64,4,20.0,1,sibling-aware-oracle,525.8827866666671,532.97764,533.9161200000005,3100.63525390625,0
uneven,64,4,20.0,2,local-only,540.5430533333341,562.2668000000008,565.8501333333342,0.0,0
uneven,64,4,20.0,2,least-loaded,522.5203733333341,529.9370400000007,530.6263866666669,3202.0068359375,0
uneven,64,4,20.0,2,KV-cost,522.5203733333341,529.9370400000007,530.6263866666669,3202.0068359375,0
uneven,64,4,20.0,2,tree-aware-greedy-oracle,522.7889200000011,530.031173333334,530.7158266666669,3314.72607421875,0
uneven,64,4,20.0,2,sibling-aware-oracle,522.7889200000011,530.031173333334,530.7158266666669,3314.72607421875,0
uneven,64,4,20.0,3,local-only,548.0507466666667,564.6709600000002,567.4542933333335,0.0,0
uneven,64,4,20.0,3,least-loaded,529.4030266666664,537.4007466666666,538.0030266666664,2876.189453125,0
uneven,64,4,20.0,3,KV-cost,529.4030266666664,537.4007466666666,538.0030266666664,2876.189453125,0
uneven,64,4,20.0,3,tree-aware-greedy-oracle,529.2239066666672,537.4650666666662,537.720826666667,2979.79345703125,0
uneven,64,4,20.0,3,sibling-aware-oracle,529.2239066666672,537.4650666666662,537.720826666667,2979.79345703125,0
uneven,64,4,20.0,4,local-only,523.2512666666671,566.1734666666667,569.8568,0.0,0
uneven,64,4,20.0,4,least-loaded,521.0343999999999,528.6512666666665,529.8510666666665,3003.4384765625,0
uneven,64,4,20.0,4,KV-cost,521.0343999999999,528.6512666666665,529.8510666666665,3003.4384765625,0
uneven,64,4,20.0,4,tree-aware-greedy-oracle,521.7224533333336,529.0891200000002,529.292866666666,3050.34228515625,0
uneven,64,4,20.0,4,sibling-aware-oracle,521.5909733333336,529.122453333333,529.2980933333331,3035.75244140625,0
uneven,64,4,20.0,5,local-only,522.5409333333334,557.9532666666669,560.6532666666669,0.0,0
uneven,64,4,20.0,5,least-loaded,524.2699333333328,532.2330933333337,533.5409333333334,3107.95458984375,0
uneven,64,4,20.0,5,KV-cost,524.2699333333328,532.2330933333337,533.5409333333334,3107.95458984375,0
uneven,64,4,20.0,5,tree-aware-greedy-oracle,524.2160666666671,532.1276266666666,533.3094800000006,3129.8740234375,0
uneven,64,4,20.0,5,sibling-aware-oracle,524.2160666666671,532.1276266666666,533.3094800000006,3129.8740234375,0
uneven,64,4,20.0,6,local-only,548.6898666666667,598.7369466666669,601.8869466666669,0.0,0
uneven,64,4,20.0,6,least-loaded,519.7436666666671,526.8436666666671,527.5565333333341,3011.5595703125,0
uneven,64,4,20.0,6,KV-cost,519.7436666666671,526.8436666666671,527.5565333333341,3011.5595703125,0
uneven,64,4,20.0,6,tree-aware-greedy-oracle,519.4088266666673,527.038493333334,527.5831066666664,3054.6337890625,0
uneven,64,4,20.0,6,sibling-aware-oracle,519.4088266666673,527.038493333334,527.5831066666664,3054.6337890625,0
uneven,64,4,20.0,7,local-only,519.9934133333339,556.5182800000002,559.3016133333335,0.0,0
uneven,64,4,20.0,7,least-loaded,520.9849466666669,528.3767466666668,529.4062533333336,3092.205078125,0
uneven,64,4,20.0,7,KV-cost,520.9849466666669,528.3767466666668,529.4062533333336,3092.205078125,0
uneven,64,4,20.0,7,tree-aware-greedy-oracle,521.1918666666667,528.6585333333334,529.1611866666668,3016.51220703125,0
uneven,64,4,20.0,7,sibling-aware-oracle,521.1918666666667,528.6585333333334,529.1611866666668,3016.51220703125,0
uneven,64,4,20.0,8,local-only,523.8656533333335,561.5036000000001,565.2036000000002,0.0,0
uneven,64,4,20.0,8,least-loaded,524.3557866666666,531.9869333333332,533.0557866666668,3261.919921875,0
uneven,64,4,20.0,8,KV-cost,524.3557866666666,531.9869333333332,533.0557866666668,3261.919921875,0
uneven,64,4,20.0,8,tree-aware-greedy-oracle,524.5944933333336,531.9848266666664,532.7627466666667,3289.83251953125,0
uneven,64,4,20.0,8,sibling-aware-oracle,524.5944933333336,531.9848266666664,532.7627466666667,3289.83251953125,0
uneven,64,4,20.0,9,local-only,533.50044,597.8334133333328,601.7667466666661,0.0,0
uneven,64,4,20.0,9,least-loaded,521.0643866666667,528.8581200000002,530.0171066666669,3247.42333984375,0
uneven,64,4,20.0,9,KV-cost,521.0643866666667,528.8581200000002,530.0171066666669,3247.42333984375,0
uneven,64,4,20.0,9,tree-aware-greedy-oracle,521.8124266666667,528.9568666666664,529.8150933333336,3187.73193359375,0
uneven,64,4,20.0,9,sibling-aware-oracle,521.8124266666667,528.9568666666664,529.8150933333336,3187.73193359375,0
uneven,64,4,20.0,10,local-only,522.8338666666668,569.3231600000008,572.8064933333342,0.0,0
uneven,64,4,20.0,10,least-loaded,528.6174399999999,537.0005333333332,537.5398266666668,2970.27880859375,0
uneven,64,4,20.0,10,KV-cost,528.6174399999999,537.0005333333332,537.5398266666668,2970.27880859375,0
uneven,64,4,20.0,10,tree-aware-greedy-oracle,528.8476933333335,536.6976933333335,537.7764533333332,2861.4619140625,0
uneven,64,4,20.0,10,sibling-aware-oracle,528.8476933333335,536.6976933333335,537.7764533333332,2861.4619140625,0
uneven,64,4,20.0,11,local-only,511.2879466666671,596.4224666666672,599.7558000000007,0.0,0
uneven,64,4,20.0,11,least-loaded,524.9391333333336,532.5546133333338,533.3923066666677,3124.0341796875,0
uneven,64,4,20.0,11,KV-cost,524.9391333333336,532.5546133333338,533.3923066666677,3124.0341796875,0
uneven,64,4,20.0,11,tree-aware-greedy-oracle,525.6813600000011,532.8842933333336,533.4667066666669,3161.39599609375,0
uneven,64,4,20.0,11,sibling-aware-oracle,525.8646933333339,532.6934400000006,533.5167066666673,3205.49072265625,0
uneven,64,4,20.0,12,local-only,521.6483066666664,564.8556666666664,566.9223333333331,0.0,0
uneven,64,4,20.0,12,least-loaded,523.8723333333335,531.3012399999999,532.4649733333331,3206.3134765625,0
uneven,64,4,20.0,12,KV-cost,523.8723333333335,531.3012399999999,532.4649733333331,3206.3134765625,0
uneven,64,4,20.0,12,tree-aware-greedy-oracle,524.2727199999998,531.1491066666666,532.34072,3192.60107421875,0
uneven,64,4,20.0,12,sibling-aware-oracle,524.2727199999998,531.1491066666666,532.34072,3192.60107421875,0
uneven,64,4,20.0,13,local-only,524.942546666667,557.9329866666671,560.7996533333338,0.0,0
uneven,64,4,20.0,13,least-loaded,522.5496533333337,530.2425466666666,530.8845200000001,3107.3515625,0
uneven,64,4,20.0,13,KV-cost,522.5496533333337,530.2425466666666,530.8845200000001,3107.3515625,0
uneven,64,4,20.0,13,tree-aware-greedy-oracle,523.0348666666667,530.3348666666668,531.105906666667,3157.2890625,0
uneven,64,4,20.0,13,sibling-aware-oracle,523.0348666666667,530.3348666666668,531.105906666667,3157.2890625,0
uneven,64,4,20.0,14,local-only,536.7596933333336,571.3345999999997,573.8012666666664,0.0,0
uneven,64,4,20.0,14,least-loaded,523.9763600000002,531.7593333333331,532.543026666667,3108.15673828125,0
uneven,64,4,20.0,14,KV-cost,523.9763600000002,531.7593333333331,532.543026666667,3108.15673828125,0
uneven,64,4,20.0,14,tree-aware-greedy-oracle,523.6580533333332,531.4505599999997,532.8191066666668,3086.29541015625,0
uneven,64,4,20.0,14,sibling-aware-oracle,523.6580533333332,531.4505599999997,532.8191066666668,3086.29541015625,0
uneven,64,4,20.0,15,local-only,530.3566400000001,541.20664,543.9243866666669,0.0,0
uneven,64,4,20.0,15,least-loaded,529.3243866666667,537.1410533333334,538.1570533333338,3154.4736328125,0
uneven,64,4,20.0,15,KV-cost,529.3243866666667,537.1410533333334,538.1570533333338,3154.4736328125,0
uneven,64,4,20.0,15,tree-aware-greedy-oracle,530.4590533333339,537.4438533333338,538.2352666666665,3153.41064453125,0
uneven,64,4,20.0,15,sibling-aware-oracle,530.0965333333335,537.0938533333333,538.4465333333335,3156.27783203125,0
uneven,64,4,20.0,16,local-only,519.1653466666666,558.6007466666667,562.2507466666667,0.0,0
uneven,64,4,20.0,16,least-loaded,519.9436533333335,527.9018400000003,529.2840800000001,3226.45654296875,0
uneven,64,4,20.0,16,KV-cost,519.9436533333335,527.9018400000003,529.2840800000001,3226.45654296875,0
uneven,64,4,20.0,16,tree-aware-greedy-oracle,520.5031466666671,528.2108800000001,529.2031466666673,3200.0791015625,0
uneven,64,4,20.0,16,sibling-aware-oracle,520.5031466666671,528.2108800000001,529.2031466666673,3200.0791015625,0
uneven,64,4,20.0,17,local-only,522.6724266666672,562.250546666666,564.650546666666,0.0,0
uneven,64,4,20.0,17,least-loaded,523.6610266666669,530.7005466666668,531.7890933333333,3221.53955078125,0
uneven,64,4,20.0,17,KV-cost,523.6610266666669,530.7005466666668,531.7890933333333,3221.53955078125,0
uneven,64,4,20.0,17,tree-aware-greedy-oracle,524.0575466666669,530.7263333333333,531.4387866666667,3056.61181640625,0
uneven,64,4,20.0,17,sibling-aware-oracle,523.9387866666669,530.8790400000004,531.4742133333331,3197.64453125,0
uneven,64,4,20.0,18,local-only,527.0257466666666,535.7924133333332,538.4736533333336,0.0,0
uneven,64,4,20.0,18,least-loaded,526.78152,534.7648533333333,535.7257466666666,3004.75830078125,0
uneven,64,4,20.0,18,KV-cost,526.78152,534.7648533333333,535.7257466666666,3004.75830078125,0
uneven,64,4,20.0,18,tree-aware-greedy-oracle,527.2990400000001,534.6161333333331,535.5490400000001,2972.01904296875,0
uneven,64,4,20.0,18,sibling-aware-oracle,527.2990400000001,534.6161333333331,535.5490400000001,2972.01904296875,0
uneven,64,4,20.0,19,local-only,530.7341200000004,562.3395599999998,564.9895599999998,0.0,0
uneven,64,4,20.0,19,least-loaded,529.6036400000007,537.7507866666668,538.4273199999993,3143.4111328125,0
uneven,64,4,20.0,19,KV-cost,529.6036400000007,537.7507866666668,538.4273199999993,3143.4111328125,0
uneven,64,4,20.0,19,tree-aware-greedy-oracle,529.8993733333334,537.6395733333328,538.526426666667,3075.89794921875,0
uneven,64,4,20.0,19,sibling-aware-oracle,529.8993733333334,537.6395733333328,538.526426666667,3075.89794921875,0
uneven,64,4,80.0,0,local-only,546.3346533333336,559.8784800000006,561.9951466666673,0.0,0
uneven,64,4,80.0,0,least-loaded,520.5689866666668,527.7023200000002,528.8118133333339,3201.7275390625,0
uneven,64,4,80.0,0,KV-cost,520.5689866666668,527.7023200000002,528.8118133333339,3201.7275390625,0
uneven,64,4,80.0,0,tree-aware-greedy-oracle,520.8307200000005,528.0547866666666,528.6152666666669,3285.90673828125,0
uneven,64,4,80.0,0,sibling-aware-oracle,520.5169066666672,527.9319333333334,529.0140533333335,3205.31884765625,0
uneven,64,4,80.0,1,local-only,528.4290266666673,559.7490533333332,563.2490533333332,0.0,0
uneven,64,4,80.0,1,least-loaded,524.9109866666668,533.0943200000002,534.4823866666673,3076.0244140625,0
uneven,64,4,80.0,1,KV-cost,524.9109866666668,533.0943200000002,534.4823866666673,3076.0244140625,0
uneven,64,4,80.0,1,tree-aware-greedy-oracle,525.8827866666671,532.97764,533.9161200000005,3100.63525390625,0
uneven,64,4,80.0,1,sibling-aware-oracle,525.8827866666671,532.97764,533.9161200000005,3100.63525390625,0
uneven,64,4,80.0,2,local-only,540.5430533333341,562.2668000000008,565.8501333333342,0.0,0
uneven,64,4,80.0,2,least-loaded,522.5203733333341,529.9370400000007,530.6263866666669,3202.0068359375,0
uneven,64,4,80.0,2,KV-cost,522.5203733333341,529.9370400000007,530.6263866666669,3202.0068359375,0
uneven,64,4,80.0,2,tree-aware-greedy-oracle,522.7889200000011,530.031173333334,530.7158266666669,3314.72607421875,0
uneven,64,4,80.0,2,sibling-aware-oracle,522.7889200000011,530.031173333334,530.7158266666669,3314.72607421875,0
uneven,64,4,80.0,3,local-only,548.0507466666667,564.6709600000002,567.4542933333335,0.0,0
uneven,64,4,80.0,3,least-loaded,529.4030266666664,537.4007466666666,538.0030266666664,2876.189453125,0
uneven,64,4,80.0,3,KV-cost,529.4030266666664,537.4007466666666,538.0030266666664,2876.189453125,0
uneven,64,4,80.0,3,tree-aware-greedy-oracle,529.2239066666672,537.4650666666662,537.720826666667,2979.79345703125,0
uneven,64,4,80.0,3,sibling-aware-oracle,529.2239066666672,537.4650666666662,537.720826666667,2979.79345703125,0
uneven,64,4,80.0,4,local-only,523.2512666666671,566.1734666666667,569.8568,0.0,0
uneven,64,4,80.0,4,least-loaded,521.0343999999999,528.6512666666665,529.8510666666665,3003.4384765625,0
uneven,64,4,80.0,4,KV-cost,521.0343999999999,528.6512666666665,529.8510666666665,3003.4384765625,0
uneven,64,4,80.0,4,tree-aware-greedy-oracle,521.7224533333336,529.0891200000002,529.292866666666,3050.34228515625,0
uneven,64,4,80.0,4,sibling-aware-oracle,521.5909733333336,529.122453333333,529.2980933333331,3035.75244140625,0
uneven,64,4,80.0,5,local-only,522.5409333333334,557.9532666666669,560.6532666666669,0.0,0
uneven,64,4,80.0,5,least-loaded,524.2699333333328,532.2330933333337,533.5409333333334,3107.95458984375,0
uneven,64,4,80.0,5,KV-cost,524.2699333333328,532.2330933333337,533.5409333333334,3107.95458984375,0
uneven,64,4,80.0,5,tree-aware-greedy-oracle,524.2160666666671,532.1276266666666,533.3094800000006,3129.8740234375,0
uneven,64,4,80.0,5,sibling-aware-oracle,524.2160666666671,532.1276266666666,533.3094800000006,3129.8740234375,0
uneven,64,4,80.0,6,local-only,548.6898666666667,598.7369466666669,601.8869466666669,0.0,0
uneven,64,4,80.0,6,least-loaded,519.7436666666671,526.8436666666671,527.5565333333341,3011.5595703125,0
uneven,64,4,80.0,6,KV-cost,519.7436666666671,526.8436666666671,527.5565333333341,3011.5595703125,0
uneven,64,4,80.0,6,tree-aware-greedy-oracle,519.4088266666673,527.038493333334,527.5831066666664,3054.6337890625,0
uneven,64,4,80.0,6,sibling-aware-oracle,519.4088266666673,527.038493333334,527.5831066666664,3054.6337890625,0
uneven,64,4,80.0,7,local-only,519.9934133333339,556.5182800000002,559.3016133333335,0.0,0
uneven,64,4,80.0,7,least-loaded,520.9849466666669,528.3767466666668,529.4062533333336,3092.205078125,0
uneven,64,4,80.0,7,KV-cost,520.9849466666669,528.3767466666668,529.4062533333336,3092.205078125,0
uneven,64,4,80.0,7,tree-aware-greedy-oracle,521.1918666666667,528.6585333333334,529.1611866666668,3016.51220703125,0
uneven,64,4,80.0,7,sibling-aware-oracle,521.1918666666667,528.6585333333334,529.1611866666668,3016.51220703125,0
uneven,64,4,80.0,8,local-only,523.8656533333335,561.5036000000001,565.2036000000002,0.0,0
uneven,64,4,80.0,8,least-loaded,524.3557866666666,531.9869333333332,533.0557866666668,3261.919921875,0
uneven,64,4,80.0,8,KV-cost,524.3557866666666,531.9869333333332,533.0557866666668,3261.919921875,0
uneven,64,4,80.0,8,tree-aware-greedy-oracle,524.5944933333336,531.9848266666664,532.7627466666667,3289.83251953125,0
uneven,64,4,80.0,8,sibling-aware-oracle,524.5944933333336,531.9848266666664,532.7627466666667,3289.83251953125,0
uneven,64,4,80.0,9,local-only,533.50044,597.8334133333328,601.7667466666661,0.0,0
uneven,64,4,80.0,9,least-loaded,521.0643866666667,528.8581200000002,530.0171066666669,3247.42333984375,0
uneven,64,4,80.0,9,KV-cost,521.0643866666667,528.8581200000002,530.0171066666669,3247.42333984375,0
uneven,64,4,80.0,9,tree-aware-greedy-oracle,521.8124266666667,528.9568666666664,529.8150933333336,3187.73193359375,0
uneven,64,4,80.0,9,sibling-aware-oracle,521.8124266666667,528.9568666666664,529.8150933333336,3187.73193359375,0
uneven,64,4,80.0,10,local-only,522.8338666666668,569.3231600000008,572.8064933333342,0.0,0
uneven,64,4,80.0,10,least-loaded,528.6174399999999,537.0005333333332,537.5398266666668,2970.27880859375,0
uneven,64,4,80.0,10,KV-cost,528.6174399999999,537.0005333333332,537.5398266666668,2970.27880859375,0
uneven,64,4,80.0,10,tree-aware-greedy-oracle,528.8476933333335,536.6976933333335,537.7764533333332,2861.4619140625,0
uneven,64,4,80.0,10,sibling-aware-oracle,528.8476933333335,536.6976933333335,537.7764533333332,2861.4619140625,0
uneven,64,4,80.0,11,local-only,511.2879466666671,596.4224666666672,599.7558000000007,0.0,0
uneven,64,4,80.0,11,least-loaded,524.9391333333336,532.5546133333338,533.3923066666677,3124.0341796875,0
uneven,64,4,80.0,11,KV-cost,524.9391333333336,532.5546133333338,533.3923066666677,3124.0341796875,0
uneven,64,4,80.0,11,tree-aware-greedy-oracle,525.6813600000011,532.8842933333336,533.4667066666669,3161.39599609375,0
uneven,64,4,80.0,11,sibling-aware-oracle,525.8646933333339,532.6934400000006,533.5167066666673,3205.49072265625,0
uneven,64,4,80.0,12,local-only,521.6483066666664,564.8556666666664,566.9223333333331,0.0,0
uneven,64,4,80.0,12,least-loaded,523.8723333333335,531.3012399999999,532.4649733333331,3206.3134765625,0
uneven,64,4,80.0,12,KV-cost,523.8723333333335,531.3012399999999,532.4649733333331,3206.3134765625,0
uneven,64,4,80.0,12,tree-aware-greedy-oracle,524.2727199999998,531.1491066666666,532.34072,3192.60107421875,0
uneven,64,4,80.0,12,sibling-aware-oracle,524.2727199999998,531.1491066666666,532.34072,3192.60107421875,0
uneven,64,4,80.0,13,local-only,524.942546666667,557.9329866666671,560.7996533333338,0.0,0
uneven,64,4,80.0,13,least-loaded,522.5496533333337,530.2425466666666,530.8845200000001,3107.3515625,0
uneven,64,4,80.0,13,KV-cost,522.5496533333337,530.2425466666666,530.8845200000001,3107.3515625,0
uneven,64,4,80.0,13,tree-aware-greedy-oracle,523.0348666666667,530.3348666666668,531.105906666667,3157.2890625,0
uneven,64,4,80.0,13,sibling-aware-oracle,523.0348666666667,530.3348666666668,531.105906666667,3157.2890625,0
uneven,64,4,80.0,14,local-only,536.7596933333336,571.3345999999997,573.8012666666664,0.0,0
uneven,64,4,80.0,14,least-loaded,523.9763600000002,531.7593333333331,532.543026666667,3108.15673828125,0
uneven,64,4,80.0,14,KV-cost,523.9763600000002,531.7593333333331,532.543026666667,3108.15673828125,0
uneven,64,4,80.0,14,tree-aware-greedy-oracle,523.6580533333332,531.4505599999997,532.8191066666668,3086.29541015625,0
uneven,64,4,80.0,14,sibling-aware-oracle,523.6580533333332,531.4505599999997,532.8191066666668,3086.29541015625,0
uneven,64,4,80.0,15,local-only,530.3566400000001,541.20664,543.9243866666669,0.0,0
uneven,64,4,80.0,15,least-loaded,529.3243866666667,537.1410533333334,538.1570533333338,3154.4736328125,0
uneven,64,4,80.0,15,KV-cost,529.3243866666667,537.1410533333334,538.1570533333338,3154.4736328125,0
uneven,64,4,80.0,15,tree-aware-greedy-oracle,530.4590533333339,537.4438533333338,538.2352666666665,3153.41064453125,0
uneven,64,4,80.0,15,sibling-aware-oracle,530.0965333333335,537.0938533333333,538.4465333333335,3156.27783203125,0
uneven,64,4,80.0,16,local-only,519.1653466666666,558.6007466666667,562.2507466666667,0.0,0
uneven,64,4,80.0,16,least-loaded,519.9436533333335,527.9018400000003,529.2840800000001,3226.45654296875,0
uneven,64,4,80.0,16,KV-cost,519.9436533333335,527.9018400000003,529.2840800000001,3226.45654296875,0
uneven,64,4,80.0,16,tree-aware-greedy-oracle,520.5031466666671,528.2108800000001,529.2031466666673,3200.0791015625,0
uneven,64,4,80.0,16,sibling-aware-oracle,520.5031466666671,528.2108800000001,529.2031466666673,3200.0791015625,0
uneven,64,4,80.0,17,local-only,522.6724266666672,562.250546666666,564.650546666666,0.0,0
uneven,64,4,80.0,17,least-loaded,523.6610266666669,530.7005466666668,531.7890933333333,3221.53955078125,0
uneven,64,4,80.0,17,KV-cost,523.6610266666669,530.7005466666668,531.7890933333333,3221.53955078125,0
uneven,64,4,80.0,17,tree-aware-greedy-oracle,524.0575466666669,530.7263333333333,531.4387866666667,3056.61181640625,0
uneven,64,4,80.0,17,sibling-aware-oracle,523.9387866666669,530.8790400000004,531.4742133333331,3197.64453125,0
uneven,64,4,80.0,18,local-only,527.0257466666666,535.7924133333332,538.4736533333336,0.0,0
uneven,64,4,80.0,18,least-loaded,526.78152,534.7648533333333,535.7257466666666,3004.75830078125,0
uneven,64,4,80.0,18,KV-cost,526.78152,534.7648533333333,535.7257466666666,3004.75830078125,0
uneven,64,4,80.0,18,tree-aware-greedy-oracle,527.2990400000001,534.6161333333331,535.5490400000001,2972.01904296875,0
uneven,64,4,80.0,18,sibling-aware-oracle,527.2990400000001,534.6161333333331,535.5490400000001,2972.01904296875,0
uneven,64,4,80.0,19,local-only,530.7341200000004,562.3395599999998,564.9895599999998,0.0,0
uneven,64,4,80.0,19,least-loaded,529.6036400000007,537.7507866666668,538.4273199999993,3143.4111328125,0
uneven,64,4,80.0,19,KV-cost,529.6036400000007,537.7507866666668,538.4273199999993,3143.4111328125,0
uneven,64,4,80.0,19,tree-aware-greedy-oracle,529.8993733333334,537.6395733333328,538.526426666667,3075.89794921875,0
uneven,64,4,80.0,19,sibling-aware-oracle,529.8993733333334,537.6395733333328,538.526426666667,3075.89794921875,0
mixed,4,4,5.0,0,local-only,17.03652,22.35812,22.35812,0.0,0
mixed,4,4,5.0,0,least-loaded,16.98570666666667,18.847266666666666,18.847266666666666,103.38916015625,10546
mixed,4,4,5.0,0,KV-cost,16.98570666666667,18.847266666666666,18.847266666666666,103.38916015625,10546
mixed,4,4,5.0,0,tree-aware-greedy-oracle,15.95812,18.814226666666666,18.814226666666666,108.2275390625,7511
mixed,4,4,5.0,0,sibling-aware-oracle,15.95812,18.814226666666666,18.814226666666666,108.2275390625,7511
mixed,4,4,5.0,1,local-only,22.525919999999996,32.143573333333336,32.143573333333336,0.0,0
mixed,4,4,5.0,1,least-loaded,17.851160000000004,21.070693333333338,21.070693333333338,73.28662109375,4546
mixed,4,4,5.0,1,KV-cost,17.851160000000004,21.070693333333338,21.070693333333338,73.28662109375,4546
mixed,4,4,5.0,1,tree-aware-greedy-oracle,16.083506666666665,20.733506666666667,20.733506666666667,79.44287109375,7781
mixed,4,4,5.0,1,sibling-aware-oracle,16.083506666666665,20.733506666666667,20.733506666666667,79.44287109375,7781
mixed,4,4,5.0,2,local-only,17.93377333333333,44.25546666666666,44.25546666666666,0.0,0
mixed,4,4,5.0,2,least-loaded,17.60052,23.10762666666667,23.10762666666667,90.42626953125,5585
mixed,4,4,5.0,2,KV-cost,17.60052,23.10762666666667,23.10762666666667,90.42626953125,5585
mixed,4,4,5.0,2,tree-aware-greedy-oracle,18.024293333333333,22.705013333333333,22.705013333333333,98.96337890625,5585
mixed,4,4,5.0,2,sibling-aware-oracle,18.024293333333333,22.705013333333333,22.705013333333333,98.96337890625,5585
mixed,4,4,5.0,3,local-only,25.877053333333333,29.424840000000003,29.424840000000003,0.0,0
mixed,4,4,5.0,3,least-loaded,22.36708,26.912237031249997,26.912237031249997,138.119140625,9226
mixed,4,4,5.0,3,KV-cost,22.36708,26.912237031249997,26.912237031249997,138.119140625,9226
mixed,4,4,5.0,3,tree-aware-greedy-oracle,20.883746666666667,27.045570364583334,27.045570364583334,135.8671875,9226
mixed,4,4,5.0,3,sibling-aware-oracle,20.883746666666667,27.045570364583334,27.045570364583334,135.8671875,9226
mixed,4,4,5.0,4,local-only,10.225906666666665,29.86809333333333,29.86809333333333,0.0,0
mixed,4,4,5.0,4,least-loaded,13.701508802083335,15.392479999999999,15.392479999999999,61.60693359375,3430
mixed,4,4,5.0,4,KV-cost,13.701508802083335,15.392479999999999,15.392479999999999,61.60693359375,3430
mixed,4,4,5.0,4,tree-aware-greedy-oracle,14.177519999999998,15.301426666666668,15.301426666666668,68.03955078125,3430
mixed,4,4,5.0,4,sibling-aware-oracle,14.177519999999998,15.301426666666668,15.301426666666668,68.03955078125,3430
mixed,4,4,5.0,5,local-only,25.815600000000003,41.564013333333335,41.564013333333335,0.0,0
mixed,4,4,5.0,5,least-loaded,23.912266666666667,28.0456,28.0456,121.26123046875,9549
mixed,4,4,5.0,5,KV-cost,23.912266666666667,28.0456,28.0456,121.26123046875,9549
mixed,4,4,5.0,5,tree-aware-greedy-oracle,24.078933333333335,28.09912,28.09912,117.43408203125,9549
mixed,4,4,5.0,5,sibling-aware-oracle,24.078933333333335,28.09912,28.09912,117.43408203125,9549
mixed,4,4,5.0,6,local-only,8.65032,27.80832,27.80832,0.0,0
mixed,4,4,5.0,6,least-loaded,10.015413333333333,14.398576510416667,14.398576510416667,63.2802734375,5594
mixed,4,4,5.0,6,KV-cost,10.00124578125,14.317912447916667,14.317912447916667,64.1181640625,0
mixed,4,4,5.0,6,tree-aware-greedy-oracle,9.534013333333334,14.529868177083333,14.529868177083333,64.88525390625,0
mixed,4,4,5.0,6,sibling-aware-oracle,9.534013333333334,14.529868177083333,14.529868177083333,64.88525390625,0
mixed,4,4,5.0,7,local-only,8.754666666666667,33.425453333333344,33.425453333333344,0.0,0
mixed,4,4,5.0,7,least-loaded,10.454666666666666,18.44212,18.44212,100.56689453125,14048
mixed,4,4,5.0,7,KV-cost,10.454666666666666,18.44212,18.44212,100.56689453125,14048
mixed,4,4,5.0,7,tree-aware-greedy-oracle,9.2504,18.24212,18.24212,101.97314453125,7873
mixed,4,4,5.0,7,sibling-aware-oracle,9.2504,18.24212,18.24212,101.97314453125,7873
mixed,4,4,5.0,8,local-only,9.548733333333333,25.767586666666666,25.767586666666666,0.0,0
mixed,4,4,5.0,8,least-loaded,12.993426666666666,14.243426666666666,14.243426666666666,52.3134765625,8428
mixed,4,4,5.0,8,KV-cost,12.993426666666666,14.243426666666666,14.243426666666666,52.3134765625,8428
mixed,4,4,5.0,8,tree-aware-greedy-oracle,12.452653333333334,14.213533333333332,14.213533333333332,44.58251953125,8428
mixed,4,4,5.0,8,sibling-aware-oracle,12.452653333333334,14.213533333333332,14.213533333333332,44.58251953125,8428
mixed,4,4,5.0,9,local-only,10.866933333333332,21.425279999999997,21.425279999999997,0.0,0
mixed,4,4,5.0,9,least-loaded,12.066933333333335,14.659279999999999,14.659279999999999,54.89599609375,8700
mixed,4,4,5.0,9,KV-cost,12.066933333333335,14.659279999999999,14.659279999999999,54.89599609375,8700
mixed,4,4,5.0,9,tree-aware-greedy-oracle,12.216933333333335,14.37376,14.37376,70.771484375,8700
mixed,4,4,5.0,9,sibling-aware-oracle,12.216933333333335,14.37376,14.37376,70.771484375,8700
mixed,4,4,5.0,10,local-only,18.30702666666667,23.466573333333333,23.466573333333333,0.0,0
mixed,4,4,5.0,10,least-loaded,17.359226666666668,19.592146666666668,19.592146666666668,80.6181640625,3556
mixed,4,4,5.0,10,KV-cost,17.359226666666668,19.592146666666668,19.592146666666668,80.6181640625,3556
mixed,4,4,5.0,10,tree-aware-greedy-oracle,17.525893333333332,19.325613333333333,19.325613333333333,77.0771484375,3556
mixed,4,4,5.0,10,sibling-aware-oracle,17.525893333333332,19.325613333333333,19.325613333333333,77.0771484375,3556
mixed,4,4,5.0,11,local-only,6.246786666666667,19.14564,19.14564,0.0,0
mixed,4,4,5.0,11,least-loaded,6.271477239583334,11.509920000000003,11.509920000000003,33.02490234375,12928
mixed,4,4,5.0,11,KV-cost,6.32732,11.633349635416668,11.633349635416668,37.583984375,6406
mixed,4,4,5.0,11,tree-aware-greedy-oracle,6.321477239583334,11.474333333333336,11.474333333333336,38.01220703125,11959
mixed,4,4,5.0,11,sibling-aware-oracle,6.321477239583334,11.474333333333336,11.474333333333336,38.01220703125,11959
mixed,4,4,5.0,12,local-only,14.315520000000001,30.82073333333333,30.82073333333333,0.0,0
mixed,4,4,5.0,12,least-loaded,15.88218666666667,18.698853333333336,18.698853333333336,117.38427734375,0
mixed,4,4,5.0,12,KV-cost,15.88218666666667,18.698853333333336,18.698853333333336,117.38427734375,0
mixed,4,4,5.0,12,tree-aware-greedy-oracle,15.187293333333331,18.682186666666663,18.682186666666663,115.46826171875,0
mixed,4,4,5.0,12,sibling-aware-oracle,15.187293333333331,18.682186666666663,18.682186666666663,115.46826171875,0
mixed,4,4,5.0,13,local-only,15.82092,42.08342666666667,42.08342666666667,0.0,0
mixed,4,4,5.0,13,least-loaded,18.837586666666667,23.76528546875,23.76528546875,121.67724609375,5560
mixed,4,4,5.0,13,KV-cost,18.837586666666667,23.76528546875,23.76528546875,117.74560546875,5560
mixed,4,4,5.0,13,tree-aware-greedy-oracle,18.66528546875,23.931952135416665,23.931952135416665,127.27099609375,5560
mixed,4,4,5.0,13,sibling-aware-oracle,18.66528546875,23.931952135416665,23.931952135416665,127.27099609375,5560
mixed,4,4,5.0,14,local-only,14.883586666666668,26.73838666666667,26.73838666666667,0.0,0
mixed,4,4,5.0,14,least-loaded,16.94096,18.69096,18.69096,87.48828125,4351
mixed,4,4,5.0,14,KV-cost,16.94096,18.69096,18.69096,87.48828125,4351
mixed,4,4,5.0,14,tree-aware-greedy-oracle,17.01592,18.507626666666667,18.507626666666667,87.62841796875,4351
mixed,4,4,5.0,14,sibling-aware-oracle,17.01592,18.507626666666667,18.507626666666667,87.62841796875,4351
mixed,4,4,5.0,15,local-only,11.647826666666665,24.479093333333328,24.479093333333328,0.0,0
mixed,4,4,5.0,15,least-loaded,13.362426666666666,14.979093333333331,14.979093333333331,96.017578125,3792
mixed,4,4,5.0,15,KV-cost,13.362426666666666,14.979093333333331,14.979093333333331,96.017578125,3792
mixed,4,4,5.0,15,tree-aware-greedy-oracle,12.391854791666667,14.575188124999999,14.575188124999999,87.923828125,3792
mixed,4,4,5.0,15,sibling-aware-oracle,12.391854791666667,14.575188124999999,14.575188124999999,87.923828125,3792
mixed,4,4,5.0,16,local-only,6.4658533333333335,15.848293333333336,15.848293333333336,0.0,0
mixed,4,4,5.0,16,least-loaded,6.514041458333334,9.334708125,9.334708125,27.92236328125,26115
mixed,4,4,5.0,16,KV-cost,6.514041458333334,9.334708125,9.334708125,27.92236328125,26115
mixed,4,4,5.0,16,tree-aware-greedy-oracle,5.546462656249999,9.47202515625,9.47202515625,32.08154296875,29674
mixed,4,4,5.0,16,sibling-aware-oracle,5.546462656249999,9.47202515625,9.47202515625,32.08154296875,29674
mixed,4,4,5.0,17,local-only,12.4712,19.749133333333333,19.749133333333333,0.0,0
mixed,4,4,5.0,17,least-loaded,11.792549218749999,13.35643380208333,13.35643380208333,77.8828125,16647
mixed,4,4,5.0,17,KV-cost,11.792549218749999,13.35643380208333,13.35643380208333,77.8828125,16647
mixed,4,4,5.0,17,tree-aware-greedy-oracle,11.687306666666668,13.638303125,13.638303125,90.95263671875,16785
mixed,4,4,5.0,17,sibling-aware-oracle,11.687306666666668,13.638303125,13.638303125,90.95263671875,16785
mixed,4,4,5.0,18,local-only,6.25168,30.848253333333332,30.848253333333332,0.0,0
mixed,4,4,5.0,18,least-loaded,6.4872266666666665,13.03612,13.03612,56.5107421875,19896
mixed,4,4,5.0,18,KV-cost,6.4872266666666665,13.03612,13.03612,56.5107421875,19896
mixed,4,4,5.0,18,tree-aware-greedy-oracle,6.657946666666667,12.424613333333333,12.424613333333333,70.13671875,3087
mixed,4,4,5.0,18,sibling-aware-oracle,6.657946666666667,12.424613333333333,12.424613333333333,70.13671875,3087
mixed,4,4,5.0,19,local-only,10.329413333333333,20.79796,20.79796,0.0,0
mixed,4,4,5.0,19,least-loaded,13.314626666666665,14.718906666666669,14.718906666666669,67.05908203125,12053
mixed,4,4,5.0,19,KV-cost,13.314626666666665,14.718906666666669,14.718906666666669,67.05908203125,12053
mixed,4,4,5.0,19,tree-aware-greedy-oracle,13.314626666666665,14.218906666666667,14.218906666666667,64.58349609375,12053
mixed,4,4,5.0,19,sibling-aware-oracle,13.314626666666665,14.218906666666667,14.218906666666667,64.58349609375,12053
mixed,4,4,20.0,0,local-only,17.03652,22.35812,22.35812,0.0,0
mixed,4,4,20.0,0,least-loaded,15.61968,18.508119999999998,18.508119999999998,110.8359375,0
mixed,4,4,20.0,0,KV-cost,15.61968,18.508119999999998,18.508119999999998,110.8359375,0
mixed,4,4,20.0,0,tree-aware-greedy-oracle,15.424706666666667,18.553186666666665,18.553186666666665,106.591796875,0
mixed,4,4,20.0,0,sibling-aware-oracle,15.424706666666667,18.553186666666665,18.553186666666665,106.591796875,0
mixed,4,4,20.0,1,local-only,22.525919999999996,32.143573333333336,32.143573333333336,0.0,0
mixed,4,4,20.0,1,least-loaded,17.85402666666667,20.62069333333334,20.62069333333334,78.86865234375,0
mixed,4,4,20.0,1,KV-cost,17.85402666666667,20.62069333333334,20.62069333333334,78.86865234375,0
mixed,4,4,20.0,1,tree-aware-greedy-oracle,15.9938531640625,20.720693333333333,20.720693333333333,81.22265625,0
mixed,4,4,20.0,1,sibling-aware-oracle,15.9938531640625,20.720693333333333,20.720693333333333,81.22265625,0
mixed,4,4,20.0,2,local-only,17.93377333333333,44.25546666666666,44.25546666666666,0.0,0
mixed,4,4,20.0,2,least-loaded,17.317186666666668,22.952973333333336,22.952973333333336,98.63134765625,0
mixed,4,4,20.0,2,KV-cost,17.317186666666668,22.952973333333336,22.952973333333336,98.63134765625,0
mixed,4,4,20.0,2,tree-aware-greedy-oracle,17.861305690104167,22.436306666666663,22.436306666666663,95.3935546875,0
mixed,4,4,20.0,2,sibling-aware-oracle,17.861305690104167,22.436306666666663,22.436306666666663,95.3935546875,0
mixed,4,4,20.0,3,local-only,25.877053333333333,29.424840000000003,29.424840000000003,0.0,0
mixed,4,4,20.0,3,least-loaded,22.32484,27.010386666666665,27.010386666666665,145.841796875,0
mixed,4,4,20.0,3,KV-cost,22.32484,27.010386666666665,27.010386666666665,145.841796875,0
mixed,4,4,20.0,3,tree-aware-greedy-oracle,22.859879999999997,27.17484,27.17484,148.65185546875,0
mixed,4,4,20.0,3,sibling-aware-oracle,22.859879999999997,27.17484,27.17484,148.65185546875,0
mixed,4,4,20.0,4,local-only,10.225906666666665,29.86809333333333,29.86809333333333,0.0,0
mixed,4,4,20.0,4,least-loaded,14.209146666666669,15.192480000000002,15.192480000000002,67.8818359375,0
mixed,4,4,20.0,4,KV-cost,14.209146666666669,15.192480000000002,15.192480000000002,67.8818359375,0
mixed,4,4,20.0,4,tree-aware-greedy-oracle,14.492573333333334,15.369500234374998,15.369500234374998,64.27783203125,0
mixed,4,4,20.0,4,sibling-aware-oracle,14.492573333333334,15.369500234374998,15.369500234374998,64.27783203125,0
mixed,4,4,20.0,5,local-only,25.815600000000003,41.564013333333335,41.564013333333335,0.0,0
mixed,4,4,20.0,5,least-loaded,25.34541333333333,28.062079999999998,28.062079999999998,124.3369140625,0
mixed,4,4,20.0,5,KV-cost,25.34541333333333,28.062079999999998,28.062079999999998,124.3369140625,0
mixed,4,4,20.0,5,tree-aware-greedy-oracle,24.063174140625,28.128746666666665,28.128746666666665,120.16552734375,0
mixed,4,4,20.0,5,sibling-aware-oracle,24.063174140625,28.128746666666665,28.128746666666665,120.16552734375,0
mixed,4,4,20.0,6,local-only,8.65032,27.80832,27.80832,0.0,0
mixed,4,4,20.0,6,least-loaded,9.90068,14.541385598958332,14.541385598958332,65.44775390625,0
mixed,4,4,20.0,6,KV-cost,9.90068,14.541385598958332,14.541385598958332,65.44775390625,0
mixed,4,4,20.0,6,tree-aware-greedy-oracle,9.017346666666667,14.20068,14.20068,64.87255859375,0
mixed,4,4,20.0,6,sibling-aware-oracle,9.017346666666667,14.20068,14.20068,64.87255859375,0
mixed,4,4,20.0,7,local-only,8.754666666666667,33.425453333333344,33.425453333333344,0.0,0
mixed,4,4,20.0,7,least-loaded,10.271657877604165,18.292186666666666,18.292186666666666,104.40185546875,0
mixed,4,4,20.0,7,KV-cost,10.271657877604165,18.292186666666666,18.292186666666666,104.40185546875,0
mixed,4,4,20.0,7,tree-aware-greedy-oracle,9.858853333333334,17.97165787760417,17.97165787760417,116.013671875,0
mixed,4,4,20.0,7,sibling-aware-oracle,9.858853333333334,17.97165787760417,17.97165787760417,116.013671875,0
mixed,4,4,20.0,8,local-only,9.548733333333333,25.767586666666666,25.767586666666666,0.0,0
mixed,4,4,20.0,8,least-loaded,12.784253333333332,14.034253333333332,14.034253333333332,54.71533203125,0
mixed,4,4,20.0,8,KV-cost,12.784253333333332,14.034253333333332,14.034253333333332,54.71533203125,0
mixed,4,4,20.0,8,tree-aware-greedy-oracle,12.348733333333334,14.084253333333333,14.084253333333333,48.69775390625,0
mixed,4,4,20.0,8,sibling-aware-oracle,12.348733333333334,14.084253333333333,14.084253333333333,48.69775390625,0
mixed,4,4,20.0,9,local-only,10.866933333333332,21.425279999999997,21.425279999999997,0.0,0
mixed,4,4,20.0,9,least-loaded,11.992613333333331,14.70928,14.70928,65.05712890625,0
mixed,4,4,20.0,9,KV-cost,11.992613333333331,14.70928,14.70928,65.05712890625,0
mixed,4,4,20.0,9,tree-aware-greedy-oracle,12.016933333333334,14.216933333333333,14.216933333333333,63.650390625,0
mixed,4,4,20.0,9,sibling-aware-oracle,12.016933333333334,14.216933333333333,14.216933333333333,63.650390625,0
mixed,4,4,20.0,10,local-only,18.30702666666667,23.466573333333333,23.466573333333333,0.0,0
mixed,4,4,20.0,10,least-loaded,17.34228,19.59036,19.59036,78.017578125,0
mixed,4,4,20.0,10,KV-cost,17.34228,19.59036,19.59036,78.017578125,0
mixed,4,4,20.0,10,tree-aware-greedy-oracle,17.525613333333332,19.433239999999998,19.433239999999998,67.7568359375,0
mixed,4,4,20.0,10,sibling-aware-oracle,17.525613333333332,19.433239999999998,19.433239999999998,67.7568359375,0
mixed,4,4,20.0,11,local-only,6.246786666666667,19.14564,19.14564,0.0,0
mixed,4,4,20.0,11,least-loaded,6.651150416666668,11.347358098958335,11.347358098958335,40.6708984375,0
mixed,4,4,20.0,11,KV-cost,6.651150416666668,11.347358098958335,11.347358098958335,40.6708984375,0
mixed,4,4,20.0,11,tree-aware-greedy-oracle,6.278973333333334,11.267817083333336,11.267817083333336,42.705078125,0
mixed,4,4,20.0,11,sibling-aware-oracle,6.278973333333334,11.267817083333336,11.267817083333336,42.705078125,0
mixed,4,4,20.0,12,local-only,14.315520000000001,30.82073333333333,30.82073333333333,0.0,0
mixed,4,4,20.0,12,least-loaded,14.750933333333338,18.754066666666667,18.754066666666667,112.98974609375,0
mixed,4,4,20.0,12,KV-cost,14.750933333333338,18.754066666666667,18.754066666666667,112.98974609375,0
mixed,4,4,20.0,12,tree-aware-greedy-oracle,15.615519999999998,18.465519999999998,18.465519999999998,110.75537109375,0
mixed,4,4,20.0,12,sibling-aware-oracle,15.615519999999998,18.465519999999998,18.465519999999998,110.75537109375,0
mixed,4,4,20.0,13,local-only,15.82092,42.08342666666667,42.08342666666667,0.0,0
mixed,4,4,20.0,13,least-loaded,18.566466666666667,23.585346666666663,23.585346666666663,125.52685546875,0
mixed,4,4,20.0,13,KV-cost,18.566466666666667,23.585346666666663,23.585346666666663,125.52685546875,0
mixed,4,4,20.0,13,tree-aware-greedy-oracle,18.73534666666667,23.50009333333333,23.50009333333333,137.08349609375,0
mixed,4,4,20.0,13,sibling-aware-oracle,18.73534666666667,23.50009333333333,23.50009333333333,137.08349609375,0
mixed,4,4,20.0,14,local-only,14.883586666666668,26.73838666666667,26.73838666666667,0.0,0
mixed,4,4,20.0,14,least-loaded,17.002653333333335,18.34561225260417,18.34561225260417,94.35693359375,0
mixed,4,4,20.0,14,KV-cost,17.002653333333335,18.34561225260417,18.34561225260417,94.35693359375,0
mixed,4,4,20.0,14,tree-aware-greedy-oracle,16.912278919270836,18.421720000000004,18.421720000000004,100.27490234375,0
mixed,4,4,20.0,14,sibling-aware-oracle,16.912278919270836,18.421720000000004,18.421720000000004,100.27490234375,0
mixed,4,4,20.0,15,local-only,11.647826666666665,24.479093333333328,24.479093333333328,0.0,0
mixed,4,4,20.0,15,least-loaded,13.362426666666666,14.960604791666668,14.960604791666668,102.08984375,0
mixed,4,4,20.0,15,KV-cost,13.362426666666666,14.960604791666668,14.960604791666668,102.08984375,0
mixed,4,4,20.0,15,tree-aware-greedy-oracle,12.364493333333334,14.547826666666667,14.547826666666667,92.939453125,0
mixed,4,4,20.0,15,sibling-aware-oracle,12.364493333333334,14.547826666666667,14.547826666666667,92.939453125,0
mixed,4,4,20.0,16,local-only,6.4658533333333335,15.848293333333336,15.848293333333336,0.0,0
mixed,4,4,20.0,16,least-loaded,6.489136692708334,8.955803359375,8.955803359375,44.46630859375,0
mixed,4,4,20.0,16,KV-cost,6.489136692708334,8.955803359375,8.955803359375,44.46630859375,0
mixed,4,4,20.0,16,tree-aware-greedy-oracle,5.33088,9.302990026041668,9.302990026041668,44.046875,0
mixed,4,4,20.0,16,sibling-aware-oracle,5.33088,9.302990026041668,9.302990026041668,44.046875,0
mixed,4,4,20.0,17,local-only,12.4712,19.749133333333333,19.749133333333333,0.0,0
mixed,4,4,20.0,17,least-loaded,11.603121484374999,13.136454817708332,13.136454817708332,84.546875,0
mixed,4,4,20.0,17,KV-cost,11.603121484374999,13.136454817708332,13.136454817708332,84.546875,0
mixed,4,4,20.0,17,tree-aware-greedy-oracle,11.315800000000001,13.300933333333333,13.300933333333333,93.0908203125,0
mixed,4,4,20.0,17,sibling-aware-oracle,11.315800000000001,13.300933333333333,13.300933333333333,93.0908203125,0
mixed,4,4,20.0,18,local-only,6.25168,30.848253333333332,30.848253333333332,0.0,0
mixed,4,4,20.0,18,least-loaded,6.474613333333333,12.857946666666665,12.857946666666665,68.1767578125,0
mixed,4,4,20.0,18,KV-cost,6.474613333333333,12.857946666666665,12.857946666666665,68.1767578125,0
mixed,4,4,20.0,18,tree-aware-greedy-oracle,6.657946666666667,12.235013333333333,12.235013333333333,79.93017578125,0
mixed,4,4,20.0,18,sibling-aware-oracle,6.657946666666667,12.235013333333333,12.235013333333333,79.93017578125,0
mixed,4,4,20.0,19,local-only,10.329413333333333,20.79796,20.79796,0.0,0
mixed,4,4,20.0,19,least-loaded,13.281293333333334,14.230839999999999,14.230839999999999,79.64599609375,0
mixed,4,4,20.0,19,KV-cost,13.281293333333334,14.230839999999999,14.230839999999999,79.64599609375,0
mixed,4,4,20.0,19,tree-aware-greedy-oracle,11.083586210937499,14.364626666666668,14.364626666666668,74.6884765625,0
mixed,4,4,20.0,19,sibling-aware-oracle,11.083586210937499,14.364626666666668,14.364626666666668,74.6884765625,0
mixed,4,4,80.0,0,local-only,17.03652,22.35812,22.35812,0.0,0
mixed,4,4,80.0,0,least-loaded,15.61968,18.508119999999998,18.508119999999998,110.8359375,0
mixed,4,4,80.0,0,KV-cost,15.61968,18.508119999999998,18.508119999999998,110.8359375,0
mixed,4,4,80.0,0,tree-aware-greedy-oracle,15.424706666666667,18.553186666666665,18.553186666666665,106.591796875,0
mixed,4,4,80.0,0,sibling-aware-oracle,15.424706666666667,18.553186666666665,18.553186666666665,106.591796875,0
mixed,4,4,80.0,1,local-only,22.525919999999996,32.143573333333336,32.143573333333336,0.0,0
mixed,4,4,80.0,1,least-loaded,18.185566624348958,21.020693333333334,21.020693333333334,82.5078125,0
mixed,4,4,80.0,1,KV-cost,18.185566624348958,21.020693333333334,21.020693333333334,82.5078125,0
mixed,4,4,80.0,1,tree-aware-greedy-oracle,17.004026666666668,20.73556662434896,20.73556662434896,88.7568359375,0
mixed,4,4,80.0,1,sibling-aware-oracle,17.004026666666668,20.73556662434896,20.73556662434896,88.7568359375,0
mixed,4,4,80.0,2,local-only,17.93377333333333,44.25546666666666,44.25546666666666,0.0,0
mixed,4,4,80.0,2,least-loaded,17.317186666666668,22.952973333333336,22.952973333333336,93.041015625,0
mixed,4,4,80.0,2,KV-cost,17.317186666666668,22.952973333333336,22.952973333333336,93.041015625,0
mixed,4,4,80.0,2,tree-aware-greedy-oracle,17.502973333333333,22.900440000000003,22.900440000000003,95.57861328125,0
mixed,4,4,80.0,2,sibling-aware-oracle,17.502973333333333,22.900440000000003,22.900440000000003,95.57861328125,0
mixed,4,4,80.0,3,local-only,25.877053333333333,29.424840000000003,29.424840000000003,0.0,0
mixed,4,4,80.0,3,least-loaded,22.30528,27.010386666666665,27.010386666666665,145.107421875,0
mixed,4,4,80.0,3,KV-cost,22.30528,27.010386666666665,27.010386666666665,145.107421875,0
mixed,4,4,80.0,3,tree-aware-greedy-oracle,22.776546666666665,26.91038666666667,26.91038666666667,158.50146484375,0
mixed,4,4,80.0,3,sibling-aware-oracle,22.776546666666665,26.91038666666667,26.91038666666667,158.50146484375,0
mixed,4,4,80.0,4,local-only,10.225906666666665,29.86809333333333,29.86809333333333,0.0,0
mixed,4,4,80.0,4,least-loaded,14.206986666666669,15.190320000000002,15.190320000000002,77.54052734375,0
mixed,4,4,80.0,4,KV-cost,14.206986666666669,15.190320000000002,15.190320000000002,77.54052734375,0
mixed,4,4,80.0,4,tree-aware-greedy-oracle,14.492573333333334,15.306986666666665,15.306986666666665,64.27783203125,0
mixed,4,4,80.0,4,sibling-aware-oracle,14.492573333333334,15.306986666666665,15.306986666666665,64.27783203125,0
mixed,4,4,80.0,5,local-only,25.815600000000003,41.564013333333335,41.564013333333335,0.0,0
mixed,4,4,80.0,5,least-loaded,25.34541333333333,28.062079999999998,28.062079999999998,118.478515625,0
mixed,4,4,80.0,5,KV-cost,25.34541333333333,28.062079999999998,28.062079999999998,118.478515625,0
mixed,4,4,80.0,5,tree-aware-greedy-oracle,24.062079999999998,27.98896,27.98896,125.9765625,0
mixed,4,4,80.0,5,sibling-aware-oracle,24.062079999999998,27.98896,27.98896,125.9765625,0
mixed,4,4,80.0,6,local-only,8.65032,27.80832,27.80832,0.0,0
mixed,4,4,80.0,6,least-loaded,9.90068,14.537146666666665,14.537146666666665,61.00146484375,0
mixed,4,4,80.0,6,KV-cost,9.90068,14.537146666666665,14.537146666666665,61.00146484375,0
mixed,4,4,80.0,6,tree-aware-greedy-oracle,9.017346666666667,14.20068,14.20068,64.87255859375,0
mixed,4,4,80.0,6,sibling-aware-oracle,9.017346666666667,14.20068,14.20068,64.87255859375,0
mixed,4,4,80.0,7,local-only,8.754666666666667,33.425453333333344,33.425453333333344,0.0,0
mixed,4,4,80.0,7,least-loaded,10.239146666666665,18.272479999999998,18.272479999999998,109.19921875,0
mixed,4,4,80.0,7,KV-cost,10.239146666666665,18.272479999999998,18.272479999999998,109.19921875,0
mixed,4,4,80.0,7,tree-aware-greedy-oracle,9.858853333333334,17.93914666666667,17.93914666666667,116.013671875,0
mixed,4,4,80.0,7,sibling-aware-oracle,9.858853333333334,17.93914666666667,17.93914666666667,116.013671875,0
mixed,4,4,80.0,8,local-only,9.548733333333333,25.767586666666666,25.767586666666666,0.0,0
mixed,4,4,80.0,8,least-loaded,12.784253333333332,14.034253333333332,14.034253333333332,54.71533203125,0
mixed,4,4,80.0,8,KV-cost,12.784253333333332,14.034253333333332,14.034253333333332,54.71533203125,0
mixed,4,4,80.0,8,tree-aware-greedy-oracle,12.348733333333334,14.084253333333333,14.084253333333333,48.69775390625,0
mixed,4,4,80.0,8,sibling-aware-oracle,12.348733333333334,14.084253333333333,14.084253333333333,48.69775390625,0
mixed,4,4,80.0,9,local-only,10.866933333333332,21.425279999999997,21.425279999999997,0.0,0
mixed,4,4,80.0,9,least-loaded,11.992613333333331,14.70928,14.70928,60.625,0
mixed,4,4,80.0,9,KV-cost,11.992613333333331,14.70928,14.70928,60.625,0
mixed,4,4,80.0,9,tree-aware-greedy-oracle,12.000266666666668,14.20928,14.20928,69.8125,0
mixed,4,4,80.0,9,sibling-aware-oracle,12.000266666666668,14.20928,14.20928,69.8125,0
mixed,4,4,80.0,10,local-only,18.30702666666667,23.466573333333333,23.466573333333333,0.0,0
mixed,4,4,80.0,10,least-loaded,17.34228,19.59036,19.59036,78.017578125,0
mixed,4,4,80.0,10,KV-cost,17.34228,19.59036,19.59036,78.017578125,0
mixed,4,4,80.0,10,tree-aware-greedy-oracle,17.525613333333332,19.433239999999998,19.433239999999998,67.7568359375,0
mixed,4,4,80.0,10,sibling-aware-oracle,17.525613333333332,19.433239999999998,19.433239999999998,67.7568359375,0
mixed,4,4,80.0,11,local-only,6.246786666666667,19.14564,19.14564,0.0,0
mixed,4,4,80.0,11,least-loaded,6.583767604166668,11.295319524739584,11.295319524739584,40.6708984375,0
mixed,4,4,80.0,11,KV-cost,6.583767604166668,11.295319524739584,11.295319524739584,40.6708984375,0
mixed,4,4,80.0,11,tree-aware-greedy-oracle,6.278973333333334,11.245640000000002,11.245640000000002,44.0927734375,0
mixed,4,4,80.0,11,sibling-aware-oracle,6.278973333333334,11.245640000000002,11.245640000000002,44.0927734375,0
mixed,4,4,80.0,12,local-only,14.315520000000001,30.82073333333333,30.82073333333333,0.0,0
mixed,4,4,80.0,12,least-loaded,14.750933333333338,18.754066666666667,18.754066666666667,112.98974609375,0
mixed,4,4,80.0,12,KV-cost,14.750933333333338,18.754066666666667,18.754066666666667,112.98974609375,0
mixed,4,4,80.0,12,tree-aware-greedy-oracle,15.615519999999998,18.465519999999998,18.465519999999998,110.75537109375,0
mixed,4,4,80.0,12,sibling-aware-oracle,15.615519999999998,18.465519999999998,18.465519999999998,110.75537109375,0
mixed,4,4,80.0,13,local-only,15.82092,42.08342666666667,42.08342666666667,0.0,0
mixed,4,4,80.0,13,least-loaded,18.566466666666667,23.585346666666663,23.585346666666663,125.52685546875,0
mixed,4,4,80.0,13,KV-cost,18.566466666666667,23.585346666666663,23.585346666666663,125.52685546875,0
mixed,4,4,80.0,13,tree-aware-greedy-oracle,18.73534666666667,23.50009333333333,23.50009333333333,137.08349609375,0
mixed,4,4,80.0,13,sibling-aware-oracle,18.73534666666667,23.50009333333333,23.50009333333333,137.08349609375,0
mixed,4,4,80.0,14,local-only,14.883586666666668,26.73838666666667,26.73838666666667,0.0,0
mixed,4,4,80.0,14,least-loaded,17.002653333333335,18.266920000000002,18.266920000000002,94.35693359375,0
mixed,4,4,80.0,14,KV-cost,17.002653333333335,18.266920000000002,18.266920000000002,94.35693359375,0
mixed,4,4,80.0,14,tree-aware-greedy-oracle,16.71932,18.39925333333334,18.39925333333334,91.83740234375,0
mixed,4,4,80.0,14,sibling-aware-oracle,16.71932,18.39925333333334,18.39925333333334,91.83740234375,0
mixed,4,4,80.0,15,local-only,11.647826666666665,24.479093333333328,24.479093333333328,0.0,0
mixed,4,4,80.0,15,least-loaded,11.529093333333334,14.762426666666666,14.762426666666666,92.3291015625,0
mixed,4,4,80.0,15,KV-cost,11.529093333333334,14.762426666666666,14.762426666666666,92.3291015625,0
mixed,4,4,80.0,15,tree-aware-greedy-oracle,12.28116,14.64576,14.64576,89.86083984375,0
mixed,4,4,80.0,15,sibling-aware-oracle,12.28116,14.64576,14.64576,89.86083984375,0
mixed,4,4,80.0,16,local-only,6.4658533333333335,15.848293333333336,15.848293333333336,0.0,0
mixed,4,4,80.0,16,least-loaded,6.415853333333333,8.883693333333335,8.883693333333335,44.46630859375,0
mixed,4,4,80.0,16,KV-cost,6.415853333333333,8.883693333333335,8.883693333333335,44.46630859375,0
mixed,4,4,80.0,16,tree-aware-greedy-oracle,5.33088,9.281626666666668,9.281626666666668,46.2041015625,0
mixed,4,4,80.0,16,sibling-aware-oracle,5.33088,9.281626666666668,9.281626666666668,46.2041015625,0
mixed,4,4,80.0,17,local-only,12.4712,19.749133333333333,19.749133333333333,0.0,0
mixed,4,4,80.0,17,least-loaded,11.536066666666667,13.082466666666665,13.082466666666665,86.66064453125,0
mixed,4,4,80.0,17,KV-cost,11.536066666666667,13.082466666666665,13.082466666666665,86.66064453125,0
mixed,4,4,80.0,17,tree-aware-greedy-oracle,11.315800000000001,13.334266666666668,13.334266666666668,90.87353515625,0
mixed,4,4,80.0,17,sibling-aware-oracle,11.315800000000001,13.334266666666668,13.334266666666668,90.87353515625,0
mixed,4,4,80.0,18,local-only,6.25168,30.848253333333332,30.848253333333332,0.0,0
mixed,4,4,80.0,18,least-loaded,6.474613333333333,12.857946666666665,12.857946666666665,68.1767578125,0
mixed,4,4,80.0,18,KV-cost,6.474613333333333,12.857946666666665,12.857946666666665,68.1767578125,0
mixed,4,4,80.0,18,tree-aware-greedy-oracle,6.657946666666667,12.235013333333333,12.235013333333333,79.93017578125,0
mixed,4,4,80.0,18,sibling-aware-oracle,6.657946666666667,12.235013333333333,12.235013333333333,79.93017578125,0
mixed,4,4,80.0,19,local-only,10.329413333333333,20.79796,20.79796,0.0,0
mixed,4,4,80.0,19,least-loaded,13.262746666666668,14.19796,14.19796,74.81982421875,0
mixed,4,4,80.0,19,KV-cost,13.262746666666668,14.19796,14.19796,74.81982421875,0
mixed,4,4,80.0,19,tree-aware-greedy-oracle,11.04796,14.346080000000002,14.346080000000002,74.6884765625,0
mixed,4,4,80.0,19,sibling-aware-oracle,11.04796,14.346080000000002,14.346080000000002,74.6884765625,0
mixed,16,4,5.0,0,local-only,53.88916000000002,75.65809333333335,75.65809333333335,0.0,0
mixed,16,4,5.0,0,least-loaded,54.05582666666668,66.90825333333335,66.90825333333335,371.58837890625,0
mixed,16,4,5.0,0,KV-cost,54.05582666666668,66.90825333333335,66.90825333333335,371.58837890625,0
mixed,16,4,5.0,0,tree-aware-greedy-oracle,58.20129333333334,67.00716000000001,67.00716000000001,400.611328125,0
mixed,16,4,5.0,0,sibling-aware-oracle,58.15742666666668,67.03696000000002,67.03696000000002,388.07080078125,0
mixed,16,4,5.0,1,local-only,65.69827999999998,84.14814666666669,84.14814666666669,0.0,0
mixed,16,4,5.0,1,least-loaded,63.009720000000016,73.9536533333333,73.9536533333333,352.30859375,0
mixed,16,4,5.0,1,KV-cost,63.009720000000016,73.9536533333333,73.9536533333333,352.30859375,0
mixed,16,4,5.0,1,tree-aware-greedy-oracle,65.93572,73.80766666666668,73.80766666666668,387.22802734375,0
mixed,16,4,5.0,1,sibling-aware-oracle,65.93572,73.80766666666668,73.80766666666668,387.22802734375,0
mixed,16,4,5.0,2,local-only,56.57761333333334,102.55051999999999,102.55051999999999,0.0,0
mixed,16,4,5.0,2,least-loaded,61.02761333333333,74.19162666666665,74.19162666666665,356.9169921875,0
mixed,16,4,5.0,2,KV-cost,61.02761333333333,74.19162666666665,74.19162666666665,356.9169921875,0
mixed,16,4,5.0,2,tree-aware-greedy-oracle,64.89998666666668,73.82445333333334,73.82445333333334,349.59423828125,0
mixed,16,4,5.0,2,sibling-aware-oracle,64.89998666666668,73.82445333333334,73.82445333333334,349.59423828125,0
mixed,16,4,5.0,3,local-only,63.237919999999995,90.82447999999995,90.82447999999995,0.0,0
mixed,16,4,5.0,3,least-loaded,64.80458666666667,73.88113333333332,73.88113333333332,459.908203125,0
mixed,16,4,5.0,3,KV-cost,64.80458666666667,73.88113333333332,73.88113333333332,459.908203125,0
mixed,16,4,5.0,3,tree-aware-greedy-oracle,69.09296,73.63506666666665,73.63506666666665,469.96435546875,0
mixed,16,4,5.0,3,sibling-aware-oracle,69.09296,73.63506666666665,73.63506666666665,469.96435546875,0
mixed,16,4,5.0,4,local-only,56.61365333333333,66.69232000000001,66.69232000000001,0.0,0
mixed,16,4,5.0,4,least-loaded,55.44231999999999,64.72287999999999,64.72287999999999,302.75244140625,0
mixed,16,4,5.0,4,KV-cost,55.44231999999999,64.72287999999999,64.72287999999999,302.75244140625,0
mixed,16,4,5.0,4,tree-aware-greedy-oracle,57.179546666666646,64.66287999999997,64.66287999999997,353.72900390625,0
mixed,16,4,5.0,4,sibling-aware-oracle,57.179546666666646,64.66287999999997,64.66287999999997,353.72900390625,0
mixed,16,4,5.0,5,local-only,56.40858666666669,111.09910666666661,111.09910666666661,0.0,0
mixed,16,4,5.0,5,least-loaded,67.64474666666668,82.44453333333335,82.44453333333335,392.0625,0
mixed,16,4,5.0,5,KV-cost,67.64474666666668,82.44453333333335,82.44453333333335,392.0625,0
mixed,16,4,5.0,5,tree-aware-greedy-oracle,68.77886666666667,82.2903066666667,82.2903066666667,391.35498046875,0
mixed,16,4,5.0,5,sibling-aware-oracle,68.77886666666667,82.2903066666667,82.2903066666667,391.35498046875,0
mixed,16,4,5.0,6,local-only,54.06801333333334,66.95390666666665,66.95390666666665,0.0,0
mixed,16,4,5.0,6,least-loaded,51.93724,61.351346666666686,61.351346666666686,295.99365234375,0
mixed,16,4,5.0,6,KV-cost,51.93724,61.351346666666686,61.351346666666686,295.99365234375,0
mixed,16,4,5.0,6,tree-aware-greedy-oracle,53.57558666666668,61.507493333333336,61.507493333333336,299.61181640625,0
mixed,16,4,5.0,6,sibling-aware-oracle,53.57558666666668,61.507493333333336,61.507493333333336,299.61181640625,0
mixed,16,4,5.0,7,local-only,53.61058666666667,103.36466666666662,103.36466666666662,0.0,0
mixed,16,4,5.0,7,least-loaded,65.24392,75.51058666666668,75.51058666666668,430.72900390625,0
mixed,16,4,5.0,7,KV-cost,65.24392,75.51058666666668,75.51058666666668,430.72900390625,0
mixed,16,4,5.0,7,tree-aware-greedy-oracle,66.42836000000001,75.55357333333332,75.55357333333332,379.76513671875,0
mixed,16,4,5.0,7,sibling-aware-oracle,66.42836000000001,75.55357333333332,75.55357333333332,379.76513671875,0
mixed,16,4,5.0,8,local-only,68.57329333333332,101.27586666666662,101.27586666666662,0.0,0
mixed,16,4,5.0,8,least-loaded,66.90919999999998,81.50537333333334,81.50537333333334,489.2822265625,0
mixed,16,4,5.0,8,KV-cost,66.90919999999998,81.50537333333334,81.50537333333334,489.2822265625,0
mixed,16,4,5.0,8,tree-aware-greedy-oracle,73.15602666666666,81.29354666666669,81.29354666666669,450.0576171875,0
mixed,16,4,5.0,8,sibling-aware-oracle,73.15602666666666,81.29354666666669,81.29354666666669,450.0576171875,0
mixed,16,4,5.0,9,local-only,59.41548000000001,93.53095999999995,93.53095999999995,0.0,0
mixed,16,4,5.0,9,least-loaded,54.74762666666668,67.31547999999998,67.31547999999998,403.01513671875,0
mixed,16,4,5.0,9,KV-cost,54.74762666666668,67.31547999999998,67.31547999999998,403.01513671875,0
mixed,16,4,5.0,9,tree-aware-greedy-oracle,60.77264000000001,67.09204000000003,67.09204000000003,396.88623046875,0
mixed,16,4,5.0,9,sibling-aware-oracle,60.77264000000001,67.09204000000003,67.09204000000003,396.88623046875,0
mixed,16,4,5.0,10,local-only,76.72217333333333,105.35562666666667,105.35562666666667,0.0,0
mixed,16,4,5.0,10,least-loaded,66.35341333333332,79.48896000000003,79.48896000000003,411.23974609375,0
mixed,16,4,5.0,10,KV-cost,66.35341333333332,79.48896000000003,79.48896000000003,411.23974609375,0
mixed,16,4,5.0,10,tree-aware-greedy-oracle,68.53636,79.2633333333333,79.2633333333333,416.62841796875,0
mixed,16,4,5.0,10,sibling-aware-oracle,68.54666666666665,79.26826666666668,79.26826666666668,397.1630859375,0
mixed,16,4,5.0,11,local-only,44.61470666666667,72.65834666666669,72.65834666666669,0.0,0
mixed,16,4,5.0,11,least-loaded,44.95834666666667,56.59518666666668,56.59518666666668,286.33544921875,0
mixed,16,4,5.0,11,KV-cost,44.95834666666667,56.59518666666668,56.59518666666668,286.33544921875,0
mixed,16,4,5.0,11,tree-aware-greedy-oracle,51.34706666666666,56.4151866666667,56.4151866666667,287.7568359375,0
mixed,16,4,5.0,11,sibling-aware-oracle,51.34706666666666,56.4151866666667,56.4151866666667,287.7568359375,0
mixed,16,4,5.0,12,local-only,56.62977333333335,146.3665466666666,146.3665466666666,0.0,0
mixed,16,4,5.0,12,least-loaded,63.649880000000024,80.78705333333332,80.78705333333332,514.787109375,0
mixed,16,4,5.0,12,KV-cost,63.649880000000024,80.78705333333332,80.78705333333332,514.787109375,0
mixed,16,4,5.0,12,tree-aware-greedy-oracle,70.08012,80.45742666666665,80.45742666666665,516.71337890625,0
mixed,16,4,5.0,12,sibling-aware-oracle,70.08012,80.45742666666665,80.45742666666665,516.71337890625,0
mixed,16,4,5.0,13,local-only,48.23441333333333,94.23316,94.23316,0.0,0
mixed,16,4,5.0,13,least-loaded,55.37736,62.58316000000001,62.58316000000001,309.0400390625,0
mixed,16,4,5.0,13,KV-cost,55.37736,62.58316000000001,62.58316000000001,309.0400390625,0
mixed,16,4,5.0,13,tree-aware-greedy-oracle,56.970746666666656,62.60538666666669,62.60538666666669,311.60009765625,0
mixed,16,4,5.0,13,sibling-aware-oracle,56.970746666666656,62.60538666666669,62.60538666666669,311.60009765625,0
mixed,16,4,5.0,14,local-only,48.014920000000004,94.68218666666667,94.68218666666667,0.0,0
mixed,16,4,5.0,14,least-loaded,52.48218666666668,61.5,61.5,317.3857421875,0
mixed,16,4,5.0,14,KV-cost,52.48218666666668,61.5,61.5,317.3857421875,0
mixed,16,4,5.0,14,tree-aware-greedy-oracle,55.40187999999999,61.318546666666656,61.318546666666656,300.6337890625,0
mixed,16,4,5.0,14,sibling-aware-oracle,55.40187999999999,61.318546666666656,61.318546666666656,300.6337890625,0
mixed,16,4,5.0,15,local-only,65.43204,91.32287999999997,91.32287999999997,0.0,0
mixed,16,4,5.0,15,least-loaded,64.02715999999998,77.03204,77.03204,413.04833984375,0
mixed,16,4,5.0,15,KV-cost,64.02715999999998,77.03204,77.03204,413.04833984375,0
mixed,16,4,5.0,15,tree-aware-greedy-oracle,70.42426666666664,76.68602666666666,76.68602666666666,441.9814453125,0
mixed,16,4,5.0,15,sibling-aware-oracle,70.42426666666664,76.68602666666666,76.68602666666666,441.9814453125,0
mixed,16,4,5.0,16,local-only,41.61133333333335,95.03830666666664,95.03830666666664,0.0,0
mixed,16,4,5.0,16,least-loaded,47.905426666666656,57.16269333333334,57.16269333333334,324.0263671875,0
mixed,16,4,5.0,16,KV-cost,47.905426666666656,57.16269333333334,57.16269333333334,324.0263671875,0
mixed,16,4,5.0,16,tree-aware-greedy-oracle,50.42146666666666,57.09917333333335,57.09917333333335,308.60791015625,0
mixed,16,4,5.0,16,sibling-aware-oracle,50.42146666666666,57.09917333333335,57.09917333333335,308.60791015625,0
mixed,16,4,5.0,17,local-only,46.701293333333325,82.1507066666667,82.1507066666667,0.0,0
mixed,16,4,5.0,17,least-loaded,47.26737333333333,60.42382666666667,60.42382666666667,365.8349609375,0
mixed,16,4,5.0,17,KV-cost,47.26737333333333,60.42382666666667,60.42382666666667,365.8349609375,0
mixed,16,4,5.0,17,tree-aware-greedy-oracle,49.72033333333333,60.06612000000002,60.06612000000002,371.56298828125,0
mixed,16,4,5.0,17,sibling-aware-oracle,49.72033333333333,60.06612000000002,60.06612000000002,371.56298828125,0
mixed,16,4,5.0,18,local-only,68.41641333333331,117.84966666666666,117.84966666666666,0.0,0
mixed,16,4,5.0,18,least-loaded,65.73086666666666,78.11419999999998,78.11419999999998,521.44580078125,0
mixed,16,4,5.0,18,KV-cost,65.73086666666666,78.11419999999998,78.11419999999998,521.44580078125,0
mixed,16,4,5.0,18,tree-aware-greedy-oracle,69.05354666666666,78.58688,78.58688,519.0,0
mixed,16,4,5.0,18,sibling-aware-oracle,69.01614666666663,78.57849333333331,78.57849333333331,519.58935546875,0
mixed,16,4,5.0,19,local-only,46.121880000000004,67.46306666666665,67.46306666666665,0.0,0
mixed,16,4,5.0,19,least-loaded,48.16311999999999,56.51306666666668,56.51306666666668,301.0107421875,0
mixed,16,4,5.0,19,KV-cost,48.16311999999999,56.51306666666668,56.51306666666668,301.0107421875,0
mixed,16,4,5.0,19,tree-aware-greedy-oracle,48.41344,56.36984000000001,56.36984000000001,314.615234375,0
mixed,16,4,5.0,19,sibling-aware-oracle,48.41344,56.36984000000001,56.36984000000001,314.615234375,0
mixed,16,4,20.0,0,local-only,53.88916000000002,75.65809333333335,75.65809333333335,0.0,0
mixed,16,4,20.0,0,least-loaded,54.05582666666668,66.90825333333335,66.90825333333335,371.58837890625,0
mixed,16,4,20.0,0,KV-cost,54.05582666666668,66.90825333333335,66.90825333333335,371.58837890625,0
mixed,16,4,20.0,0,tree-aware-greedy-oracle,58.20129333333334,67.00716000000001,67.00716000000001,400.611328125,0
mixed,16,4,20.0,0,sibling-aware-oracle,58.15742666666668,67.03696000000002,67.03696000000002,388.07080078125,0
mixed,16,4,20.0,1,local-only,65.69827999999998,84.14814666666669,84.14814666666669,0.0,0
mixed,16,4,20.0,1,least-loaded,63.009720000000016,73.9536533333333,73.9536533333333,352.30859375,0
mixed,16,4,20.0,1,KV-cost,63.009720000000016,73.9536533333333,73.9536533333333,352.30859375,0
mixed,16,4,20.0,1,tree-aware-greedy-oracle,65.93572,73.80766666666668,73.80766666666668,387.22802734375,0
mixed,16,4,20.0,1,sibling-aware-oracle,65.93572,73.80766666666668,73.80766666666668,387.22802734375,0
mixed,16,4,20.0,2,local-only,56.57761333333334,102.55051999999999,102.55051999999999,0.0,0
mixed,16,4,20.0,2,least-loaded,61.02761333333333,74.19162666666665,74.19162666666665,356.9169921875,0
mixed,16,4,20.0,2,KV-cost,61.02761333333333,74.19162666666665,74.19162666666665,356.9169921875,0
mixed,16,4,20.0,2,tree-aware-greedy-oracle,64.89998666666668,73.82445333333334,73.82445333333334,349.59423828125,0
mixed,16,4,20.0,2,sibling-aware-oracle,64.89998666666668,73.82445333333334,73.82445333333334,349.59423828125,0
mixed,16,4,20.0,3,local-only,63.237919999999995,90.82447999999995,90.82447999999995,0.0,0
mixed,16,4,20.0,3,least-loaded,64.80458666666667,73.88113333333332,73.88113333333332,459.908203125,0
mixed,16,4,20.0,3,KV-cost,64.80458666666667,73.88113333333332,73.88113333333332,459.908203125,0
mixed,16,4,20.0,3,tree-aware-greedy-oracle,69.09296,73.63506666666665,73.63506666666665,469.96435546875,0
mixed,16,4,20.0,3,sibling-aware-oracle,69.09296,73.63506666666665,73.63506666666665,469.96435546875,0
mixed,16,4,20.0,4,local-only,56.61365333333333,66.69232000000001,66.69232000000001,0.0,0
mixed,16,4,20.0,4,least-loaded,55.44231999999999,64.72287999999999,64.72287999999999,302.75244140625,0
mixed,16,4,20.0,4,KV-cost,55.44231999999999,64.72287999999999,64.72287999999999,302.75244140625,0
mixed,16,4,20.0,4,tree-aware-greedy-oracle,57.179546666666646,64.66287999999997,64.66287999999997,353.72900390625,0
mixed,16,4,20.0,4,sibling-aware-oracle,57.179546666666646,64.66287999999997,64.66287999999997,353.72900390625,0
mixed,16,4,20.0,5,local-only,56.40858666666669,111.09910666666661,111.09910666666661,0.0,0
mixed,16,4,20.0,5,least-loaded,67.64474666666668,82.44453333333335,82.44453333333335,392.0625,0
mixed,16,4,20.0,5,KV-cost,67.64474666666668,82.44453333333335,82.44453333333335,392.0625,0
mixed,16,4,20.0,5,tree-aware-greedy-oracle,68.77886666666667,82.2903066666667,82.2903066666667,391.35498046875,0
mixed,16,4,20.0,5,sibling-aware-oracle,68.77886666666667,82.2903066666667,82.2903066666667,391.35498046875,0
mixed,16,4,20.0,6,local-only,54.06801333333334,66.95390666666665,66.95390666666665,0.0,0
mixed,16,4,20.0,6,least-loaded,51.93724,61.351346666666686,61.351346666666686,295.99365234375,0
mixed,16,4,20.0,6,KV-cost,51.93724,61.351346666666686,61.351346666666686,295.99365234375,0
mixed,16,4,20.0,6,tree-aware-greedy-oracle,53.57558666666668,61.507493333333336,61.507493333333336,299.61181640625,0
mixed,16,4,20.0,6,sibling-aware-oracle,53.57558666666668,61.507493333333336,61.507493333333336,299.61181640625,0
mixed,16,4,20.0,7,local-only,53.61058666666667,103.36466666666662,103.36466666666662,0.0,0
mixed,16,4,20.0,7,least-loaded,65.24392,75.51058666666668,75.51058666666668,430.72900390625,0
mixed,16,4,20.0,7,KV-cost,65.24392,75.51058666666668,75.51058666666668,430.72900390625,0
mixed,16,4,20.0,7,tree-aware-greedy-oracle,66.42836000000001,75.55357333333332,75.55357333333332,379.76513671875,0
mixed,16,4,20.0,7,sibling-aware-oracle,66.42836000000001,75.55357333333332,75.55357333333332,379.76513671875,0
mixed,16,4,20.0,8,local-only,68.57329333333332,101.27586666666662,101.27586666666662,0.0,0
mixed,16,4,20.0,8,least-loaded,66.90919999999998,81.50537333333334,81.50537333333334,489.2822265625,0
mixed,16,4,20.0,8,KV-cost,66.90919999999998,81.50537333333334,81.50537333333334,489.2822265625,0
mixed,16,4,20.0,8,tree-aware-greedy-oracle,73.15602666666666,81.29354666666669,81.29354666666669,450.0576171875,0
mixed,16,4,20.0,8,sibling-aware-oracle,73.15602666666666,81.29354666666669,81.29354666666669,450.0576171875,0
mixed,16,4,20.0,9,local-only,59.41548000000001,93.53095999999995,93.53095999999995,0.0,0
mixed,16,4,20.0,9,least-loaded,54.74762666666668,67.31547999999998,67.31547999999998,403.01513671875,0
mixed,16,4,20.0,9,KV-cost,54.74762666666668,67.31547999999998,67.31547999999998,403.01513671875,0
mixed,16,4,20.0,9,tree-aware-greedy-oracle,60.77264000000001,67.09204000000003,67.09204000000003,396.88623046875,0
mixed,16,4,20.0,9,sibling-aware-oracle,60.77264000000001,67.09204000000003,67.09204000000003,396.88623046875,0
mixed,16,4,20.0,10,local-only,76.72217333333333,105.35562666666667,105.35562666666667,0.0,0
mixed,16,4,20.0,10,least-loaded,66.35341333333332,79.48896000000003,79.48896000000003,411.23974609375,0
mixed,16,4,20.0,10,KV-cost,66.35341333333332,79.48896000000003,79.48896000000003,411.23974609375,0
mixed,16,4,20.0,10,tree-aware-greedy-oracle,68.53636,79.2633333333333,79.2633333333333,416.62841796875,0
mixed,16,4,20.0,10,sibling-aware-oracle,68.54666666666665,79.26826666666668,79.26826666666668,397.1630859375,0
mixed,16,4,20.0,11,local-only,44.61470666666667,72.65834666666669,72.65834666666669,0.0,0
mixed,16,4,20.0,11,least-loaded,44.95834666666667,56.59518666666668,56.59518666666668,286.33544921875,0
mixed,16,4,20.0,11,KV-cost,44.95834666666667,56.59518666666668,56.59518666666668,286.33544921875,0
mixed,16,4,20.0,11,tree-aware-greedy-oracle,51.34706666666666,56.4151866666667,56.4151866666667,287.7568359375,0
mixed,16,4,20.0,11,sibling-aware-oracle,51.34706666666666,56.4151866666667,56.4151866666667,287.7568359375,0
mixed,16,4,20.0,12,local-only,56.62977333333335,146.3665466666666,146.3665466666666,0.0,0
mixed,16,4,20.0,12,least-loaded,63.649880000000024,80.78705333333332,80.78705333333332,514.787109375,0
mixed,16,4,20.0,12,KV-cost,63.649880000000024,80.78705333333332,80.78705333333332,514.787109375,0
mixed,16,4,20.0,12,tree-aware-greedy-oracle,70.08012,80.45742666666665,80.45742666666665,516.71337890625,0
mixed,16,4,20.0,12,sibling-aware-oracle,70.08012,80.45742666666665,80.45742666666665,516.71337890625,0
mixed,16,4,20.0,13,local-only,48.23441333333333,94.23316,94.23316,0.0,0
mixed,16,4,20.0,13,least-loaded,55.37736,62.58316000000001,62.58316000000001,309.0400390625,0
mixed,16,4,20.0,13,KV-cost,55.37736,62.58316000000001,62.58316000000001,309.0400390625,0
mixed,16,4,20.0,13,tree-aware-greedy-oracle,56.970746666666656,62.60538666666669,62.60538666666669,311.60009765625,0
mixed,16,4,20.0,13,sibling-aware-oracle,56.970746666666656,62.60538666666669,62.60538666666669,311.60009765625,0
mixed,16,4,20.0,14,local-only,48.014920000000004,94.68218666666667,94.68218666666667,0.0,0
mixed,16,4,20.0,14,least-loaded,52.48218666666668,61.5,61.5,317.3857421875,0
mixed,16,4,20.0,14,KV-cost,52.48218666666668,61.5,61.5,317.3857421875,0
mixed,16,4,20.0,14,tree-aware-greedy-oracle,55.40187999999999,61.318546666666656,61.318546666666656,300.6337890625,0
mixed,16,4,20.0,14,sibling-aware-oracle,55.40187999999999,61.318546666666656,61.318546666666656,300.6337890625,0
mixed,16,4,20.0,15,local-only,65.43204,91.32287999999997,91.32287999999997,0.0,0
mixed,16,4,20.0,15,least-loaded,64.02715999999998,77.03204,77.03204,413.04833984375,0
mixed,16,4,20.0,15,KV-cost,64.02715999999998,77.03204,77.03204,413.04833984375,0
mixed,16,4,20.0,15,tree-aware-greedy-oracle,70.42426666666664,76.68602666666666,76.68602666666666,441.9814453125,0
mixed,16,4,20.0,15,sibling-aware-oracle,70.42426666666664,76.68602666666666,76.68602666666666,441.9814453125,0
mixed,16,4,20.0,16,local-only,41.61133333333335,95.03830666666664,95.03830666666664,0.0,0
mixed,16,4,20.0,16,least-loaded,47.905426666666656,57.16269333333334,57.16269333333334,324.0263671875,0
mixed,16,4,20.0,16,KV-cost,47.905426666666656,57.16269333333334,57.16269333333334,324.0263671875,0
mixed,16,4,20.0,16,tree-aware-greedy-oracle,50.42146666666666,57.09917333333335,57.09917333333335,308.60791015625,0
mixed,16,4,20.0,16,sibling-aware-oracle,50.42146666666666,57.09917333333335,57.09917333333335,308.60791015625,0
mixed,16,4,20.0,17,local-only,46.701293333333325,82.1507066666667,82.1507066666667,0.0,0
mixed,16,4,20.0,17,least-loaded,47.26737333333333,60.42382666666667,60.42382666666667,365.8349609375,0
mixed,16,4,20.0,17,KV-cost,47.26737333333333,60.42382666666667,60.42382666666667,365.8349609375,0
mixed,16,4,20.0,17,tree-aware-greedy-oracle,49.72033333333333,60.06612000000002,60.06612000000002,371.56298828125,0
mixed,16,4,20.0,17,sibling-aware-oracle,49.72033333333333,60.06612000000002,60.06612000000002,371.56298828125,0
mixed,16,4,20.0,18,local-only,68.41641333333331,117.84966666666666,117.84966666666666,0.0,0
mixed,16,4,20.0,18,least-loaded,65.73086666666666,78.11419999999998,78.11419999999998,521.44580078125,0
mixed,16,4,20.0,18,KV-cost,65.73086666666666,78.11419999999998,78.11419999999998,521.44580078125,0
mixed,16,4,20.0,18,tree-aware-greedy-oracle,69.05354666666666,78.58688,78.58688,519.0,0
mixed,16,4,20.0,18,sibling-aware-oracle,69.01614666666663,78.57849333333331,78.57849333333331,519.58935546875,0
mixed,16,4,20.0,19,local-only,46.121880000000004,67.46306666666665,67.46306666666665,0.0,0
mixed,16,4,20.0,19,least-loaded,48.16311999999999,56.51306666666668,56.51306666666668,301.0107421875,0
mixed,16,4,20.0,19,KV-cost,48.16311999999999,56.51306666666668,56.51306666666668,301.0107421875,0
mixed,16,4,20.0,19,tree-aware-greedy-oracle,48.41344,56.36984000000001,56.36984000000001,314.615234375,0
mixed,16,4,20.0,19,sibling-aware-oracle,48.41344,56.36984000000001,56.36984000000001,314.615234375,0
mixed,16,4,80.0,0,local-only,53.88916000000002,75.65809333333335,75.65809333333335,0.0,0
mixed,16,4,80.0,0,least-loaded,54.05582666666668,66.90825333333335,66.90825333333335,371.58837890625,0
mixed,16,4,80.0,0,KV-cost,54.05582666666668,66.90825333333335,66.90825333333335,371.58837890625,0
mixed,16,4,80.0,0,tree-aware-greedy-oracle,58.20129333333334,67.00716000000001,67.00716000000001,400.611328125,0
mixed,16,4,80.0,0,sibling-aware-oracle,58.15742666666668,67.03696000000002,67.03696000000002,388.07080078125,0
mixed,16,4,80.0,1,local-only,65.69827999999998,84.14814666666669,84.14814666666669,0.0,0
mixed,16,4,80.0,1,least-loaded,63.009720000000016,73.9536533333333,73.9536533333333,352.30859375,0
mixed,16,4,80.0,1,KV-cost,63.009720000000016,73.9536533333333,73.9536533333333,352.30859375,0
mixed,16,4,80.0,1,tree-aware-greedy-oracle,65.93572,73.80766666666668,73.80766666666668,387.22802734375,0
mixed,16,4,80.0,1,sibling-aware-oracle,65.93572,73.80766666666668,73.80766666666668,387.22802734375,0
mixed,16,4,80.0,2,local-only,56.57761333333334,102.55051999999999,102.55051999999999,0.0,0
mixed,16,4,80.0,2,least-loaded,61.02761333333333,74.19162666666665,74.19162666666665,356.9169921875,0
mixed,16,4,80.0,2,KV-cost,61.02761333333333,74.19162666666665,74.19162666666665,356.9169921875,0
mixed,16,4,80.0,2,tree-aware-greedy-oracle,64.89998666666668,73.82445333333334,73.82445333333334,349.59423828125,0
mixed,16,4,80.0,2,sibling-aware-oracle,64.89998666666668,73.82445333333334,73.82445333333334,349.59423828125,0
mixed,16,4,80.0,3,local-only,63.237919999999995,90.82447999999995,90.82447999999995,0.0,0
mixed,16,4,80.0,3,least-loaded,64.80458666666667,73.88113333333332,73.88113333333332,459.908203125,0
mixed,16,4,80.0,3,KV-cost,64.80458666666667,73.88113333333332,73.88113333333332,459.908203125,0
mixed,16,4,80.0,3,tree-aware-greedy-oracle,69.09296,73.63506666666665,73.63506666666665,469.96435546875,0
mixed,16,4,80.0,3,sibling-aware-oracle,69.09296,73.63506666666665,73.63506666666665,469.96435546875,0
mixed,16,4,80.0,4,local-only,56.61365333333333,66.69232000000001,66.69232000000001,0.0,0
mixed,16,4,80.0,4,least-loaded,55.44231999999999,64.72287999999999,64.72287999999999,302.75244140625,0
mixed,16,4,80.0,4,KV-cost,55.44231999999999,64.72287999999999,64.72287999999999,302.75244140625,0
mixed,16,4,80.0,4,tree-aware-greedy-oracle,57.179546666666646,64.66287999999997,64.66287999999997,353.72900390625,0
mixed,16,4,80.0,4,sibling-aware-oracle,57.179546666666646,64.66287999999997,64.66287999999997,353.72900390625,0
mixed,16,4,80.0,5,local-only,56.40858666666669,111.09910666666661,111.09910666666661,0.0,0
mixed,16,4,80.0,5,least-loaded,67.64474666666668,82.44453333333335,82.44453333333335,392.0625,0
mixed,16,4,80.0,5,KV-cost,67.64474666666668,82.44453333333335,82.44453333333335,392.0625,0
mixed,16,4,80.0,5,tree-aware-greedy-oracle,68.77886666666667,82.2903066666667,82.2903066666667,391.35498046875,0
mixed,16,4,80.0,5,sibling-aware-oracle,68.77886666666667,82.2903066666667,82.2903066666667,391.35498046875,0
mixed,16,4,80.0,6,local-only,54.06801333333334,66.95390666666665,66.95390666666665,0.0,0
mixed,16,4,80.0,6,least-loaded,51.93724,61.351346666666686,61.351346666666686,295.99365234375,0
mixed,16,4,80.0,6,KV-cost,51.93724,61.351346666666686,61.351346666666686,295.99365234375,0
mixed,16,4,80.0,6,tree-aware-greedy-oracle,53.57558666666668,61.507493333333336,61.507493333333336,299.61181640625,0
mixed,16,4,80.0,6,sibling-aware-oracle,53.57558666666668,61.507493333333336,61.507493333333336,299.61181640625,0
mixed,16,4,80.0,7,local-only,53.61058666666667,103.36466666666662,103.36466666666662,0.0,0
mixed,16,4,80.0,7,least-loaded,65.24392,75.51058666666668,75.51058666666668,430.72900390625,0
mixed,16,4,80.0,7,KV-cost,65.24392,75.51058666666668,75.51058666666668,430.72900390625,0
mixed,16,4,80.0,7,tree-aware-greedy-oracle,66.42836000000001,75.55357333333332,75.55357333333332,379.76513671875,0
mixed,16,4,80.0,7,sibling-aware-oracle,66.42836000000001,75.55357333333332,75.55357333333332,379.76513671875,0
mixed,16,4,80.0,8,local-only,68.57329333333332,101.27586666666662,101.27586666666662,0.0,0
mixed,16,4,80.0,8,least-loaded,66.90919999999998,81.50537333333334,81.50537333333334,489.2822265625,0
mixed,16,4,80.0,8,KV-cost,66.90919999999998,81.50537333333334,81.50537333333334,489.2822265625,0
mixed,16,4,80.0,8,tree-aware-greedy-oracle,73.15602666666666,81.29354666666669,81.29354666666669,450.0576171875,0
mixed,16,4,80.0,8,sibling-aware-oracle,73.15602666666666,81.29354666666669,81.29354666666669,450.0576171875,0
mixed,16,4,80.0,9,local-only,59.41548000000001,93.53095999999995,93.53095999999995,0.0,0
mixed,16,4,80.0,9,least-loaded,54.74762666666668,67.31547999999998,67.31547999999998,403.01513671875,0
mixed,16,4,80.0,9,KV-cost,54.74762666666668,67.31547999999998,67.31547999999998,403.01513671875,0
mixed,16,4,80.0,9,tree-aware-greedy-oracle,60.77264000000001,67.09204000000003,67.09204000000003,396.88623046875,0
mixed,16,4,80.0,9,sibling-aware-oracle,60.77264000000001,67.09204000000003,67.09204000000003,396.88623046875,0
mixed,16,4,80.0,10,local-only,76.72217333333333,105.35562666666667,105.35562666666667,0.0,0
mixed,16,4,80.0,10,least-loaded,66.35341333333332,79.48896000000003,79.48896000000003,411.23974609375,0
mixed,16,4,80.0,10,KV-cost,66.35341333333332,79.48896000000003,79.48896000000003,411.23974609375,0
mixed,16,4,80.0,10,tree-aware-greedy-oracle,68.53636,79.2633333333333,79.2633333333333,416.62841796875,0
mixed,16,4,80.0,10,sibling-aware-oracle,68.54666666666665,79.26826666666668,79.26826666666668,397.1630859375,0
mixed,16,4,80.0,11,local-only,44.61470666666667,72.65834666666669,72.65834666666669,0.0,0
mixed,16,4,80.0,11,least-loaded,44.95834666666667,56.59518666666668,56.59518666666668,286.33544921875,0
mixed,16,4,80.0,11,KV-cost,44.95834666666667,56.59518666666668,56.59518666666668,286.33544921875,0
mixed,16,4,80.0,11,tree-aware-greedy-oracle,51.34706666666666,56.4151866666667,56.4151866666667,287.7568359375,0
mixed,16,4,80.0,11,sibling-aware-oracle,51.34706666666666,56.4151866666667,56.4151866666667,287.7568359375,0
mixed,16,4,80.0,12,local-only,56.62977333333335,146.3665466666666,146.3665466666666,0.0,0
mixed,16,4,80.0,12,least-loaded,63.649880000000024,80.78705333333332,80.78705333333332,514.787109375,0
mixed,16,4,80.0,12,KV-cost,63.649880000000024,80.78705333333332,80.78705333333332,514.787109375,0
mixed,16,4,80.0,12,tree-aware-greedy-oracle,70.08012,80.45742666666665,80.45742666666665,516.71337890625,0
mixed,16,4,80.0,12,sibling-aware-oracle,70.08012,80.45742666666665,80.45742666666665,516.71337890625,0
mixed,16,4,80.0,13,local-only,48.23441333333333,94.23316,94.23316,0.0,0
mixed,16,4,80.0,13,least-loaded,55.37736,62.58316000000001,62.58316000000001,309.0400390625,0
mixed,16,4,80.0,13,KV-cost,55.37736,62.58316000000001,62.58316000000001,309.0400390625,0
mixed,16,4,80.0,13,tree-aware-greedy-oracle,56.970746666666656,62.60538666666669,62.60538666666669,311.60009765625,0
mixed,16,4,80.0,13,sibling-aware-oracle,56.970746666666656,62.60538666666669,62.60538666666669,311.60009765625,0
mixed,16,4,80.0,14,local-only,48.014920000000004,94.68218666666667,94.68218666666667,0.0,0
mixed,16,4,80.0,14,least-loaded,52.48218666666668,61.5,61.5,317.3857421875,0
mixed,16,4,80.0,14,KV-cost,52.48218666666668,61.5,61.5,317.3857421875,0
mixed,16,4,80.0,14,tree-aware-greedy-oracle,55.40187999999999,61.318546666666656,61.318546666666656,300.6337890625,0
mixed,16,4,80.0,14,sibling-aware-oracle,55.40187999999999,61.318546666666656,61.318546666666656,300.6337890625,0
mixed,16,4,80.0,15,local-only,65.43204,91.32287999999997,91.32287999999997,0.0,0
mixed,16,4,80.0,15,least-loaded,64.02715999999998,77.03204,77.03204,413.04833984375,0
mixed,16,4,80.0,15,KV-cost,64.02715999999998,77.03204,77.03204,413.04833984375,0
mixed,16,4,80.0,15,tree-aware-greedy-oracle,70.42426666666664,76.68602666666666,76.68602666666666,441.9814453125,0
mixed,16,4,80.0,15,sibling-aware-oracle,70.42426666666664,76.68602666666666,76.68602666666666,441.9814453125,0
mixed,16,4,80.0,16,local-only,41.61133333333335,95.03830666666664,95.03830666666664,0.0,0
mixed,16,4,80.0,16,least-loaded,47.905426666666656,57.16269333333334,57.16269333333334,324.0263671875,0
mixed,16,4,80.0,16,KV-cost,47.905426666666656,57.16269333333334,57.16269333333334,324.0263671875,0
mixed,16,4,80.0,16,tree-aware-greedy-oracle,50.42146666666666,57.09917333333335,57.09917333333335,308.60791015625,0
mixed,16,4,80.0,16,sibling-aware-oracle,50.42146666666666,57.09917333333335,57.09917333333335,308.60791015625,0
mixed,16,4,80.0,17,local-only,46.701293333333325,82.1507066666667,82.1507066666667,0.0,0
mixed,16,4,80.0,17,least-loaded,47.26737333333333,60.42382666666667,60.42382666666667,365.8349609375,0
mixed,16,4,80.0,17,KV-cost,47.26737333333333,60.42382666666667,60.42382666666667,365.8349609375,0
mixed,16,4,80.0,17,tree-aware-greedy-oracle,49.72033333333333,60.06612000000002,60.06612000000002,371.56298828125,0
mixed,16,4,80.0,17,sibling-aware-oracle,49.72033333333333,60.06612000000002,60.06612000000002,371.56298828125,0
mixed,16,4,80.0,18,local-only,68.41641333333331,117.84966666666666,117.84966666666666,0.0,0
mixed,16,4,80.0,18,least-loaded,65.73086666666666,78.11419999999998,78.11419999999998,521.44580078125,0
mixed,16,4,80.0,18,KV-cost,65.73086666666666,78.11419999999998,78.11419999999998,521.44580078125,0
mixed,16,4,80.0,18,tree-aware-greedy-oracle,69.05354666666666,78.58688,78.58688,519.0,0
mixed,16,4,80.0,18,sibling-aware-oracle,69.01614666666663,78.57849333333331,78.57849333333331,519.58935546875,0
mixed,16,4,80.0,19,local-only,46.121880000000004,67.46306666666665,67.46306666666665,0.0,0
mixed,16,4,80.0,19,least-loaded,48.16311999999999,56.51306666666668,56.51306666666668,301.0107421875,0
mixed,16,4,80.0,19,KV-cost,48.16311999999999,56.51306666666668,56.51306666666668,301.0107421875,0
mixed,16,4,80.0,19,tree-aware-greedy-oracle,48.41344,56.36984000000001,56.36984000000001,314.615234375,0
mixed,16,4,80.0,19,sibling-aware-oracle,48.41344,56.36984000000001,56.36984000000001,314.615234375,0
mixed,64,4,5.0,0,local-only,222.86361333333326,299.99272,319.15938666666676,0.0,0
mixed,64,4,5.0,0,least-loaded,230.06361333333336,270.5593866666667,273.00350666666685,1517.36328125,0
mixed,64,4,5.0,0,KV-cost,230.06361333333336,270.5593866666667,273.00350666666685,1517.36328125,0
mixed,64,4,5.0,0,tree-aware-greedy-oracle,242.32094666666663,272.0218266666666,273.03849333333324,1599.76318359375,0
mixed,64,4,5.0,0,sibling-aware-oracle,242.32094666666663,272.0218266666666,273.03849333333324,1599.76318359375,0
mixed,64,4,5.0,1,local-only,240.69484000000006,368.9773866666667,387.4440533333334,0.0,0
mixed,64,4,5.0,1,least-loaded,245.71403999999995,297.4973733333334,300.07817333333315,1566.46484375,0
mixed,64,4,5.0,1,KV-cost,245.71403999999995,297.4973733333334,300.07817333333315,1566.46484375,0
mixed,64,4,5.0,1,tree-aware-greedy-oracle,264.31444000000005,299.0362533333335,300.3695866666668,1598.92626953125,0
mixed,64,4,5.0,1,sibling-aware-oracle,264.3195866666666,299.12536000000006,300.4586933333334,1621.1240234375,0
mixed,64,4,5.0,2,local-only,244.22878666666665,290.4576,308.3742666666668,0.0,0
mixed,64,4,5.0,2,least-loaded,244.1148400000001,285.7454533333332,288.0742666666668,1670.32958984375,0
mixed,64,4,5.0,2,KV-cost,244.1148400000001,285.7454533333332,288.0742666666668,1670.32958984375,0
mixed,64,4,5.0,2,tree-aware-greedy-oracle,255.36400000000006,285.58854666666656,287.7902133333332,1700.052734375,0
mixed,64,4,5.0,2,sibling-aware-oracle,255.36400000000006,285.58854666666656,287.7902133333332,1700.052734375,0
mixed,64,4,5.0,3,local-only,261.3981733333334,324.0797866666666,350.46484,0.0,0
mixed,64,4,5.0,3,least-loaded,259.2683466666667,304.23150666666675,313.8273466666667,1831.08056640625,0
mixed,64,4,5.0,3,KV-cost,259.2683466666667,304.23150666666675,313.8273466666667,1831.08056640625,0
mixed,64,4,5.0,3,tree-aware-greedy-oracle,284.04901333333333,311.9201733333333,313.2855066666666,1783.7958984375,0
mixed,64,4,5.0,3,sibling-aware-oracle,284.04901333333333,311.9201733333333,313.2855066666666,1783.7958984375,0
mixed,64,4,5.0,4,local-only,261.8949866666667,328.7605466666667,369.7272133333334,0.0,0
mixed,64,4,5.0,4,least-loaded,257.8176933333335,309.54387999999994,313.26769333333357,1767.85302734375,0
mixed,64,4,5.0,4,KV-cost,257.8176933333335,309.54387999999994,313.26769333333357,1767.85302734375,0
mixed,64,4,5.0,4,tree-aware-greedy-oracle,277.9752266666667,311.71928,313.3621600000005,1767.205078125,0
mixed,64,4,5.0,4,sibling-aware-oracle,277.9237466666663,311.7121600000001,313.36928000000046,1793.89306640625,0
mixed,64,4,5.0,5,local-only,245.26833333333335,322.2277333333335,334.97773333333356,0.0,0
mixed,64,4,5.0,5,least-loaded,242.6183333333332,285.9382266666667,287.1683333333331,1383.42529296875,0
mixed,64,4,5.0,5,KV-cost,242.6183333333332,285.9382266666667,287.1683333333331,1383.42529296875,0
mixed,64,4,5.0,5,tree-aware-greedy-oracle,258.184,285.80066666666676,286.9408666666666,1407.32470703125,0
mixed,64,4,5.0,5,sibling-aware-oracle,258.184,285.80066666666676,286.9408666666666,1407.32470703125,0
mixed,64,4,5.0,6,local-only,263.2040133333335,390.5993599999996,407.6493599999996,0.0,0
mixed,64,4,5.0,6,least-loaded,272.1094533333334,320.18334666666647,327.4833466666665,1810.162109375,0
mixed,64,4,5.0,6,KV-cost,272.1094533333334,320.18334666666647,327.4833466666665,1810.162109375,0
mixed,64,4,5.0,6,tree-aware-greedy-oracle,296.03081333333347,326.6126400000002,327.4793066666669,1879.673828125,0
mixed,64,4,5.0,6,sibling-aware-oracle,296.03081333333347,326.6126400000002,327.4793066666669,1879.673828125,0
mixed,64,4,5.0,7,local-only,236.89565333333326,296.4796533333334,308.6623199999999,0.0,0
mixed,64,4,5.0,7,least-loaded,239.1949466666668,285.19914666666665,288.59632,1555.04833984375,0
mixed,64,4,5.0,7,KV-cost,239.1949466666668,285.19914666666665,288.59632,1555.04833984375,0
mixed,64,4,5.0,7,tree-aware-greedy-oracle,260.0139333333334,286.7708000000002,288.13746666666685,1576.5322265625,0
mixed,64,4,5.0,7,sibling-aware-oracle,260.0139333333334,286.7708000000002,288.13746666666685,1576.5322265625,0
mixed,64,4,5.0,8,local-only,243.92849333333328,340.7675200000001,361.90085333333343,0.0,0
mixed,64,4,5.0,8,least-loaded,252.1784933333332,291.46980000000013,298.6077733333334,1662.060546875,0
mixed,64,4,5.0,8,KV-cost,252.1784933333332,291.46980000000013,298.6077733333334,1662.060546875,0
mixed,64,4,5.0,8,tree-aware-greedy-oracle,267.4870799999999,296.92289333333326,298.38924000000003,1582.8056640625,0
mixed,64,4,5.0,8,sibling-aware-oracle,267.4870799999999,296.92289333333326,298.38924000000003,1582.8056640625,0
mixed,64,4,5.0,9,local-only,266.27532000000014,326.4142799999998,346.90726666666694,0.0,0
mixed,64,4,5.0,9,least-loaded,266.02531999999997,320.3976133333334,324.1572666666667,1884.74560546875,0
mixed,64,4,5.0,9,KV-cost,266.02531999999997,320.3976133333334,324.1572666666667,1884.74560546875,0
mixed,64,4,5.0,9,tree-aware-greedy-oracle,292.94165333333353,322.49572000000023,324.1940666666668,1825.72998046875,0
mixed,64,4,5.0,9,sibling-aware-oracle,292.94165333333353,322.49572000000023,324.1940666666668,1825.72998046875,0
mixed,64,4,5.0,10,local-only,257.9946533333333,311.7902533333334,327.42358666666667,0.0,0
mixed,64,4,5.0,10,least-loaded,254.6619866666667,304.62358666666694,307.90692000000024,1652.70947265625,0
mixed,64,4,5.0,10,KV-cost,254.6619866666667,304.62358666666694,307.90692000000024,1652.70947265625,0
mixed,64,4,5.0,10,tree-aware-greedy-oracle,271.2424933333334,305.7924933333334,307.65709333333336,1663.60009765625,0
mixed,64,4,5.0,10,sibling-aware-oracle,271.2262400000001,305.8095733333333,307.6505066666665,1674.8779296875,0
mixed,64,4,5.0,11,local-only,242.75310666666667,314.38644,321.11230666666665,0.0,0
mixed,64,4,5.0,11,least-loaded,236.51977333333335,288.81977333333333,292.3284933333334,1611.19189453125,0
mixed,64,4,5.0,11,KV-cost,236.51977333333335,288.81977333333333,292.3284933333334,1611.19189453125,0
mixed,64,4,5.0,11,tree-aware-greedy-oracle,260.38899999999995,291.4497066666669,292.15389333333314,1636.25537109375,0
mixed,64,4,5.0,11,sibling-aware-oracle,260.38899999999995,291.4497066666669,292.15389333333314,1636.25537109375,0
mixed,64,4,5.0,12,local-only,242.49348000000003,314.55054666666655,332.3338799999999,0.0,0
mixed,64,4,5.0,12,least-loaded,245.29348,289.1005466666668,293.36721333333344,1720.373046875,0
mixed,64,4,5.0,12,KV-cost,245.29348,289.1005466666668,293.36721333333344,1720.373046875,0
mixed,64,4,5.0,12,tree-aware-greedy-oracle,255.38781333333333,291.00977333333316,293.11636000000016,1737.00390625,0
mixed,64,4,5.0,12,sibling-aware-oracle,255.38781333333333,291.00977333333316,293.11636000000016,1737.00390625,0
mixed,64,4,5.0,13,local-only,230.93213333333333,280.67371999999995,295.44038666666654,0.0,0
mixed,64,4,5.0,13,least-loaded,229.09879999999993,271.7409466666668,273.7570533333335,1554.2109375,0
mixed,64,4,5.0,13,KV-cost,229.09879999999993,271.7409466666668,273.7570533333335,1554.2109375,0
mixed,64,4,5.0,13,tree-aware-greedy-oracle,245.5739066666666,272.60723999999993,273.70723999999996,1532.7841796875,0
mixed,64,4,5.0,13,sibling-aware-oracle,245.5739066666666,272.60723999999993,273.70723999999996,1532.7841796875,0
mixed,64,4,5.0,14,local-only,215.5323466666667,291.85766666666683,314.3076666666668,0.0,0
mixed,64,4,5.0,14,least-loaded,220.3656800000001,262.5940399999999,268.57433333333336,1372.79931640625,0
mixed,64,4,5.0,14,KV-cost,220.3656800000001,262.5940399999999,268.57433333333336,1372.79931640625,0
mixed,64,4,5.0,14,tree-aware-greedy-oracle,238.0389866666667,267.1161066666665,268.7892800000002,1400.58203125,0
mixed,64,4,5.0,14,sibling-aware-oracle,238.0389866666667,267.1161066666665,268.7892800000002,1400.58203125,0
mixed,64,4,5.0,15,local-only,258.3602133333334,314.2435466666668,334.5987866666666,0.0,0
mixed,64,4,5.0,15,least-loaded,256.94846666666666,302.91513333333364,304.8987866666665,1753.52783203125,0
mixed,64,4,5.0,15,KV-cost,256.94846666666666,302.91513333333364,304.8987866666665,1753.52783203125,0
mixed,64,4,5.0,15,tree-aware-greedy-oracle,271.1997066666665,303.13775999999996,304.6710933333333,1699.23583984375,0
mixed,64,4,5.0,15,sibling-aware-oracle,271.1997066666665,303.13775999999996,304.6710933333333,1699.23583984375,0
mixed,64,4,5.0,16,local-only,238.1478400000001,287.14344,306.6886133333335,0.0,0
mixed,64,4,5.0,16,least-loaded,238.81232000000008,288.4934399999999,291.21232000000003,1678.2431640625,0
mixed,64,4,5.0,16,KV-cost,238.81232000000008,288.4934399999999,291.21232000000003,1678.2431640625,0
mixed,64,4,5.0,16,tree-aware-greedy-oracle,259.4028533333334,289.60285333333326,291.1695199999999,1623.3232421875,0
mixed,64,4,5.0,16,sibling-aware-oracle,258.69570666666675,289.63618666666656,291.2028533333332,1692.51513671875,0
mixed,64,4,5.0,17,local-only,226.5110666666665,301.3943999999999,315.02773333333323,0.0,0
mixed,64,4,5.0,17,least-loaded,228.99763999999985,273.93264,277.0578933333333,1604.51416015625,0
mixed,64,4,5.0,17,KV-cost,228.99763999999985,273.93264,277.0578933333333,1604.51416015625,0
mixed,64,4,5.0,17,tree-aware-greedy-oracle,242.27273333333335,275.60883999999993,276.95606666666663,1619.95556640625,0
mixed,64,4,5.0,17,sibling-aware-oracle,242.27273333333335,275.60883999999993,276.95606666666663,1619.95556640625,0
mixed,64,4,5.0,18,local-only,255.89471999999986,322.5053066666668,340.6447199999999,0.0,0
mixed,64,4,5.0,18,least-loaded,252.36138666666668,301.23248,305.40530666666683,1758.5166015625,0
mixed,64,4,5.0,18,KV-cost,252.36138666666668,301.23248,305.40530666666683,1758.5166015625,0
mixed,64,4,5.0,18,tree-aware-greedy-oracle,274.29972000000004,303.8160666666668,304.88793333333336,1745.6298828125,0
mixed,64,4,5.0,18,sibling-aware-oracle,274.29972,303.83273333333346,304.8994000000001,1764.69287109375,0
mixed,64,4,5.0,19,local-only,213.1753466666666,262.5618533333332,281.11185333333316,0.0,0
mixed,64,4,5.0,19,least-loaded,214.97664000000006,258.66897333333327,263.07663999999994,1445.02783203125,0
mixed,64,4,5.0,19,KV-cost,214.97664000000006,258.66897333333327,263.07663999999994,1445.02783203125,0
mixed,64,4,5.0,19,tree-aware-greedy-oracle,225.57553333333337,261.20500000000004,263.5066000000001,1423.556640625,0
mixed,64,4,5.0,19,sibling-aware-oracle,225.57553333333337,261.20500000000004,263.5066000000001,1423.556640625,0
mixed,64,4,20.0,0,local-only,222.86361333333326,299.99272,319.15938666666676,0.0,0
mixed,64,4,20.0,0,least-loaded,230.06361333333336,270.5593866666667,273.00350666666685,1517.36328125,0
mixed,64,4,20.0,0,KV-cost,230.06361333333336,270.5593866666667,273.00350666666685,1517.36328125,0
mixed,64,4,20.0,0,tree-aware-greedy-oracle,242.32094666666663,272.0218266666666,273.03849333333324,1599.76318359375,0
mixed,64,4,20.0,0,sibling-aware-oracle,242.32094666666663,272.0218266666666,273.03849333333324,1599.76318359375,0
mixed,64,4,20.0,1,local-only,240.69484000000006,368.9773866666667,387.4440533333334,0.0,0
mixed,64,4,20.0,1,least-loaded,245.71403999999995,297.4973733333334,300.07817333333315,1566.46484375,0
mixed,64,4,20.0,1,KV-cost,245.71403999999995,297.4973733333334,300.07817333333315,1566.46484375,0
mixed,64,4,20.0,1,tree-aware-greedy-oracle,264.31444000000005,299.0362533333335,300.3695866666668,1598.92626953125,0
mixed,64,4,20.0,1,sibling-aware-oracle,264.3195866666666,299.12536000000006,300.4586933333334,1621.1240234375,0
mixed,64,4,20.0,2,local-only,244.22878666666665,290.4576,308.3742666666668,0.0,0
mixed,64,4,20.0,2,least-loaded,244.1148400000001,285.7454533333332,288.0742666666668,1670.32958984375,0
mixed,64,4,20.0,2,KV-cost,244.1148400000001,285.7454533333332,288.0742666666668,1670.32958984375,0
mixed,64,4,20.0,2,tree-aware-greedy-oracle,255.36400000000006,285.58854666666656,287.7902133333332,1700.052734375,0
mixed,64,4,20.0,2,sibling-aware-oracle,255.36400000000006,285.58854666666656,287.7902133333332,1700.052734375,0
mixed,64,4,20.0,3,local-only,261.3981733333334,324.0797866666666,350.46484,0.0,0
mixed,64,4,20.0,3,least-loaded,259.2683466666667,304.23150666666675,313.8273466666667,1831.08056640625,0
mixed,64,4,20.0,3,KV-cost,259.2683466666667,304.23150666666675,313.8273466666667,1831.08056640625,0
mixed,64,4,20.0,3,tree-aware-greedy-oracle,284.04901333333333,311.9201733333333,313.2855066666666,1783.7958984375,0
mixed,64,4,20.0,3,sibling-aware-oracle,284.04901333333333,311.9201733333333,313.2855066666666,1783.7958984375,0
mixed,64,4,20.0,4,local-only,261.8949866666667,328.7605466666667,369.7272133333334,0.0,0
mixed,64,4,20.0,4,least-loaded,257.8176933333335,309.54387999999994,313.26769333333357,1767.85302734375,0
mixed,64,4,20.0,4,KV-cost,257.8176933333335,309.54387999999994,313.26769333333357,1767.85302734375,0
mixed,64,4,20.0,4,tree-aware-greedy-oracle,277.9752266666667,311.71928,313.3621600000005,1767.205078125,0
mixed,64,4,20.0,4,sibling-aware-oracle,277.9237466666663,311.7121600000001,313.36928000000046,1793.89306640625,0
mixed,64,4,20.0,5,local-only,245.26833333333335,322.2277333333335,334.97773333333356,0.0,0
mixed,64,4,20.0,5,least-loaded,242.6183333333332,285.9382266666667,287.1683333333331,1383.42529296875,0
mixed,64,4,20.0,5,KV-cost,242.6183333333332,285.9382266666667,287.1683333333331,1383.42529296875,0
mixed,64,4,20.0,5,tree-aware-greedy-oracle,258.184,285.80066666666676,286.9408666666666,1407.32470703125,0
mixed,64,4,20.0,5,sibling-aware-oracle,258.184,285.80066666666676,286.9408666666666,1407.32470703125,0
mixed,64,4,20.0,6,local-only,263.2040133333335,390.5993599999996,407.6493599999996,0.0,0
mixed,64,4,20.0,6,least-loaded,272.1094533333334,320.18334666666647,327.4833466666665,1810.162109375,0
mixed,64,4,20.0,6,KV-cost,272.1094533333334,320.18334666666647,327.4833466666665,1810.162109375,0
mixed,64,4,20.0,6,tree-aware-greedy-oracle,296.03081333333347,326.6126400000002,327.4793066666669,1879.673828125,0
mixed,64,4,20.0,6,sibling-aware-oracle,296.03081333333347,326.6126400000002,327.4793066666669,1879.673828125,0
mixed,64,4,20.0,7,local-only,236.89565333333326,296.4796533333334,308.6623199999999,0.0,0
mixed,64,4,20.0,7,least-loaded,239.1949466666668,285.19914666666665,288.59632,1555.04833984375,0
mixed,64,4,20.0,7,KV-cost,239.1949466666668,285.19914666666665,288.59632,1555.04833984375,0
mixed,64,4,20.0,7,tree-aware-greedy-oracle,260.0139333333334,286.7708000000002,288.13746666666685,1576.5322265625,0
mixed,64,4,20.0,7,sibling-aware-oracle,260.0139333333334,286.7708000000002,288.13746666666685,1576.5322265625,0
mixed,64,4,20.0,8,local-only,243.92849333333328,340.7675200000001,361.90085333333343,0.0,0
mixed,64,4,20.0,8,least-loaded,252.1784933333332,291.46980000000013,298.6077733333334,1662.060546875,0
mixed,64,4,20.0,8,KV-cost,252.1784933333332,291.46980000000013,298.6077733333334,1662.060546875,0
mixed,64,4,20.0,8,tree-aware-greedy-oracle,267.4870799999999,296.92289333333326,298.38924000000003,1582.8056640625,0
mixed,64,4,20.0,8,sibling-aware-oracle,267.4870799999999,296.92289333333326,298.38924000000003,1582.8056640625,0
mixed,64,4,20.0,9,local-only,266.27532000000014,326.4142799999998,346.90726666666694,0.0,0
mixed,64,4,20.0,9,least-loaded,266.02531999999997,320.3976133333334,324.1572666666667,1884.74560546875,0
mixed,64,4,20.0,9,KV-cost,266.02531999999997,320.3976133333334,324.1572666666667,1884.74560546875,0
mixed,64,4,20.0,9,tree-aware-greedy-oracle,292.94165333333353,322.49572000000023,324.1940666666668,1825.72998046875,0
mixed,64,4,20.0,9,sibling-aware-oracle,292.94165333333353,322.49572000000023,324.1940666666668,1825.72998046875,0
mixed,64,4,20.0,10,local-only,257.9946533333333,311.7902533333334,327.42358666666667,0.0,0
mixed,64,4,20.0,10,least-loaded,254.6619866666667,304.62358666666694,307.90692000000024,1652.70947265625,0
mixed,64,4,20.0,10,KV-cost,254.6619866666667,304.62358666666694,307.90692000000024,1652.70947265625,0
mixed,64,4,20.0,10,tree-aware-greedy-oracle,271.2424933333334,305.7924933333334,307.65709333333336,1663.60009765625,0
mixed,64,4,20.0,10,sibling-aware-oracle,271.2262400000001,305.8095733333333,307.6505066666665,1674.8779296875,0
mixed,64,4,20.0,11,local-only,242.75310666666667,314.38644,321.11230666666665,0.0,0
mixed,64,4,20.0,11,least-loaded,236.51977333333335,288.81977333333333,292.3284933333334,1611.19189453125,0
mixed,64,4,20.0,11,KV-cost,236.51977333333335,288.81977333333333,292.3284933333334,1611.19189453125,0
mixed,64,4,20.0,11,tree-aware-greedy-oracle,260.38899999999995,291.4497066666669,292.15389333333314,1636.25537109375,0
mixed,64,4,20.0,11,sibling-aware-oracle,260.38899999999995,291.4497066666669,292.15389333333314,1636.25537109375,0
mixed,64,4,20.0,12,local-only,242.49348000000003,314.55054666666655,332.3338799999999,0.0,0
mixed,64,4,20.0,12,least-loaded,245.29348,289.1005466666668,293.36721333333344,1720.373046875,0
mixed,64,4,20.0,12,KV-cost,245.29348,289.1005466666668,293.36721333333344,1720.373046875,0
mixed,64,4,20.0,12,tree-aware-greedy-oracle,255.38781333333333,291.00977333333316,293.11636000000016,1737.00390625,0
mixed,64,4,20.0,12,sibling-aware-oracle,255.38781333333333,291.00977333333316,293.11636000000016,1737.00390625,0
mixed,64,4,20.0,13,local-only,230.93213333333333,280.67371999999995,295.44038666666654,0.0,0
mixed,64,4,20.0,13,least-loaded,229.09879999999993,271.7409466666668,273.7570533333335,1554.2109375,0
mixed,64,4,20.0,13,KV-cost,229.09879999999993,271.7409466666668,273.7570533333335,1554.2109375,0
mixed,64,4,20.0,13,tree-aware-greedy-oracle,245.5739066666666,272.60723999999993,273.70723999999996,1532.7841796875,0
mixed,64,4,20.0,13,sibling-aware-oracle,245.5739066666666,272.60723999999993,273.70723999999996,1532.7841796875,0
mixed,64,4,20.0,14,local-only,215.5323466666667,291.85766666666683,314.3076666666668,0.0,0
mixed,64,4,20.0,14,least-loaded,220.3656800000001,262.5940399999999,268.57433333333336,1372.79931640625,0
mixed,64,4,20.0,14,KV-cost,220.3656800000001,262.5940399999999,268.57433333333336,1372.79931640625,0
mixed,64,4,20.0,14,tree-aware-greedy-oracle,238.0389866666667,267.1161066666665,268.7892800000002,1400.58203125,0
mixed,64,4,20.0,14,sibling-aware-oracle,238.0389866666667,267.1161066666665,268.7892800000002,1400.58203125,0
mixed,64,4,20.0,15,local-only,258.3602133333334,314.2435466666668,334.5987866666666,0.0,0
mixed,64,4,20.0,15,least-loaded,256.94846666666666,302.91513333333364,304.8987866666665,1753.52783203125,0
mixed,64,4,20.0,15,KV-cost,256.94846666666666,302.91513333333364,304.8987866666665,1753.52783203125,0
mixed,64,4,20.0,15,tree-aware-greedy-oracle,271.1997066666665,303.13775999999996,304.6710933333333,1699.23583984375,0
mixed,64,4,20.0,15,sibling-aware-oracle,271.1997066666665,303.13775999999996,304.6710933333333,1699.23583984375,0
mixed,64,4,20.0,16,local-only,238.1478400000001,287.14344,306.6886133333335,0.0,0
mixed,64,4,20.0,16,least-loaded,238.81232000000008,288.4934399999999,291.21232000000003,1678.2431640625,0
mixed,64,4,20.0,16,KV-cost,238.81232000000008,288.4934399999999,291.21232000000003,1678.2431640625,0
mixed,64,4,20.0,16,tree-aware-greedy-oracle,259.4028533333334,289.60285333333326,291.1695199999999,1623.3232421875,0
mixed,64,4,20.0,16,sibling-aware-oracle,258.69570666666675,289.63618666666656,291.2028533333332,1692.51513671875,0
mixed,64,4,20.0,17,local-only,226.5110666666665,301.3943999999999,315.02773333333323,0.0,0
mixed,64,4,20.0,17,least-loaded,228.99763999999985,273.93264,277.0578933333333,1604.51416015625,0
mixed,64,4,20.0,17,KV-cost,228.99763999999985,273.93264,277.0578933333333,1604.51416015625,0
mixed,64,4,20.0,17,tree-aware-greedy-oracle,242.27273333333335,275.60883999999993,276.95606666666663,1619.95556640625,0
mixed,64,4,20.0,17,sibling-aware-oracle,242.27273333333335,275.60883999999993,276.95606666666663,1619.95556640625,0
mixed,64,4,20.0,18,local-only,255.89471999999986,322.5053066666668,340.6447199999999,0.0,0
mixed,64,4,20.0,18,least-loaded,252.36138666666668,301.23248,305.40530666666683,1758.5166015625,0
mixed,64,4,20.0,18,KV-cost,252.36138666666668,301.23248,305.40530666666683,1758.5166015625,0
mixed,64,4,20.0,18,tree-aware-greedy-oracle,274.29972000000004,303.8160666666668,304.88793333333336,1745.6298828125,0
mixed,64,4,20.0,18,sibling-aware-oracle,274.29972,303.83273333333346,304.8994000000001,1764.69287109375,0
mixed,64,4,20.0,19,local-only,213.1753466666666,262.5618533333332,281.11185333333316,0.0,0
mixed,64,4,20.0,19,least-loaded,214.97664000000006,258.66897333333327,263.07663999999994,1445.02783203125,0
mixed,64,4,20.0,19,KV-cost,214.97664000000006,258.66897333333327,263.07663999999994,1445.02783203125,0
mixed,64,4,20.0,19,tree-aware-greedy-oracle,225.57553333333337,261.20500000000004,263.5066000000001,1423.556640625,0
mixed,64,4,20.0,19,sibling-aware-oracle,225.57553333333337,261.20500000000004,263.5066000000001,1423.556640625,0
mixed,64,4,80.0,0,local-only,222.86361333333326,299.99272,319.15938666666676,0.0,0
mixed,64,4,80.0,0,least-loaded,230.06361333333336,270.5593866666667,273.00350666666685,1517.36328125,0
mixed,64,4,80.0,0,KV-cost,230.06361333333336,270.5593866666667,273.00350666666685,1517.36328125,0
mixed,64,4,80.0,0,tree-aware-greedy-oracle,242.32094666666663,272.0218266666666,273.03849333333324,1599.76318359375,0
mixed,64,4,80.0,0,sibling-aware-oracle,242.32094666666663,272.0218266666666,273.03849333333324,1599.76318359375,0
mixed,64,4,80.0,1,local-only,240.69484000000006,368.9773866666667,387.4440533333334,0.0,0
mixed,64,4,80.0,1,least-loaded,245.71403999999995,297.4973733333334,300.07817333333315,1566.46484375,0
mixed,64,4,80.0,1,KV-cost,245.71403999999995,297.4973733333334,300.07817333333315,1566.46484375,0
mixed,64,4,80.0,1,tree-aware-greedy-oracle,264.31444000000005,299.0362533333335,300.3695866666668,1598.92626953125,0
mixed,64,4,80.0,1,sibling-aware-oracle,264.3195866666666,299.12536000000006,300.4586933333334,1621.1240234375,0
mixed,64,4,80.0,2,local-only,244.22878666666665,290.4576,308.3742666666668,0.0,0
mixed,64,4,80.0,2,least-loaded,244.1148400000001,285.7454533333332,288.0742666666668,1670.32958984375,0
mixed,64,4,80.0,2,KV-cost,244.1148400000001,285.7454533333332,288.0742666666668,1670.32958984375,0
mixed,64,4,80.0,2,tree-aware-greedy-oracle,255.36400000000006,285.58854666666656,287.7902133333332,1700.052734375,0
mixed,64,4,80.0,2,sibling-aware-oracle,255.36400000000006,285.58854666666656,287.7902133333332,1700.052734375,0
mixed,64,4,80.0,3,local-only,261.3981733333334,324.0797866666666,350.46484,0.0,0
mixed,64,4,80.0,3,least-loaded,259.2683466666667,304.23150666666675,313.8273466666667,1831.08056640625,0
mixed,64,4,80.0,3,KV-cost,259.2683466666667,304.23150666666675,313.8273466666667,1831.08056640625,0
mixed,64,4,80.0,3,tree-aware-greedy-oracle,284.04901333333333,311.9201733333333,313.2855066666666,1783.7958984375,0
mixed,64,4,80.0,3,sibling-aware-oracle,284.04901333333333,311.9201733333333,313.2855066666666,1783.7958984375,0
mixed,64,4,80.0,4,local-only,261.8949866666667,328.7605466666667,369.7272133333334,0.0,0
mixed,64,4,80.0,4,least-loaded,257.8176933333335,309.54387999999994,313.26769333333357,1767.85302734375,0
mixed,64,4,80.0,4,KV-cost,257.8176933333335,309.54387999999994,313.26769333333357,1767.85302734375,0
mixed,64,4,80.0,4,tree-aware-greedy-oracle,277.9752266666667,311.71928,313.3621600000005,1767.205078125,0
mixed,64,4,80.0,4,sibling-aware-oracle,277.9237466666663,311.7121600000001,313.36928000000046,1793.89306640625,0
mixed,64,4,80.0,5,local-only,245.26833333333335,322.2277333333335,334.97773333333356,0.0,0
mixed,64,4,80.0,5,least-loaded,242.6183333333332,285.9382266666667,287.1683333333331,1383.42529296875,0
mixed,64,4,80.0,5,KV-cost,242.6183333333332,285.9382266666667,287.1683333333331,1383.42529296875,0
mixed,64,4,80.0,5,tree-aware-greedy-oracle,258.184,285.80066666666676,286.9408666666666,1407.32470703125,0
mixed,64,4,80.0,5,sibling-aware-oracle,258.184,285.80066666666676,286.9408666666666,1407.32470703125,0
mixed,64,4,80.0,6,local-only,263.2040133333335,390.5993599999996,407.6493599999996,0.0,0
mixed,64,4,80.0,6,least-loaded,272.1094533333334,320.18334666666647,327.4833466666665,1810.162109375,0
mixed,64,4,80.0,6,KV-cost,272.1094533333334,320.18334666666647,327.4833466666665,1810.162109375,0
mixed,64,4,80.0,6,tree-aware-greedy-oracle,296.03081333333347,326.6126400000002,327.4793066666669,1879.673828125,0
mixed,64,4,80.0,6,sibling-aware-oracle,296.03081333333347,326.6126400000002,327.4793066666669,1879.673828125,0
mixed,64,4,80.0,7,local-only,236.89565333333326,296.4796533333334,308.6623199999999,0.0,0
mixed,64,4,80.0,7,least-loaded,239.1949466666668,285.19914666666665,288.59632,1555.04833984375,0
mixed,64,4,80.0,7,KV-cost,239.1949466666668,285.19914666666665,288.59632,1555.04833984375,0
mixed,64,4,80.0,7,tree-aware-greedy-oracle,260.0139333333334,286.7708000000002,288.13746666666685,1576.5322265625,0
mixed,64,4,80.0,7,sibling-aware-oracle,260.0139333333334,286.7708000000002,288.13746666666685,1576.5322265625,0
mixed,64,4,80.0,8,local-only,243.92849333333328,340.7675200000001,361.90085333333343,0.0,0
mixed,64,4,80.0,8,least-loaded,252.1784933333332,291.46980000000013,298.6077733333334,1662.060546875,0
mixed,64,4,80.0,8,KV-cost,252.1784933333332,291.46980000000013,298.6077733333334,1662.060546875,0
mixed,64,4,80.0,8,tree-aware-greedy-oracle,267.4870799999999,296.92289333333326,298.38924000000003,1582.8056640625,0
mixed,64,4,80.0,8,sibling-aware-oracle,267.4870799999999,296.92289333333326,298.38924000000003,1582.8056640625,0
mixed,64,4,80.0,9,local-only,266.27532000000014,326.4142799999998,346.90726666666694,0.0,0
mixed,64,4,80.0,9,least-loaded,266.02531999999997,320.3976133333334,324.1572666666667,1884.74560546875,0
mixed,64,4,80.0,9,KV-cost,266.02531999999997,320.3976133333334,324.1572666666667,1884.74560546875,0
mixed,64,4,80.0,9,tree-aware-greedy-oracle,292.94165333333353,322.49572000000023,324.1940666666668,1825.72998046875,0
mixed,64,4,80.0,9,sibling-aware-oracle,292.94165333333353,322.49572000000023,324.1940666666668,1825.72998046875,0
mixed,64,4,80.0,10,local-only,257.9946533333333,311.7902533333334,327.42358666666667,0.0,0
mixed,64,4,80.0,10,least-loaded,254.6619866666667,304.62358666666694,307.90692000000024,1652.70947265625,0
mixed,64,4,80.0,10,KV-cost,254.6619866666667,304.62358666666694,307.90692000000024,1652.70947265625,0
mixed,64,4,80.0,10,tree-aware-greedy-oracle,271.2424933333334,305.7924933333334,307.65709333333336,1663.60009765625,0
mixed,64,4,80.0,10,sibling-aware-oracle,271.2262400000001,305.8095733333333,307.6505066666665,1674.8779296875,0
mixed,64,4,80.0,11,local-only,242.75310666666667,314.38644,321.11230666666665,0.0,0
mixed,64,4,80.0,11,least-loaded,236.51977333333335,288.81977333333333,292.3284933333334,1611.19189453125,0
mixed,64,4,80.0,11,KV-cost,236.51977333333335,288.81977333333333,292.3284933333334,1611.19189453125,0
mixed,64,4,80.0,11,tree-aware-greedy-oracle,260.38899999999995,291.4497066666669,292.15389333333314,1636.25537109375,0
mixed,64,4,80.0,11,sibling-aware-oracle,260.38899999999995,291.4497066666669,292.15389333333314,1636.25537109375,0
mixed,64,4,80.0,12,local-only,242.49348000000003,314.55054666666655,332.3338799999999,0.0,0
mixed,64,4,80.0,12,least-loaded,245.29348,289.1005466666668,293.36721333333344,1720.373046875,0
mixed,64,4,80.0,12,KV-cost,245.29348,289.1005466666668,293.36721333333344,1720.373046875,0
mixed,64,4,80.0,12,tree-aware-greedy-oracle,255.38781333333333,291.00977333333316,293.11636000000016,1737.00390625,0
mixed,64,4,80.0,12,sibling-aware-oracle,255.38781333333333,291.00977333333316,293.11636000000016,1737.00390625,0
mixed,64,4,80.0,13,local-only,230.93213333333333,280.67371999999995,295.44038666666654,0.0,0
mixed,64,4,80.0,13,least-loaded,229.09879999999993,271.7409466666668,273.7570533333335,1554.2109375,0
mixed,64,4,80.0,13,KV-cost,229.09879999999993,271.7409466666668,273.7570533333335,1554.2109375,0
mixed,64,4,80.0,13,tree-aware-greedy-oracle,245.5739066666666,272.60723999999993,273.70723999999996,1532.7841796875,0
mixed,64,4,80.0,13,sibling-aware-oracle,245.5739066666666,272.60723999999993,273.70723999999996,1532.7841796875,0
mixed,64,4,80.0,14,local-only,215.5323466666667,291.85766666666683,314.3076666666668,0.0,0
mixed,64,4,80.0,14,least-loaded,220.3656800000001,262.5940399999999,268.57433333333336,1372.79931640625,0
mixed,64,4,80.0,14,KV-cost,220.3656800000001,262.5940399999999,268.57433333333336,1372.79931640625,0
mixed,64,4,80.0,14,tree-aware-greedy-oracle,238.0389866666667,267.1161066666665,268.7892800000002,1400.58203125,0
mixed,64,4,80.0,14,sibling-aware-oracle,238.0389866666667,267.1161066666665,268.7892800000002,1400.58203125,0
mixed,64,4,80.0,15,local-only,258.3602133333334,314.2435466666668,334.5987866666666,0.0,0
mixed,64,4,80.0,15,least-loaded,256.94846666666666,302.91513333333364,304.8987866666665,1753.52783203125,0
mixed,64,4,80.0,15,KV-cost,256.94846666666666,302.91513333333364,304.8987866666665,1753.52783203125,0
mixed,64,4,80.0,15,tree-aware-greedy-oracle,271.1997066666665,303.13775999999996,304.6710933333333,1699.23583984375,0
mixed,64,4,80.0,15,sibling-aware-oracle,271.1997066666665,303.13775999999996,304.6710933333333,1699.23583984375,0
mixed,64,4,80.0,16,local-only,238.1478400000001,287.14344,306.6886133333335,0.0,0
mixed,64,4,80.0,16,least-loaded,238.81232000000008,288.4934399999999,291.21232000000003,1678.2431640625,0
mixed,64,4,80.0,16,KV-cost,238.81232000000008,288.4934399999999,291.21232000000003,1678.2431640625,0
mixed,64,4,80.0,16,tree-aware-greedy-oracle,259.4028533333334,289.60285333333326,291.1695199999999,1623.3232421875,0
mixed,64,4,80.0,16,sibling-aware-oracle,258.69570666666675,289.63618666666656,291.2028533333332,1692.51513671875,0
mixed,64,4,80.0,17,local-only,226.5110666666665,301.3943999999999,315.02773333333323,0.0,0
mixed,64,4,80.0,17,least-loaded,228.99763999999985,273.93264,277.0578933333333,1604.51416015625,0
mixed,64,4,80.0,17,KV-cost,228.99763999999985,273.93264,277.0578933333333,1604.51416015625,0
mixed,64,4,80.0,17,tree-aware-greedy-oracle,242.27273333333335,275.60883999999993,276.95606666666663,1619.95556640625,0
mixed,64,4,80.0,17,sibling-aware-oracle,242.27273333333335,275.60883999999993,276.95606666666663,1619.95556640625,0
mixed,64,4,80.0,18,local-only,255.89471999999986,322.5053066666668,340.6447199999999,0.0,0
mixed,64,4,80.0,18,least-loaded,252.36138666666668,301.23248,305.40530666666683,1758.5166015625,0
mixed,64,4,80.0,18,KV-cost,252.36138666666668,301.23248,305.40530666666683,1758.5166015625,0
mixed,64,4,80.0,18,tree-aware-greedy-oracle,274.29972000000004,303.8160666666668,304.88793333333336,1745.6298828125,0
mixed,64,4,80.0,18,sibling-aware-oracle,274.29972,303.83273333333346,304.8994000000001,1764.69287109375,0
mixed,64,4,80.0,19,local-only,213.1753466666666,262.5618533333332,281.11185333333316,0.0,0
mixed,64,4,80.0,19,least-loaded,214.97664000000006,258.66897333333327,263.07663999999994,1445.02783203125,0
mixed,64,4,80.0,19,KV-cost,214.97664000000006,258.66897333333327,263.07663999999994,1445.02783203125,0
mixed,64,4,80.0,19,tree-aware-greedy-oracle,225.57553333333337,261.20500000000004,263.5066000000001,1423.556640625,0
mixed,64,4,80.0,19,sibling-aware-oracle,225.57553333333337,261.20500000000004,263.5066000000001,1423.556640625,0
